run_id,sample_id,sampled_at,axis,observed,normalized,standardized,predicted,residual,detector_status
b0f4ef1f-861d-4ce4-9500-bb53eff77c24,39733,2022-10-18 10:45:00.628000+00:00,j1,3.2287388920975872,0.13675707844356194,1.1576728905469578,0.7210344757070549,2.507704416390532,Normal
b0f4ef1f-861d-4ce4-9500-bb53eff77c24,39733,2022-10-18 10:45:00.628000+00:00,j2,0.3174398180495288,0.006138464335906475,-0.47906887890374567,3.701170802315889,-3.3837309842663603,Normal
b0f4ef1f-861d-4ce4-9500-bb53eff77c24,39733,2022-10-18 10:45:00.628000+00:00,j3,10.931071182101997,0.2611617472589543,1.6081764352228958,2.6872199725394044,8.243851209562592,Normal
b0f4ef1f-861d-4ce4-9500-bb53eff77c24,39733,2022-10-18 10:45:00.628000+00:00,j4,0.2054540237627945,0.013114393555772232,-0.26336525309346476,0.6357871003003983,-0.4303330765376038,Normal
b0f4ef1f-861d-4ce4-9500-bb53eff77c24,39733,2022-10-18 10:45:00.628000+00:00,j5,5.433276363712899,0.26183505393117645,2.132578796890937,0.957874495531685,4.475401868181214,Normal
b0f4ef1f-861d-4ce4-9500-bb53eff77c24,39733,2022-10-18 10:45:00.628000+00:00,j6,7.255290001891082,0.34662196840401094,3.666182573588243,0.6184111235904678,6.636878878300615,Normal
b0f4ef1f-861d-4ce4-9500-bb53eff77c24,39733,2022-10-18 10:45:00.628000+00:00,j7,0.3516529917981417,0.04336854648443872,-0.23929129193815507,0.8923014139976836,-0.5406484221995419,Normal
b0f4ef1f-861d-4ce4-9500-bb53eff77c24,39733,2022-10-18 10:45:00.628000+00:00,j8,0.0571930344095103,0.009684476942297583,-0.10641608532801869,0.10561559593693082,-0.04842256152742052,Normal
b0f4ef1f-861d-4ce4-9500-bb53eff77c24,39734,2022-10-18 10:45:02.628000+00:00,j1,0.3872739129170932,0.01640344749387289,-0.15654696209980853,0.7210342403613416,-0.3337603274442484,Normal
b0f4ef1f-861d-4ce4-9500-bb53eff77c24,39734,2022-10-18 10:45:02.628000+00:00,j2,10.731423983640934,0.20751795978787116,1.034619109431449,3.701175190722724,7.03024879291821,Normal
b0f4ef1f-861d-4ce4-9500-bb53eff77c24,39734,2022-10-18 10:45:02.628000+00:00,j3,8.197506667525564,0.19585227548085762,1.0734244812159681,2.687218817102212,5.510287850423352,Normal
b0f4ef1f-861d-4ce4-9500-bb53eff77c24,39734,2022-10-18 10:45:02.628000+00:00,j4,0.0,0.0,-0.39382245731214677,0.6357878783072912,-0.6357878783072912,Normal
b0f4ef1f-861d-4ce4-9500-bb53eff77c24,39734,2022-10-18 10:45:02.628000+00:00,j5,1.9856383156772093,0.09568990801672851,0.49097101150919725,0.9578746631552427,1.0277636525219664,Normal
b0f4ef1f-861d-4ce4-9500-bb53eff77c24,39734,2022-10-18 10:45:02.628000+00:00,j6,0.5744584285618928,0.027444790107976087,-0.013753225408240399,0.6184120724815622,-0.04395364391966938,Normal
b0f4ef1f-861d-4ce4-9500-bb53eff77c24,39734,2022-10-18 10:45:02.628000+00:00,j7,0.085036715215213,0.010487380522022994,-0.36233832847304775,0.8923025214349144,-0.8072658062197013,Normal
b0f4ef1f-861d-4ce4-9500-bb53eff77c24,39734,2022-10-18 10:45:02.628000+00:00,j8,0.0192499726577933,0.0032595912818582404,-0.19610116210417478,0.10561576593670574,-0.08636579327891244,Normal
b0f4ef1f-861d-4ce4-9500-bb53eff77c24,39735,2022-10-18 10:45:04.628000+00:00,j1,1.0167319615147148,0.04306489228883172,0.13458675587192348,0.7210340050156282,0.2956979564990866,Normal
b0f4ef1f-861d-4ce4-9500-bb53eff77c24,39735,2022-10-18 10:45:04.628000+00:00,j2,28.25170777482685,0.5463148941736351,3.5812182500914505,3.7011795791295587,24.550528195697293,Normal
b0f4ef1f-861d-4ce4-9500-bb53eff77c24,39735,2022-10-18 10:45:04.628000+00:00,j3,13.760364207647198,0.32875833479822514,2.1616552230110466,2.68721766166502,11.073146545982178,Normal
b0f4ef1f-861d-4ce4-9500-bb53eff77c24,39735,2022-10-18 10:45:04.628000+00:00,j4,2.173821230428024,0.13875779414590708,0.9864894733038867,0.6357886563141841,1.5380325741138399,Normal
b0f4ef1f-861d-4ce4-9500-bb53eff77c24,39735,2022-10-18 10:45:04.628000+00:00,j5,3.169269801348184,0.152730300063621,1.0545622687200564,0.9578748307788004,2.211394970569384,Normal
b0f4ef1f-861d-4ce4-9500-bb53eff77c24,39735,2022-10-18 10:45:04.628000+00:00,j6,0.0796053478770265,0.0038031508553660717,-0.28632821055316315,0.6184130213726566,-0.5388076734956302,Normal
b0f4ef1f-861d-4ce4-9500-bb53eff77c24,39735,2022-10-18 10:45:04.628000+00:00,j7,7.528194997362115,0.928434798798556,3.0727804152749503,0.8923036288721452,6.635891368489969,Normal
b0f4ef1f-861d-4ce4-9500-bb53eff77c24,39735,2022-10-18 10:45:04.628000+00:00,j8,0.0595240739318646,0.010079191066821648,-0.10090626485283946,0.10561593593648066,-0.04609186200461606,Normal
b0f4ef1f-861d-4ce4-9500-bb53eff77c24,39736,2022-10-18 10:45:06.628000+00:00,j1,0.3084505638177224,0.013064790731522,-0.1930039344705806,0.7210337696699148,-0.41258320585219244,Normal
b0f4ef1f-861d-4ce4-9500-bb53eff77c24,39736,2022-10-18 10:45:06.628000+00:00,j2,11.25184218615976,0.21758150063648624,1.1102626642456122,3.7011839675363936,7.550658218623366,Normal
b0f4ef1f-861d-4ce4-9500-bb53eff77c24,39736,2022-10-18 10:45:06.628000+00:00,j3,5.95751835662718,0.14233517259420683,0.6352280824047281,2.687216506227828,3.2703018503993517,Normal
b0f4ef1f-861d-4ce4-9500-bb53eff77c24,39736,2022-10-18 10:45:06.628000+00:00,j4,0.7719664068736596,0.04927560476140886,0.0963532878353493,0.6357894343210772,0.13617697255258243,Normal
b0f4ef1f-861d-4ce4-9500-bb53eff77c24,39736,2022-10-18 10:45:06.628000+00:00,j5,0.2920498780951575,0.014074177432304045,-0.31543845654712366,0.9578749984023581,-0.6658251203072006,Normal
b0f4ef1f-861d-4ce4-9500-bb53eff77c24,39736,2022-10-18 10:45:06.628000+00:00,j6,0.7675464428893685,0.03666958299481681,0.0926035190301981,0.618413970263751,0.14913247262561746,Normal
b0f4ef1f-861d-4ce4-9500-bb53eff77c24,39736,2022-10-18 10:45:06.628000+00:00,j7,0.3818347521581593,0.04709079286847342,-0.22536199918339964,0.8923047363093761,-0.5104699841512168,Normal
b0f4ef1f-861d-4ce4-9500-bb53eff77c24,39736,2022-10-18 10:45:06.628000+00:00,j8,0.0611553214889651,0.010355409657372461,-0.09705052534091525,0.10561610593625557,-0.04446078444729047,Normal
b0f4ef1f-861d-4ce4-9500-bb53eff77c24,39737,2022-10-18 10:45:08.628000+00:00,j1,1.5991558758199014,0.06773415034837549,0.40396648655467626,0.7210335343242014,0.8781223414957,Normal
b0f4ef1f-861d-4ce4-9500-bb53eff77c24,39737,2022-10-18 10:45:08.628000+00:00,j2,22.791316989549163,0.44072507150586343,2.7875423800435306,3.701188355943229,19.090128633605936,Normal
b0f4ef1f-861d-4ce4-9500-bb53eff77c24,39737,2022-10-18 10:45:08.628000+00:00,j3,7.430495932983014,0.17752709396273791,0.923378456381441,2.687215350790636,4.743280582192378,Normal
b0f4ef1f-861d-4ce4-9500-bb53eff77c24,39737,2022-10-18 10:45:08.628000+00:00,j4,2.3396933397756854,0.14934562339388913,1.0918133372372347,0.6357902123279701,1.7039031274477154,Normal
b0f4ef1f-861d-4ce4-9500-bb53eff77c24,39737,2022-10-18 10:45:08.628000+00:00,j5,1.8861035749635344,0.09089322872817836,0.44357711371745606,0.9578751660259158,0.9282284089376186,Normal
b0f4ef1f-861d-4ce4-9500-bb53eff77c24,39737,2022-10-18 10:45:08.628000+00:00,j6,0.184688552256253,0.008823508020777042,-0.2284462775297147,0.6184149191548454,-0.43372636689859234,Normal
b0f4ef1f-861d-4ce4-9500-bb53eff77c24,39737,2022-10-18 10:45:08.628000+00:00,j7,7.576688814098694,0.9344154285511828,3.095160971016626,0.8923058437466069,6.684382970352087,Normal
b0f4ef1f-861d-4ce4-9500-bb53eff77c24,39737,2022-10-18 10:45:08.628000+00:00,j8,0.0586084597341591,0.009924150428092316,-0.10307047948991578,0.1056162759360305,-0.047007816201871395,Normal
b0f4ef1f-861d-4ce4-9500-bb53eff77c24,39738,2022-10-18 10:45:10.628000+00:00,j1,2.2963719725542973,0.0972655679140973,0.7264393104771797,0.721033298978488,1.5753386735758093,Normal
b0f4ef1f-861d-4ce4-9500-bb53eff77c24,39738,2022-10-18 10:45:10.628000+00:00,j2,27.766698279179792,0.5369360660546594,3.5107214031483602,3.7011927443500636,24.06550553482973,Normal
b0f4ef1f-861d-4ce4-9500-bb53eff77c24,39738,2022-10-18 10:45:10.628000+00:00,j3,1.9017147210660807,0.04543517566282904,-0.15818612370584648,2.6872141953534436,-0.7854994742873629,Normal
b0f4ef1f-861d-4ce4-9500-bb53eff77c24,39738,2022-10-18 10:45:10.628000+00:00,j4,0.2817530537178298,0.017984658388887603,-0.21491763473957254,0.635790990334863,-0.35403793661703314,Normal
b0f4ef1f-861d-4ce4-9500-bb53eff77c24,39738,2022-10-18 10:45:10.628000+00:00,j5,2.804361308385353,0.13514499268389943,0.8808095096852137,0.9578753336494736,1.8464859747358793,Normal
b0f4ef1f-861d-4ce4-9500-bb53eff77c24,39738,2022-10-18 10:45:10.628000+00:00,j6,8.612653187485009,0.4114700859991825,4.4138453943137,0.6184158680459397,7.994237319439069,Normal
b0f4ef1f-861d-4ce4-9500-bb53eff77c24,39738,2022-10-18 10:45:10.628000+00:00,j7,0.490790143503931,0.06052800814751112,-0.17507760472923478,0.8923069511838377,-0.4015168076799067,Normal
b0f4ef1f-861d-4ce4-9500-bb53eff77c24,39738,2022-10-18 10:45:10.628000+00:00,j8,0.057127746298509,0.00967342172880653,-0.10657040522149583,0.10561644593580542,-0.04848869963729642,Normal
b0f4ef1f-861d-4ce4-9500-bb53eff77c24,39739,2022-10-18 10:45:12.628000+00:00,j1,0.5313925491068124,0.02250776385182163,-0.08988994742439571,0.7210330636327746,-0.1896405145259622,Normal
b0f4ef1f-861d-4ce4-9500-bb53eff77c24,39739,2022-10-18 10:45:12.628000+00:00,j2,11.097130504277011,0.21458977720550448,1.0877750926498324,3.7011971327568984,7.395933371520113,Normal
b0f4ef1f-861d-4ce4-9500-bb53eff77c24,39739,2022-10-18 10:45:12.628000+00:00,j3,3.272640769202923,0.07818891371189213,0.11000047995064954,2.687213039916252,0.5854277292866712,Normal
b0f4ef1f-861d-4ce4-9500-bb53eff77c24,39739,2022-10-18 10:45:12.628000+00:00,j4,2.716976721543061,0.17342810501158928,1.3313770813884191,0.635791768341756,2.081184953201305,Normal
b0f4ef1f-861d-4ce4-9500-bb53eff77c24,39739,2022-10-18 10:45:12.628000+00:00,j5,0.7249220322145816,0.0349347220157036,-0.1093245059593342,0.9578755012730313,-0.2329534690584497,Normal
b0f4ef1f-861d-4ce4-9500-bb53eff77c24,39739,2022-10-18 10:45:12.628000+00:00,j6,0.6764495542276957,0.03231742300463589,0.04242552874803412,0.6184168169370341,0.05803273729066161,Normal
b0f4ef1f-861d-4ce4-9500-bb53eff77c24,39739,2022-10-18 10:45:12.628000+00:00,j7,0.1550908298377577,0.019126991721969803,-0.3300074021250509,0.8923080586210685,-0.7372172287833109,Normal
b0f4ef1f-861d-4ce4-9500-bb53eff77c24,39739,2022-10-18 10:45:12.628000+00:00,j8,2.794296119430474,0.4731572055578183,6.363206791461845,0.10561661593558033,2.688679503494894,Normal
b0f4ef1f-861d-4ce4-9500-bb53eff77c24,39740,2022-10-18 10:45:14.628000+00:00,j1,1.3355578461120778,0.05656914208011579,0.2820484737342239,0.7210328282870613,0.6145250178250166,Normal
b0f4ef1f-861d-4ce4-9500-bb53eff77c24,39740,2022-10-18 10:45:14.628000+00:00,j2,3.5974358554439663,0.06956509688998282,-0.0023166076649077877,3.7012015211637332,-0.10376566571976698,Normal
b0f4ef1f-861d-4ce4-9500-bb53eff77c24,39740,2022-10-18 10:45:14.628000+00:00,j3,10.32857357695644,0.2467670621766007,1.4903131947842467,2.68721188447906,7.64136169247738,Normal
b0f4ef1f-861d-4ce4-9500-bb53eff77c24,39740,2022-10-18 10:45:14.628000+00:00,j4,1.1533812847543956,0.07362180506912261,0.3385404093354809,0.6357925463486489,0.5175887384057467,Normal
b0f4ef1f-861d-4ce4-9500-bb53eff77c24,39740,2022-10-18 10:45:14.628000+00:00,j5,10.088021047229097,0.4861518829782185,4.3489556337163995,0.957875668896589,9.130145378332507,Normal
b0f4ef1f-861d-4ce4-9500-bb53eff77c24,39740,2022-10-18 10:45:14.628000+00:00,j6,1.086060270868509,0.051886602574909346,0.2680473129936734,0.6184177658281285,0.4676425050403805,Normal
b0f4ef1f-861d-4ce4-9500-bb53eff77c24,39740,2022-10-18 10:45:14.628000+00:00,j7,3.7789077098103623,0.4660439083293493,1.3424333570836486,0.8923091660582995,2.8865985437520627,Normal
b0f4ef1f-861d-4ce4-9500-bb53eff77c24,39740,2022-10-18 10:45:14.628000+00:00,j8,1.1066402952984855,0.18738702245624275,2.37413645366405,0.10561678593535526,1.0010235093631303,Normal
b0f4ef1f-861d-4ce4-9500-bb53eff77c24,39741,2022-10-18 10:45:16.628000+00:00,j1,4.135207393255053,0.17515163063941128,1.5769280665736853,0.7210325929413479,3.414174800313705,Normal
b0f4ef1f-861d-4ce4-9500-bb53eff77c24,39741,2022-10-18 10:45:16.628000+00:00,j2,4.023497743043225,0.07780403086489134,0.05961211733520296,3.701205909570568,0.322291833472657,Normal
b0f4ef1f-861d-4ce4-9500-bb53eff77c24,39741,2022-10-18 10:45:16.628000+00:00,j3,6.9656207468897255,0.16642044084202257,0.83243752090795,2.6872107290418676,4.2784100178478575,Normal
b0f4ef1f-861d-4ce4-9500-bb53eff77c24,39741,2022-10-18 10:45:16.628000+00:00,j4,0.7751282094157539,0.04947742666843823,0.09836093856118454,0.6357933243555418,0.13933488506021208,Normal
b0f4ef1f-861d-4ce4-9500-bb53eff77c24,39741,2022-10-18 10:45:16.628000+00:00,j5,0.8148871747224059,0.03927023273954332,-0.06648721379115902,0.9578758365201467,-0.14298866179774083,Normal
b0f4ef1f-861d-4ce4-9500-bb53eff77c24,39741,2022-10-18 10:45:16.628000+00:00,j6,0.8665449559418339,0.041399243622355,0.14713388223880783,0.6184187147192228,0.24812624122261107,Normal
b0f4ef1f-861d-4ce4-9500-bb53eff77c24,39741,2022-10-18 10:45:16.628000+00:00,j7,0.7165735199791263,0.08837334740655786,-0.07087550675464455,0.8923102734955303,-0.17573675351640394,Normal
b0f4ef1f-861d-4ce4-9500-bb53eff77c24,39741,2022-10-18 10:45:16.628000+00:00,j8,0.1151282097629178,0.019494620356628207,0.03052385598747863,0.10561695593513018,0.009511253827787614,Normal
b0f4ef1f-861d-4ce4-9500-bb53eff77c24,39742,2022-10-18 10:45:18.628000+00:00,j1,0.2779141984990024,0.01177138663573263,-0.2071274580133942,0.7210323575956344,-0.44311815909663205,Normal
b0f4ef1f-861d-4ce4-9500-bb53eff77c24,39742,2022-10-18 10:45:18.628000+00:00,j2,0.0,0.0,-0.5252092255722672,3.701210297977403,-3.701210297977403,Normal
b0f4ef1f-861d-4ce4-9500-bb53eff77c24,39742,2022-10-18 10:45:18.628000+00:00,j3,0.0,0.0,-0.5302079500176364,2.6872095736046755,-2.6872095736046755,Normal
b0f4ef1f-861d-4ce4-9500-bb53eff77c24,39742,2022-10-18 10:45:18.628000+00:00,j4,0.0,0.0,-0.39382245731214677,0.6357941023624348,-0.6357941023624348,Normal
b0f4ef1f-861d-4ce4-9500-bb53eff77c24,39742,2022-10-18 10:45:18.628000+00:00,j5,0.0,0.0,-0.4544992706235773,0.9578760041437044,-0.9578760041437044,Normal
b0f4ef1f-861d-4ce4-9500-bb53eff77c24,39742,2022-10-18 10:45:18.628000+00:00,j6,0.0,0.0,-0.3301764300792632,0.6184196636103172,-0.6184196636103172,Normal
b0f4ef1f-861d-4ce4-9500-bb53eff77c24,39742,2022-10-18 10:45:18.628000+00:00,j7,0.0,0.0,-0.40158392869670473,0.8923113809327611,-0.8923113809327611,Normal
b0f4ef1f-861d-4ce4-9500-bb53eff77c24,39742,2022-10-18 10:45:18.628000+00:00,j8,0.0,0.0,-0.24160184644668103,0.10561712593490509,-0.10561712593490509,Normal
b0f4ef1f-861d-4ce4-9500-bb53eff77c24,39743,2022-10-18 10:45:20.628000+00:00,j1,0.0,0.0,-0.3356669120189621,0.7210321222499211,-0.7210321222499211,Normal
b0f4ef1f-861d-4ce4-9500-bb53eff77c24,39743,2022-10-18 10:45:20.628000+00:00,j2,0.0,0.0,-0.5252092255722672,3.7012146863842377,-3.7012146863842377,Normal
b0f4ef1f-861d-4ce4-9500-bb53eff77c24,39743,2022-10-18 10:45:20.628000+00:00,j3,0.0,0.0,-0.5302079500176364,2.6872084181674833,-2.6872084181674833,Normal
b0f4ef1f-861d-4ce4-9500-bb53eff77c24,39743,2022-10-18 10:45:20.628000+00:00,j4,0.0,0.0,-0.39382245731214677,0.6357948803693277,-0.6357948803693277,Normal
b0f4ef1f-861d-4ce4-9500-bb53eff77c24,39743,2022-10-18 10:45:20.628000+00:00,j5,0.0,0.0,-0.4544992706235773,0.9578761717672621,-0.9578761717672621,Normal
b0f4ef1f-861d-4ce4-9500-bb53eff77c24,39743,2022-10-18 10:45:20.628000+00:00,j6,0.0,0.0,-0.3301764300792632,0.6184206125014117,-0.6184206125014117,Normal
b0f4ef1f-861d-4ce4-9500-bb53eff77c24,39743,2022-10-18 10:45:20.628000+00:00,j7,0.0,0.0,-0.40158392869670473,0.892312488369992,-0.892312488369992,Normal
b0f4ef1f-861d-4ce4-9500-bb53eff77c24,39743,2022-10-18 10:45:20.628000+00:00,j8,0.0,0.0,-0.24160184644668103,0.10561729593468001,-0.10561729593468001,Normal
b0f4ef1f-861d-4ce4-9500-bb53eff77c24,39744,2022-10-18 10:45:22.628000+00:00,j1,0.0,0.0,-0.3356669120189621,0.7210318869042077,-0.7210318869042077,Normal
b0f4ef1f-861d-4ce4-9500-bb53eff77c24,39744,2022-10-18 10:45:22.628000+00:00,j2,0.0,0.0,-0.5252092255722672,3.7012190747910725,-3.7012190747910725,Normal
b0f4ef1f-861d-4ce4-9500-bb53eff77c24,39744,2022-10-18 10:45:22.628000+00:00,j3,0.0,0.0,-0.5302079500176364,2.687207262730291,-2.687207262730291,Normal
b0f4ef1f-861d-4ce4-9500-bb53eff77c24,39744,2022-10-18 10:45:22.628000+00:00,j4,0.0,0.0,-0.39382245731214677,0.6357956583762207,-0.6357956583762207,Normal
b0f4ef1f-861d-4ce4-9500-bb53eff77c24,39744,2022-10-18 10:45:22.628000+00:00,j5,0.0,0.0,-0.4544992706235773,0.95787633939082,-0.95787633939082,Normal
b0f4ef1f-861d-4ce4-9500-bb53eff77c24,39744,2022-10-18 10:45:22.628000+00:00,j6,0.0,0.0,-0.3301764300792632,0.618421561392506,-0.618421561392506,Normal
b0f4ef1f-861d-4ce4-9500-bb53eff77c24,39744,2022-10-18 10:45:22.628000+00:00,j7,0.0,0.0,-0.40158392869670473,0.8923135958072228,-0.8923135958072228,Normal
b0f4ef1f-861d-4ce4-9500-bb53eff77c24,39744,2022-10-18 10:45:22.628000+00:00,j8,0.0,0.0,-0.24160184644668103,0.10561746593445494,-0.10561746593445494,Normal
b0f4ef1f-861d-4ce4-9500-bb53eff77c24,39745,2022-10-18 10:45:24.628000+00:00,j1,0.0,0.0,-0.3356669120189621,0.7210316515584944,-0.7210316515584944,Normal
b0f4ef1f-861d-4ce4-9500-bb53eff77c24,39745,2022-10-18 10:45:24.628000+00:00,j2,0.0,0.0,-0.5252092255722672,3.7012234631979073,-3.7012234631979073,Normal
b0f4ef1f-861d-4ce4-9500-bb53eff77c24,39745,2022-10-18 10:45:24.628000+00:00,j3,0.0,0.0,-0.5302079500176364,2.6872061072930995,-2.6872061072930995,Normal
b0f4ef1f-861d-4ce4-9500-bb53eff77c24,39745,2022-10-18 10:45:24.628000+00:00,j4,0.0,0.0,-0.39382245731214677,0.6357964363831137,-0.6357964363831137,Normal
b0f4ef1f-861d-4ce4-9500-bb53eff77c24,39745,2022-10-18 10:45:24.628000+00:00,j5,0.0,0.0,-0.4544992706235773,0.9578765070143777,-0.9578765070143777,Normal
b0f4ef1f-861d-4ce4-9500-bb53eff77c24,39745,2022-10-18 10:45:24.628000+00:00,j6,0.0,0.0,-0.3301764300792632,0.6184225102836004,-0.6184225102836004,Normal
b0f4ef1f-861d-4ce4-9500-bb53eff77c24,39745,2022-10-18 10:45:24.628000+00:00,j7,0.0,0.0,-0.40158392869670473,0.8923147032444536,-0.8923147032444536,Normal
b0f4ef1f-861d-4ce4-9500-bb53eff77c24,39745,2022-10-18 10:45:24.628000+00:00,j8,0.0,0.0,-0.24160184644668103,0.10561763593422985,-0.10561763593422985,Normal
b0f4ef1f-861d-4ce4-9500-bb53eff77c24,39746,2022-10-18 10:45:26.628000+00:00,j1,0.0,0.0,-0.3356669120189621,0.721031416212781,-0.721031416212781,Normal
b0f4ef1f-861d-4ce4-9500-bb53eff77c24,39746,2022-10-18 10:45:26.628000+00:00,j2,0.0,0.0,-0.5252092255722672,3.701227851604742,-3.701227851604742,Normal
b0f4ef1f-861d-4ce4-9500-bb53eff77c24,39746,2022-10-18 10:45:26.628000+00:00,j3,0.0,0.0,-0.5302079500176364,2.6872049518559074,-2.6872049518559074,Normal
b0f4ef1f-861d-4ce4-9500-bb53eff77c24,39746,2022-10-18 10:45:26.628000+00:00,j4,0.0,0.0,-0.39382245731214677,0.6357972143900066,-0.6357972143900066,Normal
b0f4ef1f-861d-4ce4-9500-bb53eff77c24,39746,2022-10-18 10:45:26.628000+00:00,j5,0.0,0.0,-0.4544992706235773,0.9578766746379354,-0.9578766746379354,Normal
b0f4ef1f-861d-4ce4-9500-bb53eff77c24,39746,2022-10-18 10:45:26.628000+00:00,j6,0.0,0.0,-0.3301764300792632,0.6184234591746948,-0.6184234591746948,Normal
b0f4ef1f-861d-4ce4-9500-bb53eff77c24,39746,2022-10-18 10:45:26.628000+00:00,j7,0.0,0.0,-0.40158392869670473,0.8923158106816845,-0.8923158106816845,Normal
b0f4ef1f-861d-4ce4-9500-bb53eff77c24,39746,2022-10-18 10:45:26.628000+00:00,j8,0.0,0.0,-0.24160184644668103,0.10561780593400477,-0.10561780593400477,Normal
b0f4ef1f-861d-4ce4-9500-bb53eff77c24,39747,2022-10-18 10:45:28.628000+00:00,j1,0.0,0.0,-0.3356669120189621,0.7210311808670675,-0.7210311808670675,Normal
b0f4ef1f-861d-4ce4-9500-bb53eff77c24,39747,2022-10-18 10:45:28.628000+00:00,j2,0.0,0.0,-0.5252092255722672,3.7012322400115774,-3.7012322400115774,Normal
b0f4ef1f-861d-4ce4-9500-bb53eff77c24,39747,2022-10-18 10:45:28.628000+00:00,j3,0.0,0.0,-0.5302079500176364,2.687203796418715,-2.687203796418715,Normal
b0f4ef1f-861d-4ce4-9500-bb53eff77c24,39747,2022-10-18 10:45:28.628000+00:00,j4,0.0,0.0,-0.39382245731214677,0.6357979923968995,-0.6357979923968995,Normal
b0f4ef1f-861d-4ce4-9500-bb53eff77c24,39747,2022-10-18 10:45:28.628000+00:00,j5,0.0,0.0,-0.4544992706235773,0.9578768422614931,-0.9578768422614931,Normal
b0f4ef1f-861d-4ce4-9500-bb53eff77c24,39747,2022-10-18 10:45:28.628000+00:00,j6,0.0,0.0,-0.3301764300792632,0.6184244080657891,-0.6184244080657891,Normal
b0f4ef1f-861d-4ce4-9500-bb53eff77c24,39747,2022-10-18 10:45:28.628000+00:00,j7,0.0,0.0,-0.40158392869670473,0.8923169181189153,-0.8923169181189153,Normal
b0f4ef1f-861d-4ce4-9500-bb53eff77c24,39747,2022-10-18 10:45:28.628000+00:00,j8,0.0,0.0,-0.24160184644668103,0.1056179759337797,-0.1056179759337797,Normal
b0f4ef1f-861d-4ce4-9500-bb53eff77c24,39748,2022-10-18 10:45:30.628000+00:00,j1,0.0,0.0,-0.3356669120189621,0.7210309455213542,-0.7210309455213542,Normal
b0f4ef1f-861d-4ce4-9500-bb53eff77c24,39748,2022-10-18 10:45:30.628000+00:00,j2,0.0,0.0,-0.5252092255722672,3.701236628418412,-3.701236628418412,Normal
b0f4ef1f-861d-4ce4-9500-bb53eff77c24,39748,2022-10-18 10:45:30.628000+00:00,j3,0.0,0.0,-0.5302079500176364,2.687202640981523,-2.687202640981523,Normal
b0f4ef1f-861d-4ce4-9500-bb53eff77c24,39748,2022-10-18 10:45:30.628000+00:00,j4,0.0,0.0,-0.39382245731214677,0.6357987704037925,-0.6357987704037925,Normal
b0f4ef1f-861d-4ce4-9500-bb53eff77c24,39748,2022-10-18 10:45:30.628000+00:00,j5,0.0,0.0,-0.4544992706235773,0.9578770098850508,-0.9578770098850508,Normal
b0f4ef1f-861d-4ce4-9500-bb53eff77c24,39748,2022-10-18 10:45:30.628000+00:00,j6,0.0,0.0,-0.3301764300792632,0.6184253569568835,-0.6184253569568835,Normal
b0f4ef1f-861d-4ce4-9500-bb53eff77c24,39748,2022-10-18 10:45:30.628000+00:00,j7,0.0,0.0,-0.40158392869670473,0.8923180255561461,-0.8923180255561461,Normal
b0f4ef1f-861d-4ce4-9500-bb53eff77c24,39748,2022-10-18 10:45:30.628000+00:00,j8,0.0,0.0,-0.24160184644668103,0.1056181459335546,-0.1056181459335546,Normal
b0f4ef1f-861d-4ce4-9500-bb53eff77c24,39749,2022-10-18 10:45:32.628000+00:00,j1,0.0,0.0,-0.3356669120189621,0.7210307101756408,-0.7210307101756408,Normal
b0f4ef1f-861d-4ce4-9500-bb53eff77c24,39749,2022-10-18 10:45:32.628000+00:00,j2,0.0,0.0,-0.5252092255722672,3.701241016825247,-3.701241016825247,Normal
b0f4ef1f-861d-4ce4-9500-bb53eff77c24,39749,2022-10-18 10:45:32.628000+00:00,j3,0.0,0.0,-0.5302079500176364,2.687201485544331,-2.687201485544331,Normal
b0f4ef1f-861d-4ce4-9500-bb53eff77c24,39749,2022-10-18 10:45:32.628000+00:00,j4,0.0,0.0,-0.39382245731214677,0.6357995484106854,-0.6357995484106854,Normal
b0f4ef1f-861d-4ce4-9500-bb53eff77c24,39749,2022-10-18 10:45:32.628000+00:00,j5,0.0,0.0,-0.4544992706235773,0.9578771775086086,-0.9578771775086086,Normal
b0f4ef1f-861d-4ce4-9500-bb53eff77c24,39749,2022-10-18 10:45:32.628000+00:00,j6,0.0,0.0,-0.3301764300792632,0.6184263058479779,-0.6184263058479779,Normal
b0f4ef1f-861d-4ce4-9500-bb53eff77c24,39749,2022-10-18 10:45:32.628000+00:00,j7,0.0,0.0,-0.40158392869670473,0.892319132993377,-0.892319132993377,Normal
b0f4ef1f-861d-4ce4-9500-bb53eff77c24,39749,2022-10-18 10:45:32.628000+00:00,j8,0.0,0.0,-0.24160184644668103,0.10561831593332953,-0.10561831593332953,Normal
b0f4ef1f-861d-4ce4-9500-bb53eff77c24,39750,2022-10-18 10:45:34.628000+00:00,j1,0.0,0.0,-0.3356669120189621,0.7210304748299274,-0.7210304748299274,Normal
b0f4ef1f-861d-4ce4-9500-bb53eff77c24,39750,2022-10-18 10:45:34.628000+00:00,j2,0.0,0.0,-0.5252092255722672,3.701245405232082,-3.701245405232082,Normal
b0f4ef1f-861d-4ce4-9500-bb53eff77c24,39750,2022-10-18 10:45:34.628000+00:00,j3,0.0,0.0,-0.5302079500176364,2.6872003301071388,-2.6872003301071388,Normal
b0f4ef1f-861d-4ce4-9500-bb53eff77c24,39750,2022-10-18 10:45:34.628000+00:00,j4,0.0,0.0,-0.39382245731214677,0.6358003264175783,-0.6358003264175783,Normal
b0f4ef1f-861d-4ce4-9500-bb53eff77c24,39750,2022-10-18 10:45:34.628000+00:00,j5,0.0,0.0,-0.4544992706235773,0.9578773451321663,-0.9578773451321663,Normal
b0f4ef1f-861d-4ce4-9500-bb53eff77c24,39750,2022-10-18 10:45:34.628000+00:00,j6,0.0,0.0,-0.3301764300792632,0.6184272547390723,-0.6184272547390723,Normal
b0f4ef1f-861d-4ce4-9500-bb53eff77c24,39750,2022-10-18 10:45:34.628000+00:00,j7,0.0,0.0,-0.40158392869670473,0.8923202404306079,-0.8923202404306079,Normal
b0f4ef1f-861d-4ce4-9500-bb53eff77c24,39750,2022-10-18 10:45:34.628000+00:00,j8,0.0,0.0,-0.24160184644668103,0.10561848593310445,-0.10561848593310445,Normal
b0f4ef1f-861d-4ce4-9500-bb53eff77c24,39751,2022-10-18 10:45:36.628000+00:00,j1,0.0,0.0,-0.3356669120189621,0.721030239484214,-0.721030239484214,Normal
b0f4ef1f-861d-4ce4-9500-bb53eff77c24,39751,2022-10-18 10:45:36.628000+00:00,j2,0.0,0.0,-0.5252092255722672,3.7012497936389166,-3.7012497936389166,Normal
b0f4ef1f-861d-4ce4-9500-bb53eff77c24,39751,2022-10-18 10:45:36.628000+00:00,j3,0.0,0.0,-0.5302079500176364,2.687199174669947,-2.687199174669947,Normal
b0f4ef1f-861d-4ce4-9500-bb53eff77c24,39751,2022-10-18 10:45:36.628000+00:00,j4,0.0,0.0,-0.39382245731214677,0.6358011044244714,-0.6358011044244714,Normal
b0f4ef1f-861d-4ce4-9500-bb53eff77c24,39751,2022-10-18 10:45:36.628000+00:00,j5,0.0,0.0,-0.4544992706235773,0.957877512755724,-0.957877512755724,Normal
b0f4ef1f-861d-4ce4-9500-bb53eff77c24,39751,2022-10-18 10:45:36.628000+00:00,j6,0.0,0.0,-0.3301764300792632,0.6184282036301667,-0.6184282036301667,Normal
b0f4ef1f-861d-4ce4-9500-bb53eff77c24,39751,2022-10-18 10:45:36.628000+00:00,j7,0.0,0.0,-0.40158392869670473,0.8923213478678387,-0.8923213478678387,Normal
b0f4ef1f-861d-4ce4-9500-bb53eff77c24,39751,2022-10-18 10:45:36.628000+00:00,j8,0.0,0.0,-0.24160184644668103,0.10561865593287936,-0.10561865593287936,Normal
b0f4ef1f-861d-4ce4-9500-bb53eff77c24,39752,2022-10-18 10:45:38.628000+00:00,j1,0.4433047874546766,0.018776701869800315,-0.13063184851650125,0.7210300041385006,-0.277725216683824,Normal
b0f4ef1f-861d-4ce4-9500-bb53eff77c24,39752,2022-10-18 10:45:38.628000+00:00,j2,9.6013636736837,0.18566551874024692,0.8703631733672837,3.7012541820457514,5.900109491637949,Normal
b0f4ef1f-861d-4ce4-9500-bb53eff77c24,39752,2022-10-18 10:45:38.628000+00:00,j3,7.324902835244785,0.17500429656764324,0.9027218686023478,2.687198019232755,4.637704816012031,Normal
b0f4ef1f-861d-4ce4-9500-bb53eff77c24,39752,2022-10-18 10:45:38.628000+00:00,j4,1.0391419195805038,0.06632976003143715,0.26600180473988755,0.6358018824313643,0.4033400371491396,Normal
b0f4ef1f-861d-4ce4-9500-bb53eff77c24,39752,2022-10-18 10:45:38.628000+00:00,j5,0.7492841059738173,0.03610875485880119,-0.09772439904730156,0.9578776803792817,-0.20859357440546433,Normal
b0f4ef1f-861d-4ce4-9500-bb53eff77c24,39752,2022-10-18 10:45:38.628000+00:00,j6,2.801850174041744,0.13385858073851387,1.2131387464389127,0.6184291525212611,2.1834210215204832,Normal
b0f4ef1f-861d-4ce4-9500-bb53eff77c24,39752,2022-10-18 10:45:38.628000+00:00,j7,1.3441487868940816,0.1657707470320062,0.21875901138573803,0.8923224553050695,0.4518263315890121,Normal
b0f4ef1f-861d-4ce4-9500-bb53eff77c24,39752,2022-10-18 10:45:38.628000+00:00,j8,0.09466328997437,0.016029302492933873,-0.01784856884380767,0.10561882593265429,-0.010955535958284288,Normal
b0f4ef1f-861d-4ce4-9500-bb53eff77c24,39753,2022-10-18 10:45:40.628000+00:00,j1,9.92616460312853,0.4204345153447383,4.25533198385111,0.7210297687927872,9.205134834335743,Normal
b0f4ef1f-861d-4ce4-9500-bb53eff77c24,39753,2022-10-18 10:45:40.628000+00:00,j2,22.44678156472255,0.43406264827632207,2.7374636468878624,3.701258570452586,18.74552299426996,Normal
b0f4ef1f-861d-4ce4-9500-bb53eff77c24,39753,2022-10-18 10:45:40.628000+00:00,j3,2.778025740874972,0.06637172554554215,0.013241705292445605,2.6871968637955628,0.09082887707940923,Normal
b0f4ef1f-861d-4ce4-9500-bb53eff77c24,39753,2022-10-18 10:45:40.628000+00:00,j4,7.838955344019345,0.5003705625463156,4.583681411663189,0.6358026604382572,7.203152683581088,Normal
b0f4ef1f-861d-4ce4-9500-bb53eff77c24,39753,2022-10-18 10:45:40.628000+00:00,j5,8.383975687801685,0.4040322228102337,3.5375670570433106,0.9578778480028394,7.426097839798846,Normal
b0f4ef1f-861d-4ce4-9500-bb53eff77c24,39753,2022-10-18 10:45:40.628000+00:00,j6,0.2576245929221794,0.012308032275028611,-0.18827164595314635,0.6184301014123554,-0.36080550849017606,Normal
b0f4ef1f-861d-4ce4-9500-bb53eff77c24,39753,2022-10-18 10:45:40.628000+00:00,j7,0.5027202221573362,0.061999317030730326,-0.16957171123036918,0.8923235627423004,-0.38960334058496415,Normal
b0f4ef1f-861d-4ce4-9500-bb53eff77c24,39753,2022-10-18 10:45:40.628000+00:00,j8,0.1159835485873414,0.01963945458702891,0.032545599215266174,0.10561899593242921,0.010364552654912193,Normal
b0f4ef1f-861d-4ce4-9500-bb53eff77c24,39754,2022-10-18 10:45:42.628000+00:00,j1,0.5884308118085069,0.02492368735237838,-0.06350890181859423,0.7210295334470739,-0.132598721638567,Normal
b0f4ef1f-861d-4ce4-9500-bb53eff77c24,39754,2022-10-18 10:45:42.628000+00:00,j2,11.456781689284494,0.22154450010731283,1.1400509238859777,3.701262958859421,7.755518730425073,Normal
b0f4ef1f-861d-4ce4-9500-bb53eff77c24,39754,2022-10-18 10:45:42.628000+00:00,j3,3.8078625768281,0.09097626639873174,0.21470293197930845,2.6871957083583706,1.1206668684697294,Normal
b0f4ef1f-861d-4ce4-9500-bb53eff77c24,39754,2022-10-18 10:45:42.628000+00:00,j4,0.2549439710958735,0.016273400298466998,-0.2319406061200991,0.6358034384451502,-0.38085946734927667,Normal
b0f4ef1f-861d-4ce4-9500-bb53eff77c24,39754,2022-10-18 10:45:42.628000+00:00,j5,3.634963782096657,0.17517256149156257,1.2763044741808875,0.9578780156263971,2.67708576647026,Normal
b0f4ef1f-861d-4ce4-9500-bb53eff77c24,39754,2022-10-18 10:45:42.628000+00:00,j6,2.238637718118256,0.10695106773062966,0.9029100486720625,0.6184310503034498,1.6202066678148064,Normal
b0f4ef1f-861d-4ce4-9500-bb53eff77c24,39754,2022-10-18 10:45:42.628000+00:00,j7,1.7746987236201432,0.21886947043344046,0.4174636609045724,0.8923246701795312,0.882374053440612,Normal
b0f4ef1f-861d-4ce4-9500-bb53eff77c24,39754,2022-10-18 10:45:42.628000+00:00,j8,0.0970209592101195,0.01642852581771315,-0.012275804373597085,0.10561916593220412,-0.008598206722084625,Normal
b0f4ef1f-861d-4ce4-9500-bb53eff77c24,39755,2022-10-18 10:45:44.628000+00:00,j1,1.3198839608392952,0.055905256015184486,0.2747990684645733,0.7210292981013605,0.5988546627379346,Normal
b0f4ef1f-861d-4ce4-9500-bb53eff77c24,39755,2022-10-18 10:45:44.628000+00:00,j2,11.174209990544895,0.21608029493699957,1.0989787098875314,3.701267347266256,7.472942643278639,Normal
b0f4ef1f-861d-4ce4-9500-bb53eff77c24,39755,2022-10-18 10:45:44.628000+00:00,j3,3.7647613672417295,0.08994650572687905,0.20627128314736382,2.6871945529211785,1.077566814320551,Normal
b0f4ef1f-861d-4ce4-9500-bb53eff77c24,39755,2022-10-18 10:45:44.628000+00:00,j4,1.4913458429336464,0.09519451580358135,0.5531378680641104,0.6358042164520431,0.8555416264816033,Normal
b0f4ef1f-861d-4ce4-9500-bb53eff77c24,39755,2022-10-18 10:45:44.628000+00:00,j5,3.776488052899672,0.18199275847726407,1.3436918685458707,0.9578781832499549,2.818609869649717,Normal
b0f4ef1f-861d-4ce4-9500-bb53eff77c24,39755,2022-10-18 10:45:44.628000+00:00,j6,0.7723971850737402,0.03690132752931909,0.09527540495039304,0.6184319991945442,0.15396518587919605,Normal
b0f4ef1f-861d-4ce4-9500-bb53eff77c24,39755,2022-10-18 10:45:44.628000+00:00,j7,7.988009062860916,0.9851425992122959,3.2849908580949716,0.892325777616762,7.095683285244155,Normal
b0f4ef1f-861d-4ce4-9500-bb53eff77c24,39755,2022-10-18 10:45:44.628000+00:00,j8,0.0989811657032215,0.016760446912311197,-0.007642512759405776,0.10561933593197904,-0.0066381702287575395,Normal
b0f4ef1f-861d-4ce4-9500-bb53eff77c24,39756,2022-10-18 10:45:46.628000+00:00,j1,0.3675261446709181,0.01556700726709043,-0.1656805988909527,0.721029062755647,-0.35350291808472895,Normal
b0f4ef1f-861d-4ce4-9500-bb53eff77c24,39756,2022-10-18 10:45:46.628000+00:00,j2,10.565467119916072,0.20430878365006538,1.0104970340367014,3.7012717356730906,6.864195384242981,Normal
b0f4ef1f-861d-4ce4-9500-bb53eff77c24,39756,2022-10-18 10:45:46.628000+00:00,j3,5.397432688508412,0.12895378029844573,0.5256616522580464,2.6871933974839863,2.710239291024426,Normal
b0f4ef1f-861d-4ce4-9500-bb53eff77c24,39756,2022-10-18 10:45:46.628000+00:00,j4,2.199481811012317,0.14039574187985146,1.0027831799947813,0.635804994458936,1.563676816553381,Normal
b0f4ef1f-861d-4ce4-9500-bb53eff77c24,39756,2022-10-18 10:45:46.628000+00:00,j5,4.628273344385017,0.22304114858371532,1.7492731234495529,0.9578783508735126,3.670394993511504,Normal
b0f4ef1f-861d-4ce4-9500-bb53eff77c24,39756,2022-10-18 10:45:46.628000+00:00,j6,2.2704011894788025,0.10846856971379881,0.920406004688482,0.6184329480856385,1.651968241393164,Normal
b0f4ef1f-861d-4ce4-9500-bb53eff77c24,39756,2022-10-18 10:45:46.628000+00:00,j7,1.6472960762334343,0.20315719792531206,0.358665606980215,0.8923268850539929,0.7549691911794414,Normal
b0f4ef1f-861d-4ce4-9500-bb53eff77c24,39756,2022-10-18 10:45:46.628000+00:00,j8,0.092553138678877,0.015671991296265435,-0.02283628127945556,0.10561950593175397,-0.013066367252876965,Normal
b0f4ef1f-861d-4ce4-9500-bb53eff77c24,39757,2022-10-18 10:45:48.628000+00:00,j1,0.0516976318270764,0.0021897147237349857,-0.31175598769655066,0.7210288274099337,-0.6693311955828573,Normal
b0f4ef1f-861d-4ce4-9500-bb53eff77c24,39757,2022-10-18 10:45:48.628000+00:00,j2,2.174424641738704,0.042047743715461286,-0.20915339051396428,3.701276124079926,-1.5268514823412218,Normal
b0f4ef1f-861d-4ce4-9500-bb53eff77c24,39757,2022-10-18 10:45:48.628000+00:00,j3,27.597878984648265,0.6593599269642615,4.8686109308947625,2.687192242046794,24.91068674260147,Normal
b0f4ef1f-861d-4ce4-9500-bb53eff77c24,39757,2022-10-18 10:45:48.628000+00:00,j4,0.4424539590977439,0.02824240306248086,-0.11287733176902055,0.635805772465829,-0.19335181336808516,Normal
b0f4ef1f-861d-4ce4-9500-bb53eff77c24,39757,2022-10-18 10:45:48.628000+00:00,j5,4.306781019743403,0.2075481100327604,1.5961931609596265,0.9578785184970703,3.348902501246333,Normal
b0f4ef1f-861d-4ce4-9500-bb53eff77c24,39757,2022-10-18 10:45:48.628000+00:00,j6,1.130236377991377,0.05399711906747737,0.29238039732268556,0.618433896976733,0.5118024810146441,Normal
b0f4ef1f-861d-4ce4-9500-bb53eff77c24,39757,2022-10-18 10:45:48.628000+00:00,j7,0.2181990525339777,0.026909982208006642,-0.3008820993367997,0.8923279924912237,-0.6741289399572461,Normal
b0f4ef1f-861d-4ce4-9500-bb53eff77c24,39757,2022-10-18 10:45:48.628000+00:00,j8,0.0782516251243555,0.013250320900758512,-0.05664041520901268,0.10561967593152888,-0.027368050807173375,Normal
b0f4ef1f-861d-4ce4-9500-bb53eff77c24,39758,2022-10-18 10:45:50.628000+00:00,j1,4.553187528402174,0.19285567672070641,1.7702501013857255,0.7210285920642203,3.8321589363379536,Normal
b0f4ef1f-861d-4ce4-9500-bb53eff77c24,39758,2022-10-18 10:45:50.628000+00:00,j2,3.173634879569702,0.06136988309509388,-0.06391670580459775,3.7012805124867607,-0.5276456329170589,Normal
b0f4ef1f-861d-4ce4-9500-bb53eff77c24,39758,2022-10-18 10:45:50.628000+00:00,j3,7.582329826586432,0.18115466204696418,0.953080872715847,2.6871910866096025,4.895138739976829,Normal
b0f4ef1f-861d-4ce4-9500-bb53eff77c24,39758,2022-10-18 10:45:50.628000+00:00,j4,0.5570036422578325,0.03555425609479153,-0.040141684466954104,0.6358065504727219,-0.07880290821488944,Normal
b0f4ef1f-861d-4ce4-9500-bb53eff77c24,39758,2022-10-18 10:45:50.628000+00:00,j5,0.5071787675325842,0.02444145503743401,-0.21300390429990604,0.957878686120628,-0.4506999185880438,Normal
b0f4ef1f-861d-4ce4-9500-bb53eff77c24,39758,2022-10-18 10:45:50.628000+00:00,j6,1.4148422627174515,0.06759418437532913,0.44914701721318545,0.6184348458678274,0.7964074168496241,Normal
b0f4ef1f-861d-4ce4-9500-bb53eff77c24,39758,2022-10-18 10:45:50.628000+00:00,j7,0.1699521251193372,0.02095980074185756,-0.32314871229971476,0.8923290999284545,-0.7223769748091173,Normal
b0f4ef1f-861d-4ce4-9500-bb53eff77c24,39758,2022-10-18 10:45:50.628000+00:00,j8,0.1017932036973198,0.01723660834343438,-0.0009957680910801915,0.1056198459313038,-0.003826642233984004,Normal
b0f4ef1f-861d-4ce4-9500-bb53eff77c24,39759,2022-10-18 10:45:52.628000+00:00,j1,0.1274240179233433,0.005397195932253108,-0.27673140681798897,0.721028356718507,-0.5936043387951637,Normal
b0f4ef1f-861d-4ce4-9500-bb53eff77c24,39759,2022-10-18 10:45:52.628000+00:00,j2,12.077740178563744,0.23355222983680854,1.2303081579599833,3.7012849008935955,8.376455277670148,Normal
b0f4ef1f-861d-4ce4-9500-bb53eff77c24,39759,2022-10-18 10:45:52.628000+00:00,j3,5.878208376159387,0.14044032324879627,0.6197131140177555,2.6871899311724103,3.1910184449869767,Normal
b0f4ef1f-861d-4ce4-9500-bb53eff77c24,39759,2022-10-18 10:45:52.628000+00:00,j4,0.253095317809867,0.01615539839080491,-0.23311444606173262,0.6358073284796149,-0.38271201066974786,Normal
b0f4ef1f-861d-4ce4-9500-bb53eff77c24,39759,2022-10-18 10:45:52.628000+00:00,j5,0.6447327884531876,0.031070321687166523,-0.14750696160823293,0.9578788537441857,-0.3131460652909981,Normal
b0f4ef1f-861d-4ce4-9500-bb53eff77c24,39759,2022-10-18 10:45:52.628000+00:00,j6,0.6121551923599519,0.029245755536889132,0.007010906883402531,0.6184357947589217,-0.006280602398969881,Normal
b0f4ef1f-861d-4ce4-9500-bb53eff77c24,39759,2022-10-18 10:45:52.628000+00:00,j7,0.7284207732544097,0.08983444162832117,-0.06540783829386888,0.8923302073656854,-0.16390943411127568,Normal
b0f4ef1f-861d-4ce4-9500-bb53eff77c24,39759,2022-10-18 10:45:52.628000+00:00,j8,0.0986069406919198,0.016697079519225656,-0.008527059164484228,0.10562001593107873,-0.007013075239158922,Normal
b0f4ef1f-861d-4ce4-9500-bb53eff77c24,39760,2022-10-18 10:45:54.628000+00:00,j1,0.3191619312467983,0.01351848344706528,-0.18804976757870304,0.7210281213727936,-0.4018661901259953,Normal
b0f4ef1f-861d-4ce4-9500-bb53eff77c24,39760,2022-10-18 10:45:54.628000+00:00,j2,12.445807454642354,0.24066969815349676,1.2838072804706815,3.7012892893004303,8.744518165341924,Normal
b0f4ef1f-861d-4ce4-9500-bb53eff77c24,39760,2022-10-18 10:45:54.628000+00:00,j3,14.84167258997064,0.35459261780204687,2.373185540751189,2.687188775735218,12.154483814235423,Normal
b0f4ef1f-861d-4ce4-9500-bb53eff77c24,39760,2022-10-18 10:45:54.628000+00:00,j4,1.1990205856082603,0.07653502011376397,0.36752001013787067,0.6358081064865078,0.5632124791217525,Normal
b0f4ef1f-861d-4ce4-9500-bb53eff77c24,39760,2022-10-18 10:45:54.628000+00:00,j5,0.1253973676277803,0.006043025297761639,-0.39479077103748345,0.9578790213677435,-0.8324816537399632,Normal
b0f4ef1f-861d-4ce4-9500-bb53eff77c24,39760,2022-10-18 10:45:54.628000+00:00,j6,0.3811277696815542,0.018208404861282904,-0.12024362332479924,0.6184367436500161,-0.2373089739684619,Normal
b0f4ef1f-861d-4ce4-9500-bb53eff77c24,39760,2022-10-18 10:45:54.628000+00:00,j7,7.925184683199897,0.9773946144283389,3.2559965527265713,0.8923313148029163,7.032853368396981,Normal
b0f4ef1f-861d-4ce4-9500-bb53eff77c24,39760,2022-10-18 10:45:54.628000+00:00,j8,0.0972320783465525,0.016464274548830017,-0.011776787291533261,0.10562018593085365,-0.008388107584301155,Normal
b0f4ef1f-861d-4ce4-9500-bb53eff77c24,39761,2022-10-18 10:45:56.628000+00:00,j1,0.2338168656395902,0.009903591620233984,-0.22752313092058815,0.7210278860270801,-0.4872110203874899,Normal
b0f4ef1f-861d-4ce4-9500-bb53eff77c24,39761,2022-10-18 10:45:56.628000+00:00,j2,11.75716676690764,0.22735316991237328,1.183712338829897,3.701293677707265,8.055873089200375,Normal
b0f4ef1f-861d-4ce4-9500-bb53eff77c24,39761,2022-10-18 10:45:56.628000+00:00,j3,6.279321077128709,0.15002358293924892,0.6981805507570628,2.687187620298026,3.592133456830683,Normal
b0f4ef1f-861d-4ce4-9500-bb53eff77c24,39761,2022-10-18 10:45:56.628000+00:00,j4,0.2065312060197003,0.013183151479270811,-0.262681274346803,0.6358088844934008,-0.42927767847370046,Normal
b0f4ef1f-861d-4ce4-9500-bb53eff77c24,39761,2022-10-18 10:45:56.628000+00:00,j5,0.4367052702302936,0.021045266304959124,-0.24656016520160776,0.9578791889913012,-0.5211739187610076,Normal
b0f4ef1f-861d-4ce4-9500-bb53eff77c24,39761,2022-10-18 10:45:56.628000+00:00,j6,0.6302311933548056,0.030109337701637328,0.016967530162038908,0.6184376925411105,0.011793500813695124,Normal
b0f4ef1f-861d-4ce4-9500-bb53eff77c24,39761,2022-10-18 10:45:56.628000+00:00,j7,0.0,0.0,-0.40158392869670473,0.8923324222401471,-0.8923324222401471,Normal
b0f4ef1f-861d-4ce4-9500-bb53eff77c24,39761,2022-10-18 10:45:56.628000+00:00,j8,0.0998442573757527,0.016906593929828552,-0.005602444316264961,0.10562035593062856,-0.005776098554875861,Normal
b0f4ef1f-861d-4ce4-9500-bb53eff77c24,39762,2022-10-18 10:45:58.628000+00:00,j1,0.3214029863842249,0.013613406004592463,-0.18701324621593354,0.7210276506813668,-0.3996246642971419,Normal
b0f4ef1f-861d-4ce4-9500-bb53eff77c24,39762,2022-10-18 10:45:58.628000+00:00,j2,10.950266165471971,0.2117498010755076,1.0664281439672623,3.7012980661141,7.248968099357871,Normal
b0f4ef1f-861d-4ce4-9500-bb53eff77c24,39762,2022-10-18 10:45:58.628000+00:00,j3,6.096252834816005,0.14564977352628913,0.6623679332858775,2.687186464860834,3.4090663699551715,Normal
b0f4ef1f-861d-4ce4-9500-bb53eff77c24,39762,2022-10-18 10:45:58.628000+00:00,j4,2.089230722341817,0.13335827364098843,0.932777012548651,0.6358096625002937,1.4534210598415234,Normal
b0f4ef1f-861d-4ce4-9500-bb53eff77c24,39762,2022-10-18 10:45:58.628000+00:00,j5,0.2067670470135099,0.009964312006572766,-0.3560462458545873,0.9578793566148589,-0.751112309601349,Normal
b0f4ef1f-861d-4ce4-9500-bb53eff77c24,39762,2022-10-18 10:45:58.628000+00:00,j6,0.5709618717440015,0.027277741870546837,-0.015679198914106147,0.6184386414322048,-0.04747676968820336,Normal
b0f4ef1f-861d-4ce4-9500-bb53eff77c24,39762,2022-10-18 10:45:58.628000+00:00,j7,0.2238180254277667,0.0276029570804598,-0.2982888669512459,0.8923335296773779,-0.6685155042496111,Normal
b0f4ef1f-861d-4ce4-9500-bb53eff77c24,39762,2022-10-18 10:45:58.628000+00:00,j8,0.0976251320688737,0.01653083020110838,-0.010847735927829429,0.10562052593040348,-0.007995393861529781,Normal
b0f4ef1f-861d-4ce4-9500-bb53eff77c24,39763,2022-10-18 10:46:00.628000+00:00,j1,1.5544362539815022,0.06583999754255747,0.3832829957309286,0.7210274153356534,0.8334088386458488,Normal
b0f4ef1f-861d-4ce4-9500-bb53eff77c24,39763,2022-10-18 10:46:00.628000+00:00,j2,27.79740074620684,0.5375297722885776,3.515184052103085,3.7013024545209348,24.096098291685905,Normal
b0f4ef1f-861d-4ce4-9500-bb53eff77c24,39763,2022-10-18 10:46:00.628000+00:00,j3,4.708969954858879,0.11250524314712022,0.39098153400333424,2.6871853094236418,2.021784645435237,Normal
b0f4ef1f-861d-4ce4-9500-bb53eff77c24,39763,2022-10-18 10:46:00.628000+00:00,j4,2.396880640650781,0.15299596207469418,1.12812557514011,0.6358104405071866,1.7610702001435947,Normal
b0f4ef1f-861d-4ce4-9500-bb53eff77c24,39763,2022-10-18 10:46:00.628000+00:00,j5,1.0486205181673076,0.05053407769967498,0.0448059297919004,0.9578795242384166,0.09074099392889101,Normal
b0f4ef1f-861d-4ce4-9500-bb53eff77c24,39763,2022-10-18 10:46:00.628000+00:00,j6,0.7705233404271534,0.03681180447514566,0.09424325379959006,0.6184395903232992,0.15208375010385422,Normal
b0f4ef1f-861d-4ce4-9500-bb53eff77c24,39763,2022-10-18 10:46:00.628000+00:00,j7,0.494774194640168,0.06101935191801274,-0.17323891096304625,0.8923346371146088,-0.39756044247444083,Normal
b0f4ef1f-861d-4ce4-9500-bb53eff77c24,39763,2022-10-18 10:46:00.628000+00:00,j8,0.0996492045418798,0.016873565700225513,-0.006063485876267864,0.1056206959301784,-0.005971491388298597,Normal
b0f4ef1f-861d-4ce4-9500-bb53eff77c24,39764,2022-10-18 10:46:02.628000+00:00,j1,0.0518135688827222,0.0021946253757088178,-0.311702365082405,0.72102717998994,-0.6692136111072179,Normal
b0f4ef1f-861d-4ce4-9500-bb53eff77c24,39764,2022-10-18 10:46:02.628000+00:00,j2,31.42851611199843,0.6077461437237324,4.042972036611313,3.7013068429277696,27.72720926907066,Normal
b0f4ef1f-861d-4ce4-9500-bb53eff77c24,39764,2022-10-18 10:46:02.628000+00:00,j3,11.535536750243676,0.2756034503001197,1.726424657267787,2.68718415398645,8.848352596257225,Normal
b0f4ef1f-861d-4ce4-9500-bb53eff77c24,39764,2022-10-18 10:46:02.628000+00:00,j4,2.9628799119340403,0.18912442069499757,1.4875183052950338,0.6358112185140796,2.3270686934199607,Normal
b0f4ef1f-861d-4ce4-9500-bb53eff77c24,39764,2022-10-18 10:46:02.628000+00:00,j5,8.30879946307432,0.4004094049121247,3.501771572114618,0.9578796918619743,7.350919771212347,Normal
b0f4ef1f-861d-4ce4-9500-bb53eff77c24,39764,2022-10-18 10:46:02.628000+00:00,j6,1.5142406143735556,0.07234294731908086,0.503897619530535,0.6184405392143937,0.8958000751591619,Normal
b0f4ef1f-861d-4ce4-9500-bb53eff77c24,39764,2022-10-18 10:46:02.628000+00:00,j7,0.0119454229144998,0.0014732012552907325,-0.3960709536127247,0.8923357445518396,-0.8803903216373398,Normal
b0f4ef1f-861d-4ce4-9500-bb53eff77c24,39764,2022-10-18 10:46:02.628000+00:00,j8,0.0993382995804547,0.016820920269514344,-0.0067983642452818125,0.10562086592995332,-0.006282566349498614,Normal
b0f4ef1f-861d-4ce4-9500-bb53eff77c24,39765,2022-10-18 10:46:04.628000+00:00,j1,1.0232841869778977,0.04334241959642589,0.13761725768905872,0.7210269446442266,0.30225724233367113,Normal
b0f4ef1f-861d-4ce4-9500-bb53eff77c24,39765,2022-10-18 10:46:04.628000+00:00,j2,6.849597707885399,0.13245348836043308,0.47038992365743676,3.7013112313346044,3.148286476550795,Normal
b0f4ef1f-861d-4ce4-9500-bb53eff77c24,39765,2022-10-18 10:46:04.628000+00:00,j3,28.145293059141824,0.6724385734927887,4.975698487974674,2.687182998549258,25.458110060592567,Normal
b0f4ef1f-861d-4ce4-9500-bb53eff77c24,39765,2022-10-18 10:46:04.628000+00:00,j4,0.3736630616853106,0.023851391948661177,-0.1565575089091937,0.6358119965209725,-0.26214893483566193,Normal
b0f4ef1f-861d-4ce4-9500-bb53eff77c24,39765,2022-10-18 10:46:04.628000+00:00,j5,3.836384436012104,0.18487922543618182,1.3722117907255202,0.957879859485532,2.8785045765265718,Normal
b0f4ef1f-861d-4ce4-9500-bb53eff77c24,39765,2022-10-18 10:46:04.628000+00:00,j6,5.670304065947599,0.27089915858301056,2.7931405843441035,0.618441488105488,5.051862577842111,Normal
b0f4ef1f-861d-4ce4-9500-bb53eff77c24,39765,2022-10-18 10:46:04.628000+00:00,j7,0.6015120000925364,0.07418307748092569,-0.12397796254879333,0.8923368519890704,-0.29082485189653406,Normal
b0f4ef1f-861d-4ce4-9500-bb53eff77c24,39765,2022-10-18 10:46:04.628000+00:00,j8,1.3313286107465625,0.22543341801169095,2.905226668616302,0.10562103592972824,1.2257075748168342,Normal
b0f4ef1f-861d-4ce4-9500-bb53eff77c24,39766,2022-10-18 10:46:06.628000+00:00,j1,0.2712966865696867,0.011491094042165024,-0.21018815579300987,0.7210267092985132,-0.4497300227288265,Normal
b0f4ef1f-861d-4ce4-9500-bb53eff77c24,39766,2022-10-18 10:46:06.628000+00:00,j2,3.820661212272424,0.07388169743550003,0.030129527834270337,3.7013156197414396,0.11934559253098431,Normal
b0f4ef1f-861d-4ce4-9500-bb53eff77c24,39766,2022-10-18 10:46:06.628000+00:00,j3,6.978931061989159,0.16673844674373392,0.8350413434882898,2.6871818431120658,4.291749218877094,Normal
b0f4ef1f-861d-4ce4-9500-bb53eff77c24,39766,2022-10-18 10:46:06.628000+00:00,j4,0.7924037166110173,0.05058014442536,0.10933037264126756,0.6358127745278654,0.15659094208315183,Normal
b0f4ef1f-861d-4ce4-9500-bb53eff77c24,39766,2022-10-18 10:46:06.628000+00:00,j5,0.7817710235289683,0.03767433209814813,-0.08225561258000517,0.9578800271090898,-0.1761090035801215,Normal
b0f4ef1f-861d-4ce4-9500-bb53eff77c24,39766,2022-10-18 10:46:06.628000+00:00,j6,0.8109047178044734,0.038741027498586975,0.11648612500395057,0.6184424369965824,0.19246228080789096,Normal
b0f4ef1f-861d-4ce4-9500-bb53eff77c24,39766,2022-10-18 10:46:06.628000+00:00,j7,0.6145339461690991,0.07578904383671158,-0.11796815738920537,0.8923379594263012,-0.27780401325720216,Normal
b0f4ef1f-861d-4ce4-9500-bb53eff77c24,39766,2022-10-18 10:46:06.628000+00:00,j8,0.1593036177431531,0.02697482707092764,0.13494017542554135,0.10562120592950316,0.05368241181364994,Normal
b0f4ef1f-861d-4ce4-9500-bb53eff77c24,39767,2022-10-18 10:46:08.628000+00:00,j1,0.0,0.0,-0.3356669120189621,0.7210264739527998,-0.7210264739527998,Normal
b0f4ef1f-861d-4ce4-9500-bb53eff77c24,39767,2022-10-18 10:46:08.628000+00:00,j2,0.0,0.0,-0.5252092255722672,3.7013200081482744,-3.7013200081482744,Normal
b0f4ef1f-861d-4ce4-9500-bb53eff77c24,39767,2022-10-18 10:46:08.628000+00:00,j3,0.0,0.0,-0.5302079500176364,2.6871806876748736,-2.6871806876748736,Normal
b0f4ef1f-861d-4ce4-9500-bb53eff77c24,39767,2022-10-18 10:46:08.628000+00:00,j4,0.0,0.0,-0.39382245731214677,0.6358135525347585,-0.6358135525347585,Normal
b0f4ef1f-861d-4ce4-9500-bb53eff77c24,39767,2022-10-18 10:46:08.628000+00:00,j5,0.0,0.0,-0.4544992706235773,0.9578801947326475,-0.9578801947326475,Normal
b0f4ef1f-861d-4ce4-9500-bb53eff77c24,39767,2022-10-18 10:46:08.628000+00:00,j6,0.0,0.0,-0.3301764300792632,0.6184433858876768,-0.6184433858876768,Normal
b0f4ef1f-861d-4ce4-9500-bb53eff77c24,39767,2022-10-18 10:46:08.628000+00:00,j7,0.0,0.0,-0.40158392869670473,0.8923390668635321,-0.8923390668635321,Normal
b0f4ef1f-861d-4ce4-9500-bb53eff77c24,39767,2022-10-18 10:46:08.628000+00:00,j8,0.0,0.0,-0.24160184644668103,0.10562137592927807,-0.10562137592927807,Normal
b0f4ef1f-861d-4ce4-9500-bb53eff77c24,39768,2022-10-18 10:46:10.628000+00:00,j1,0.0,0.0,-0.3356669120189621,0.7210262386070865,-0.7210262386070865,Normal
b0f4ef1f-861d-4ce4-9500-bb53eff77c24,39768,2022-10-18 10:46:10.628000+00:00,j2,0.0,0.0,-0.5252092255722672,3.7013243965551093,-3.7013243965551093,Normal
b0f4ef1f-861d-4ce4-9500-bb53eff77c24,39768,2022-10-18 10:46:10.628000+00:00,j3,0.0,0.0,-0.5302079500176364,2.6871795322376815,-2.6871795322376815,Normal
b0f4ef1f-861d-4ce4-9500-bb53eff77c24,39768,2022-10-18 10:46:10.628000+00:00,j4,0.0,0.0,-0.39382245731214677,0.6358143305416514,-0.6358143305416514,Normal
b0f4ef1f-861d-4ce4-9500-bb53eff77c24,39768,2022-10-18 10:46:10.628000+00:00,j5,0.0,0.0,-0.4544992706235773,0.9578803623562052,-0.9578803623562052,Normal
b0f4ef1f-861d-4ce4-9500-bb53eff77c24,39768,2022-10-18 10:46:10.628000+00:00,j6,0.0,0.0,-0.3301764300792632,0.6184443347787711,-0.6184443347787711,Normal
b0f4ef1f-861d-4ce4-9500-bb53eff77c24,39768,2022-10-18 10:46:10.628000+00:00,j7,0.0,0.0,-0.40158392869670473,0.892340174300763,-0.892340174300763,Normal
b0f4ef1f-861d-4ce4-9500-bb53eff77c24,39768,2022-10-18 10:46:10.628000+00:00,j8,0.0,0.0,-0.24160184644668103,0.105621545929053,-0.105621545929053,Normal
b0f4ef1f-861d-4ce4-9500-bb53eff77c24,39769,2022-10-18 10:46:12.628000+00:00,j1,0.0,0.0,-0.3356669120189621,0.7210260032613731,-0.7210260032613731,Normal
b0f4ef1f-861d-4ce4-9500-bb53eff77c24,39769,2022-10-18 10:46:12.628000+00:00,j2,0.0,0.0,-0.5252092255722672,3.701328784961944,-3.701328784961944,Normal
b0f4ef1f-861d-4ce4-9500-bb53eff77c24,39769,2022-10-18 10:46:12.628000+00:00,j3,0.0,0.0,-0.5302079500176364,2.6871783768004893,-2.6871783768004893,Normal
b0f4ef1f-861d-4ce4-9500-bb53eff77c24,39769,2022-10-18 10:46:12.628000+00:00,j4,0.0,0.0,-0.39382245731214677,0.6358151085485443,-0.6358151085485443,Normal
b0f4ef1f-861d-4ce4-9500-bb53eff77c24,39769,2022-10-18 10:46:12.628000+00:00,j5,0.0,0.0,-0.4544992706235773,0.9578805299797629,-0.9578805299797629,Normal
b0f4ef1f-861d-4ce4-9500-bb53eff77c24,39769,2022-10-18 10:46:12.628000+00:00,j6,0.0,0.0,-0.3301764300792632,0.6184452836698655,-0.6184452836698655,Normal
b0f4ef1f-861d-4ce4-9500-bb53eff77c24,39769,2022-10-18 10:46:12.628000+00:00,j7,0.0,0.0,-0.40158392869670473,0.8923412817379938,-0.8923412817379938,Normal
b0f4ef1f-861d-4ce4-9500-bb53eff77c24,39769,2022-10-18 10:46:12.628000+00:00,j8,0.0,0.0,-0.24160184644668103,0.10562171592882792,-0.10562171592882792,Normal
b0f4ef1f-861d-4ce4-9500-bb53eff77c24,39770,2022-10-18 10:46:14.628000+00:00,j1,0.0,0.0,-0.3356669120189621,0.7210257679156596,-0.7210257679156596,Normal
b0f4ef1f-861d-4ce4-9500-bb53eff77c24,39770,2022-10-18 10:46:14.628000+00:00,j2,0.0,0.0,-0.5252092255722672,3.701333173368779,-3.701333173368779,Normal
b0f4ef1f-861d-4ce4-9500-bb53eff77c24,39770,2022-10-18 10:46:14.628000+00:00,j3,0.0,0.0,-0.5302079500176364,2.6871772213632976,-2.6871772213632976,Normal
b0f4ef1f-861d-4ce4-9500-bb53eff77c24,39770,2022-10-18 10:46:14.628000+00:00,j4,0.0,0.0,-0.39382245731214677,0.6358158865554373,-0.6358158865554373,Normal
b0f4ef1f-861d-4ce4-9500-bb53eff77c24,39770,2022-10-18 10:46:14.628000+00:00,j5,0.0,0.0,-0.4544992706235773,0.9578806976033206,-0.9578806976033206,Normal
b0f4ef1f-861d-4ce4-9500-bb53eff77c24,39770,2022-10-18 10:46:14.628000+00:00,j6,0.0,0.0,-0.3301764300792632,0.6184462325609599,-0.6184462325609599,Normal
b0f4ef1f-861d-4ce4-9500-bb53eff77c24,39770,2022-10-18 10:46:14.628000+00:00,j7,0.0,0.0,-0.40158392869670473,0.8923423891752247,-0.8923423891752247,Normal
b0f4ef1f-861d-4ce4-9500-bb53eff77c24,39770,2022-10-18 10:46:14.628000+00:00,j8,0.0,0.0,-0.24160184644668103,0.10562188592860283,-0.10562188592860283,Normal
b0f4ef1f-861d-4ce4-9500-bb53eff77c24,39771,2022-10-18 10:46:16.628000+00:00,j1,0.0,0.0,-0.3356669120189621,0.7210255325699463,-0.7210255325699463,Normal
b0f4ef1f-861d-4ce4-9500-bb53eff77c24,39771,2022-10-18 10:46:16.628000+00:00,j2,0.0,0.0,-0.5252092255722672,3.7013375617756137,-3.7013375617756137,Normal
b0f4ef1f-861d-4ce4-9500-bb53eff77c24,39771,2022-10-18 10:46:16.628000+00:00,j3,0.0,0.0,-0.5302079500176364,2.6871760659261055,-2.6871760659261055,Normal
b0f4ef1f-861d-4ce4-9500-bb53eff77c24,39771,2022-10-18 10:46:16.628000+00:00,j4,0.0,0.0,-0.39382245731214677,0.6358166645623302,-0.6358166645623302,Normal
b0f4ef1f-861d-4ce4-9500-bb53eff77c24,39771,2022-10-18 10:46:16.628000+00:00,j5,0.0,0.0,-0.4544992706235773,0.9578808652268783,-0.9578808652268783,Normal
b0f4ef1f-861d-4ce4-9500-bb53eff77c24,39771,2022-10-18 10:46:16.628000+00:00,j6,0.0,0.0,-0.3301764300792632,0.6184471814520542,-0.6184471814520542,Normal
b0f4ef1f-861d-4ce4-9500-bb53eff77c24,39771,2022-10-18 10:46:16.628000+00:00,j7,0.0,0.0,-0.40158392869670473,0.8923434966124555,-0.8923434966124555,Normal
b0f4ef1f-861d-4ce4-9500-bb53eff77c24,39771,2022-10-18 10:46:16.628000+00:00,j8,0.0,0.0,-0.24160184644668103,0.10562205592837776,-0.10562205592837776,Normal
b0f4ef1f-861d-4ce4-9500-bb53eff77c24,39772,2022-10-18 10:46:18.628000+00:00,j1,0.0,0.0,-0.3356669120189621,0.7210252972242329,-0.7210252972242329,Normal
b0f4ef1f-861d-4ce4-9500-bb53eff77c24,39772,2022-10-18 10:46:18.628000+00:00,j2,0.0,0.0,-0.5252092255722672,3.7013419501824485,-3.7013419501824485,Normal
b0f4ef1f-861d-4ce4-9500-bb53eff77c24,39772,2022-10-18 10:46:18.628000+00:00,j3,0.0,0.0,-0.5302079500176364,2.6871749104889133,-2.6871749104889133,Normal
b0f4ef1f-861d-4ce4-9500-bb53eff77c24,39772,2022-10-18 10:46:18.628000+00:00,j4,0.0,0.0,-0.39382245731214677,0.6358174425692231,-0.6358174425692231,Normal
b0f4ef1f-861d-4ce4-9500-bb53eff77c24,39772,2022-10-18 10:46:18.628000+00:00,j5,0.0,0.0,-0.4544992706235773,0.9578810328504361,-0.9578810328504361,Normal
b0f4ef1f-861d-4ce4-9500-bb53eff77c24,39772,2022-10-18 10:46:18.628000+00:00,j6,0.0,0.0,-0.3301764300792632,0.6184481303431487,-0.6184481303431487,Normal
b0f4ef1f-861d-4ce4-9500-bb53eff77c24,39772,2022-10-18 10:46:18.628000+00:00,j7,0.0,0.0,-0.40158392869670473,0.8923446040496863,-0.8923446040496863,Normal
b0f4ef1f-861d-4ce4-9500-bb53eff77c24,39772,2022-10-18 10:46:18.628000+00:00,j8,0.0,0.0,-0.24160184644668103,0.10562222592815268,-0.10562222592815268,Normal
b0f4ef1f-861d-4ce4-9500-bb53eff77c24,39773,2022-10-18 10:46:20.628000+00:00,j1,0.0,0.0,-0.3356669120189621,0.7210250618785196,-0.7210250618785196,Normal
b0f4ef1f-861d-4ce4-9500-bb53eff77c24,39773,2022-10-18 10:46:20.628000+00:00,j2,0.0,0.0,-0.5252092255722672,3.7013463385892833,-3.7013463385892833,Normal
b0f4ef1f-861d-4ce4-9500-bb53eff77c24,39773,2022-10-18 10:46:20.628000+00:00,j3,0.0,0.0,-0.5302079500176364,2.687173755051721,-2.687173755051721,Normal
b0f4ef1f-861d-4ce4-9500-bb53eff77c24,39773,2022-10-18 10:46:20.628000+00:00,j4,0.0,0.0,-0.39382245731214677,0.6358182205761161,-0.6358182205761161,Normal
b0f4ef1f-861d-4ce4-9500-bb53eff77c24,39773,2022-10-18 10:46:20.628000+00:00,j5,0.0,0.0,-0.4544992706235773,0.9578812004739938,-0.9578812004739938,Normal
b0f4ef1f-861d-4ce4-9500-bb53eff77c24,39773,2022-10-18 10:46:20.628000+00:00,j6,0.0,0.0,-0.3301764300792632,0.6184490792342431,-0.6184490792342431,Normal
b0f4ef1f-861d-4ce4-9500-bb53eff77c24,39773,2022-10-18 10:46:20.628000+00:00,j7,0.0,0.0,-0.40158392869670473,0.8923457114869172,-0.8923457114869172,Normal
b0f4ef1f-861d-4ce4-9500-bb53eff77c24,39773,2022-10-18 10:46:20.628000+00:00,j8,0.0,0.0,-0.24160184644668103,0.10562239592792759,-0.10562239592792759,Normal
b0f4ef1f-861d-4ce4-9500-bb53eff77c24,39774,2022-10-18 10:46:22.628000+00:00,j1,0.0,0.0,-0.3356669120189621,0.7210248265328062,-0.7210248265328062,Normal
b0f4ef1f-861d-4ce4-9500-bb53eff77c24,39774,2022-10-18 10:46:22.628000+00:00,j2,0.0,0.0,-0.5252092255722672,3.701350726996118,-3.701350726996118,Normal
b0f4ef1f-861d-4ce4-9500-bb53eff77c24,39774,2022-10-18 10:46:22.628000+00:00,j3,0.0,0.0,-0.5302079500176364,2.687172599614529,-2.687172599614529,Normal
b0f4ef1f-861d-4ce4-9500-bb53eff77c24,39774,2022-10-18 10:46:22.628000+00:00,j4,0.0,0.0,-0.39382245731214677,0.635818998583009,-0.635818998583009,Normal
b0f4ef1f-861d-4ce4-9500-bb53eff77c24,39774,2022-10-18 10:46:22.628000+00:00,j5,0.0,0.0,-0.4544992706235773,0.9578813680975515,-0.9578813680975515,Normal
b0f4ef1f-861d-4ce4-9500-bb53eff77c24,39774,2022-10-18 10:46:22.628000+00:00,j6,0.0,0.0,-0.3301764300792632,0.6184500281253374,-0.6184500281253374,Normal
b0f4ef1f-861d-4ce4-9500-bb53eff77c24,39774,2022-10-18 10:46:22.628000+00:00,j7,0.0,0.0,-0.40158392869670473,0.892346818924148,-0.892346818924148,Normal
b0f4ef1f-861d-4ce4-9500-bb53eff77c24,39774,2022-10-18 10:46:22.628000+00:00,j8,0.0,0.0,-0.24160184644668103,0.10562256592770251,-0.10562256592770251,Normal
b0f4ef1f-861d-4ce4-9500-bb53eff77c24,39775,2022-10-18 10:46:24.628000+00:00,j1,0.0,0.0,-0.3356669120189621,0.7210245911870927,-0.7210245911870927,Normal
b0f4ef1f-861d-4ce4-9500-bb53eff77c24,39775,2022-10-18 10:46:24.628000+00:00,j2,0.0,0.0,-0.5252092255722672,3.7013551154029534,-3.7013551154029534,Normal
b0f4ef1f-861d-4ce4-9500-bb53eff77c24,39775,2022-10-18 10:46:24.628000+00:00,j3,0.0,0.0,-0.5302079500176364,2.687171444177337,-2.687171444177337,Normal
b0f4ef1f-861d-4ce4-9500-bb53eff77c24,39775,2022-10-18 10:46:24.628000+00:00,j4,0.0,0.0,-0.39382245731214677,0.635819776589902,-0.635819776589902,Normal
b0f4ef1f-861d-4ce4-9500-bb53eff77c24,39775,2022-10-18 10:46:24.628000+00:00,j5,0.0,0.0,-0.4544992706235773,0.9578815357211092,-0.9578815357211092,Normal
b0f4ef1f-861d-4ce4-9500-bb53eff77c24,39775,2022-10-18 10:46:24.628000+00:00,j6,0.0,0.0,-0.3301764300792632,0.6184509770164318,-0.6184509770164318,Normal
b0f4ef1f-861d-4ce4-9500-bb53eff77c24,39775,2022-10-18 10:46:24.628000+00:00,j7,0.0,0.0,-0.40158392869670473,0.8923479263613788,-0.8923479263613788,Normal
b0f4ef1f-861d-4ce4-9500-bb53eff77c24,39775,2022-10-18 10:46:24.628000+00:00,j8,0.0,0.0,-0.24160184644668103,0.10562273592747744,-0.10562273592747744,Normal
b0f4ef1f-861d-4ce4-9500-bb53eff77c24,39776,2022-10-18 10:46:26.628000+00:00,j1,0.1523241978544262,0.006451872688068946,-0.265214702920641,0.7210243558413794,-0.5687001579869532,Normal
b0f4ef1f-861d-4ce4-9500-bb53eff77c24,39776,2022-10-18 10:46:26.628000+00:00,j2,7.299434667619796,0.14115217068475117,0.5357743905273755,3.701359503809788,3.5980751638100075,Normal
b0f4ef1f-861d-4ce4-9500-bb53eff77c24,39776,2022-10-18 10:46:26.628000+00:00,j3,7.442381198011541,0.17781105301210978,0.925703504377932,2.6871702887401447,4.755210909271396,Normal
b0f4ef1f-861d-4ce4-9500-bb53eff77c24,39776,2022-10-18 10:46:26.628000+00:00,j4,1.454841583442933,0.09286440215257802,0.5299587472661162,0.635820554596795,0.8190210288461379,Normal
b0f4ef1f-861d-4ce4-9500-bb53eff77c24,39776,2022-10-18 10:46:26.628000+00:00,j5,0.5826692413285516,0.028079416914298636,-0.17705878831645075,0.9578817033446669,-0.37521246201611536,Normal
b0f4ef1f-861d-4ce4-9500-bb53eff77c24,39776,2022-10-18 10:46:26.628000+00:00,j6,1.3376521861849382,0.06390642327108903,0.4066291775039404,0.6184519259075262,0.719200260277412,Normal
b0f4ef1f-861d-4ce4-9500-bb53eff77c24,39776,2022-10-18 10:46:26.628000+00:00,j7,0.0362267030372952,0.00446775512023156,-0.38486481270986705,0.8923490337986097,-0.8561223307613145,Normal
b0f4ef1f-861d-4ce4-9500-bb53eff77c24,39776,2022-10-18 10:46:26.628000+00:00,j8,0.1212143155848858,0.02052517857249778,0.04490943381677204,0.10562290592725235,0.015591409657633448,Normal
b0f4ef1f-861d-4ce4-9500-bb53eff77c24,39777,2022-10-18 10:46:28.628000+00:00,j1,13.628505849795877,0.5772515851717703,5.967719925738226,0.721024120495666,12.90748172930021,Normal
b0f4ef1f-861d-4ce4-9500-bb53eff77c24,39777,2022-10-18 10:46:28.628000+00:00,j2,1.015622041917568,0.019639501186013097,-0.37758706088542643,3.701363892216623,-2.685741850299055,Normal
b0f4ef1f-861d-4ce4-9500-bb53eff77c24,39777,2022-10-18 10:46:28.628000+00:00,j3,14.437236634818316,0.34492995995796777,2.2940679943625404,2.687169133302953,11.750067501515362,Normal
b0f4ef1f-861d-4ce4-9500-bb53eff77c24,39777,2022-10-18 10:46:28.628000+00:00,j4,5.3985681863583626,0.3445975237521535,3.034108032817151,0.6358213326036879,4.762746853754675,Normal
b0f4ef1f-861d-4ce4-9500-bb53eff77c24,39777,2022-10-18 10:46:28.628000+00:00,j5,5.645739588903504,0.27207387049455073,2.233744081564289,0.9578818709682247,4.6878577179352785,Normal
b0f4ef1f-861d-4ce4-9500-bb53eff77c24,39777,2022-10-18 10:46:28.628000+00:00,j6,4.039001359963429,0.19296356195439338,1.8945863907739269,0.6184528747986205,3.420548485164808,Normal
b0f4ef1f-861d-4ce4-9500-bb53eff77c24,39777,2022-10-18 10:46:28.628000+00:00,j7,0.4768642442737113,0.05881055934943557,-0.18150459655930445,0.8923501412358406,-0.41548589696212923,Normal
b0f4ef1f-861d-4ce4-9500-bb53eff77c24,39777,2022-10-18 10:46:28.628000+00:00,j8,0.1321456181526271,0.022376172295064903,0.07074748337814954,0.10562307592702727,0.026522542225599827,Normal
b0f4ef1f-861d-4ce4-9500-bb53eff77c24,39778,2022-10-18 10:46:30.628000+00:00,j1,1.7142423960401276,0.07260877688199682,0.45719571540446363,0.7210238851499526,0.993218510890175,Normal
b0f4ef1f-861d-4ce4-9500-bb53eff77c24,39778,2022-10-18 10:46:30.628000+00:00,j2,10.362449364227071,0.2003829457998866,0.9809881032260929,3.701368280623458,6.661081083603614,Normal
b0f4ef1f-861d-4ce4-9500-bb53eff77c24,39778,2022-10-18 10:46:30.628000+00:00,j3,3.447492129565656,0.08236640794115899,0.14420567471234297,2.687167977865761,0.7603241516998951,Normal
b0f4ef1f-861d-4ce4-9500-bb53eff77c24,39778,2022-10-18 10:46:30.628000+00:00,j4,0.3303527501670602,0.021086839277114584,-0.1840582706418257,0.6358221106105808,-0.3054693604435206,Normal
b0f4ef1f-861d-4ce4-9500-bb53eff77c24,39778,2022-10-18 10:46:30.628000+00:00,j5,4.929493166628544,0.23755723484964136,1.8927002461395386,0.9578820385917824,3.9716111280367614,Normal
b0f4ef1f-861d-4ce4-9500-bb53eff77c24,39778,2022-10-18 10:46:30.628000+00:00,j6,0.4389574147335303,0.020971220047829066,-0.08838989692349446,0.618453823689715,-0.17949640895618474,Normal
b0f4ef1f-861d-4ce4-9500-bb53eff77c24,39778,2022-10-18 10:46:30.628000+00:00,j7,8.170241188543786,1.0076168638935763,3.369093461709859,0.8923512486730714,7.277889939870715,Normal
b0f4ef1f-861d-4ce4-9500-bb53eff77c24,39778,2022-10-18 10:46:30.628000+00:00,j8,0.1358261919472775,0.02299940259603997,0.0794471646403922,0.1056232459268022,0.030202946020475296,Normal
b0f4ef1f-861d-4ce4-9500-bb53eff77c24,39779,2022-10-18 10:46:32.628000+00:00,j1,0.1784077394243615,0.007556672134470801,-0.2531506766490827,0.7210236498042392,-0.5426159103798777,Normal
b0f4ef1f-861d-4ce4-9500-bb53eff77c24,39779,2022-10-18 10:46:32.628000+00:00,j2,22.80184681053408,0.4409286909855385,2.7890729050847396,3.7013726690302926,19.10047414150379,Normal
b0f4ef1f-861d-4ce4-9500-bb53eff77c24,39779,2022-10-18 10:46:32.628000+00:00,j3,1.132621891091922,0.027060249369305345,-0.3086394572373312,2.6871668224285687,-1.5545449313366468,Normal
b0f4ef1f-861d-4ce4-9500-bb53eff77c24,39779,2022-10-18 10:46:32.628000+00:00,j4,0.8218640177239338,0.052460633188687426,0.12803678903673754,0.6358228886174738,0.18604112910645998,Normal
b0f4ef1f-861d-4ce4-9500-bb53eff77c24,39779,2022-10-18 10:46:32.628000+00:00,j5,3.995539896605032,0.19254908719512115,1.4479943524547676,0.9578822062153401,3.037657690389692,Normal
b0f4ef1f-861d-4ce4-9500-bb53eff77c24,39779,2022-10-18 10:46:32.628000+00:00,j6,0.7427174195705672,0.03548337473380054,0.07892719584166966,0.6184547725808094,0.12426264698975786,Normal
b0f4ef1f-861d-4ce4-9500-bb53eff77c24,39779,2022-10-18 10:46:32.628000+00:00,j7,8.326457946165354,1.0268827136732597,3.441189619261758,0.8923523561103022,7.434105590055052,Normal
b0f4ef1f-861d-4ce4-9500-bb53eff77c24,39779,2022-10-18 10:46:32.628000+00:00,j8,0.1379036697184995,0.023351181196026086,0.08435764747469776,0.1056234159265771,0.032280253791922384,Normal
b0f4ef1f-861d-4ce4-9500-bb53eff77c24,39780,2022-10-18 10:46:34.628000+00:00,j1,0.4740045729986294,0.020077027823723254,-0.11643274068674464,0.7210234144585258,-0.2470188414598964,Normal
b0f4ef1f-861d-4ce4-9500-bb53eff77c24,39780,2022-10-18 10:46:34.628000+00:00,j2,11.024725949513783,0.21318966054748045,1.0772509836149853,3.7013770574371274,7.323348892076655,Normal
b0f4ef1f-861d-4ce4-9500-bb53eff77c24,39780,2022-10-18 10:46:34.628000+00:00,j3,3.4369744955023416,0.08211512390474149,0.14214816872084504,2.6871656669913766,0.749808828510965,Normal
b0f4ef1f-861d-4ce4-9500-bb53eff77c24,39780,2022-10-18 10:46:34.628000+00:00,j4,0.3085222078093146,0.019693367790053467,-0.19792001679023452,0.6358236666243667,-0.3273014588150521,Normal
b0f4ef1f-861d-4ce4-9500-bb53eff77c24,39780,2022-10-18 10:46:34.628000+00:00,j5,4.872467842670972,0.23480912711972826,1.8655473912086096,0.9578823738388978,3.9145854688320747,Normal
b0f4ef1f-861d-4ce4-9500-bb53eff77c24,39780,2022-10-18 10:46:34.628000+00:00,j6,1.2653302594283231,0.060451238350208596,0.3667928121648503,0.6184557214719038,0.6468745379564194,Normal
b0f4ef1f-861d-4ce4-9500-bb53eff77c24,39780,2022-10-18 10:46:34.628000+00:00,j7,0.5026980292436635,0.06199658003024777,-0.16958195356176212,0.8923534635475331,-0.3896554343038696,Normal
b0f4ef1f-861d-4ce4-9500-bb53eff77c24,39780,2022-10-18 10:46:34.628000+00:00,j8,0.1397620620564322,0.02366586213457512,0.08875028348805729,0.10562358592635203,0.034138476130080184,Normal
b0f4ef1f-861d-4ce4-9500-bb53eff77c24,39781,2022-10-18 10:46:36.628000+00:00,j1,1.029853934794415,0.04362068908414967,0.14065586385545947,0.7210231791128124,0.30883075568160245,Normal
b0f4ef1f-861d-4ce4-9500-bb53eff77c24,39781,2022-10-18 10:46:36.628000+00:00,j2,11.599773814172964,0.2243095976440258,1.160835040553387,3.7013814458439622,7.898392368329002,Normal
b0f4ef1f-861d-4ce4-9500-bb53eff77c24,39781,2022-10-18 10:46:36.628000+00:00,j3,6.188344393613589,0.14784999635923135,0.6803832904329109,2.6871645115541845,3.5011798820594042,Normal
b0f4ef1f-861d-4ce4-9500-bb53eff77c24,39781,2022-10-18 10:46:36.628000+00:00,j4,1.2969704378022324,0.08278728466850709,0.42971525770144137,0.6358244446312596,0.6611459931709728,Normal
b0f4ef1f-861d-4ce4-9500-bb53eff77c24,39781,2022-10-18 10:46:36.628000+00:00,j5,2.789375422224612,0.13442280775376958,0.8736739150985564,0.9578825414624556,1.8314928807621564,Normal
b0f4ef1f-861d-4ce4-9500-bb53eff77c24,39781,2022-10-18 10:46:36.628000+00:00,j6,0.7228300148687127,0.03453325263497234,0.06797281513199156,0.6184566703629981,0.10437334450571456,Normal
b0f4ef1f-861d-4ce4-9500-bb53eff77c24,39781,2022-10-18 10:46:36.628000+00:00,j7,0.1309579956625931,0.01615074535086639,-0.3411450332048187,0.8923545709847639,-0.7613965753221708,Normal
b0f4ef1f-861d-4ce4-9500-bb53eff77c24,39781,2022-10-18 10:46:36.628000+00:00,j8,0.1182690701106057,0.020026461164345557,0.037947829921601825,0.10562375592612695,0.012645314184478743,Normal
b0f4ef1f-861d-4ce4-9500-bb53eff77c24,39782,2022-10-18 10:46:38.628000+00:00,j1,10.689922870147246,0.45278440572771095,4.608581552117327,0.7210229437670991,9.968899926380146,Normal
b0f4ef1f-861d-4ce4-9500-bb53eff77c24,39782,2022-10-18 10:46:38.628000+00:00,j2,0.2564925214387307,0.0049599013915535865,-0.48792765853451237,3.701385834250797,-3.4448933128120665,Normal
b0f4ef1f-861d-4ce4-9500-bb53eff77c24,39782,2022-10-18 10:46:38.628000+00:00,j3,10.743276409271733,0.2566750130513541,1.5714391929929161,2.6871633561169923,8.056113053154741,Normal
b0f4ef1f-861d-4ce4-9500-bb53eff77c24,39782,2022-10-18 10:46:38.628000+00:00,j4,1.3140727602032776,0.08387894781813687,0.4405747245798453,0.6358252226381527,0.6782475375651249,Normal
b0f4ef1f-861d-4ce4-9500-bb53eff77c24,39782,2022-10-18 10:46:38.628000+00:00,j5,1.7361326700190507,0.08366597994574901,0.3721678179307712,0.9578827090860133,0.7782499609330374,Normal
b0f4ef1f-861d-4ce4-9500-bb53eff77c24,39782,2022-10-18 10:46:38.628000+00:00,j6,0.2074011811354882,0.009908605394927253,-0.2159357067744683,0.6184576192540925,-0.41105643811860426,Normal
b0f4ef1f-861d-4ce4-9500-bb53eff77c24,39782,2022-10-18 10:46:38.628000+00:00,j7,0.290983606637092,0.03588633216547269,-0.26729103804570065,0.8923556784219947,-0.6013720717849027,Normal
b0f4ef1f-861d-4ce4-9500-bb53eff77c24,39782,2022-10-18 10:46:38.628000+00:00,j8,0.1000154269508142,0.016935578015391084,-0.005197855024510252,0.10562392592590186,-0.005608498975087667,Normal
b0f4ef1f-861d-4ce4-9500-bb53eff77c24,39783,2022-10-18 10:46:40.628000+00:00,j1,0.3802709914192663,0.01610683041933756,-0.1597859175423019,0.7210227084213857,-0.3407517170021194,Normal
b0f4ef1f-861d-4ce4-9500-bb53eff77c24,39783,2022-10-18 10:46:40.628000+00:00,j2,12.234809551290562,0.23658954490544415,1.253138423404162,3.701390222657632,8.533419328632931,Normal
b0f4ef1f-861d-4ce4-9500-bb53eff77c24,39783,2022-10-18 10:46:40.628000+00:00,j3,6.212733940808732,0.1484327038225921,0.6851544812902697,2.6871622006798006,3.5255717401289317,Normal
b0f4ef1f-861d-4ce4-9500-bb53eff77c24,39783,2022-10-18 10:46:40.628000+00:00,j4,0.0745394170289624,0.004757946485702585,-0.3464921409153462,0.6358260006450456,-0.5612865836160832,Normal
b0f4ef1f-861d-4ce4-9500-bb53eff77c24,39783,2022-10-18 10:46:40.628000+00:00,j5,0.7185886945042719,0.03462951210000366,-0.11234015213443657,0.9578828767095711,-0.2392941822052992,Normal
b0f4ef1f-861d-4ce4-9500-bb53eff77c24,39783,2022-10-18 10:46:40.628000+00:00,j6,0.7766266605059015,0.03710339100289906,0.09760508470402142,0.6184585681451868,0.1581680923607146,Normal
b0f4ef1f-861d-4ce4-9500-bb53eff77c24,39783,2022-10-18 10:46:40.628000+00:00,j7,1.4599686480853875,0.1800545414288976,0.27221145200235614,0.8923567858592256,0.5676118622261619,Normal
b0f4ef1f-861d-4ce4-9500-bb53eff77c24,39783,2022-10-18 10:46:40.628000+00:00,j8,0.096617861833237,0.016360269476845355,-0.013228595675219897,0.10562409592567679,-0.00900623409243978,Normal
b0f4ef1f-861d-4ce4-9500-bb53eff77c24,39784,2022-10-18 10:46:42.628000+00:00,j1,0.2895887775971348,0.012265877327880741,-0.2017277913856233,0.7210224730756722,-0.43143369547853744,Normal
b0f4ef1f-861d-4ce4-9500-bb53eff77c24,39784,2022-10-18 10:46:42.628000+00:00,j2,11.862025900629291,0.2293808741134385,1.1989537688779792,3.701394611064467,8.160631289564824,Normal
b0f4ef1f-861d-4ce4-9500-bb53eff77c24,39784,2022-10-18 10:46:42.628000+00:00,j3,0.0,0.0,-0.5302079500176364,2.6871610452426085,-2.6871610452426085,Normal
b0f4ef1f-861d-4ce4-9500-bb53eff77c24,39784,2022-10-18 10:46:42.628000+00:00,j4,2.247163349054963,0.1434393155406805,1.0330595407686742,0.6358267786519385,1.6113365704030247,Normal
b0f4ef1f-861d-4ce4-9500-bb53eff77c24,39784,2022-10-18 10:46:42.628000+00:00,j5,1.7250577711825277,0.08313226942928971,0.36689445689372446,0.9578830443331288,0.7671747268493989,Normal
b0f4ef1f-861d-4ce4-9500-bb53eff77c24,39784,2022-10-18 10:46:42.628000+00:00,j6,0.4951377979631566,0.023655241639752897,-0.05744461695664433,0.6184595170362812,-0.12332171907312461,Normal
b0f4ef1f-861d-4ce4-9500-bb53eff77c24,39784,2022-10-18 10:46:42.628000+00:00,j7,7.751697109261424,0.9559987949975117,3.175929678631893,0.8923578932964564,6.859339215964967,Normal
b0f4ef1f-861d-4ce4-9500-bb53eff77c24,39784,2022-10-18 10:46:42.628000+00:00,j8,0.098259667733263,0.01663827590799016,-0.009347899669217846,0.10562426592545171,-0.007364598192188709,Normal
b0f4ef1f-861d-4ce4-9500-bb53eff77c24,39785,2022-10-18 10:46:44.628000+00:00,j1,0.0,0.0,-0.3356669120189621,0.7210222377299589,-0.7210222377299589,Normal
b0f4ef1f-861d-4ce4-9500-bb53eff77c24,39785,2022-10-18 10:46:44.628000+00:00,j2,12.374593687577246,0.2392926082470046,1.2734562541875112,3.701398999471302,8.673194688105944,Normal
b0f4ef1f-861d-4ce4-9500-bb53eff77c24,39785,2022-10-18 10:46:44.628000+00:00,j3,6.813030168403736,0.1627747942783166,0.8025870785374416,2.6871598898054163,4.1258702785983195,Normal
b0f4ef1f-861d-4ce4-9500-bb53eff77c24,39785,2022-10-18 10:46:44.628000+00:00,j4,0.2902156736443413,0.018524838260747037,-0.20954412238017175,0.6358275566588315,-0.3456118830144902,Normal
b0f4ef1f-861d-4ce4-9500-bb53eff77c24,39785,2022-10-18 10:46:44.628000+00:00,j5,0.3963722839283025,0.019101579119429963,-0.2657648912774114,0.9578832119566865,-0.561510928028384,Normal
b0f4ef1f-861d-4ce4-9500-bb53eff77c24,39785,2022-10-18 10:46:44.628000+00:00,j6,0.4479889027684841,0.021402699996869973,-0.08341517247890363,0.6184604659273756,-0.1704715631588915,Normal
b0f4ef1f-861d-4ce4-9500-bb53eff77c24,39785,2022-10-18 10:46:44.628000+00:00,j7,8.104855436738685,0.9995529910339157,3.33891704827277,0.8923590007336872,7.212496436004997,Normal
b0f4ef1f-861d-4ce4-9500-bb53eff77c24,39785,2022-10-18 10:46:44.628000+00:00,j8,0.0977194910949427,0.016546807982698353,-0.010624701831295606,0.10562443592522662,-0.007904944830283922,Normal
b0f4ef1f-861d-4ce4-9500-bb53eff77c24,39786,2022-10-18 10:46:46.628000+00:00,j1,0.0259100412834132,0.0010974506352756414,-0.3236831322127511,0.7210220023842455,-0.6951119611008323,Normal
b0f4ef1f-861d-4ce4-9500-bb53eff77c24,39786,2022-10-18 10:46:46.628000+00:00,j2,11.147387669162187,0.2155616206754478,1.0950800458363206,3.7014033878781367,7.44598428128405,Normal
b0f4ef1f-861d-4ce4-9500-bb53eff77c24,39786,2022-10-18 10:46:46.628000+00:00,j3,6.325600407526385,0.1511292742834258,0.7072339176076797,2.687158734368224,3.6384416731581606,Normal
b0f4ef1f-861d-4ce4-9500-bb53eff77c24,39786,2022-10-18 10:46:46.628000+00:00,j4,2.3141827311730734,0.1477172485636732,1.0756148583013527,0.6358283346657244,1.6783543965073489,Normal
b0f4ef1f-861d-4ce4-9500-bb53eff77c24,39786,2022-10-18 10:46:46.628000+00:00,j5,0.7697951247648711,0.03709720148875854,-0.08795798863403637,0.9578833795802442,-0.18808825481537306,Normal
b0f4ef1f-861d-4ce4-9500-bb53eff77c24,39786,2022-10-18 10:46:46.628000+00:00,j6,0.8508491528383761,0.04064937557214829,0.13848831961678357,0.6184614148184701,0.2323877380199061,Normal
b0f4ef1f-861d-4ce4-9500-bb53eff77c24,39786,2022-10-18 10:46:46.628000+00:00,j7,0.023896724526089,0.0029471275166355467,-0.39055526543011176,0.892360108170918,-0.868463383644829,Normal
b0f4ef1f-861d-4ce4-9500-bb53eff77c24,39786,2022-10-18 10:46:46.628000+00:00,j8,0.097474777179463,0.016505370659143294,-0.011203126061833551,0.10562460592500154,-0.008149828745538545,Normal
b0f4ef1f-861d-4ce4-9500-bb53eff77c24,39787,2022-10-18 10:46:48.628000+00:00,j1,0.7148865422643069,0.030279870316540808,-0.0050212439858759285,0.7210217670385322,-0.006135224774225234,Normal
b0f4ef1f-861d-4ce4-9500-bb53eff77c24,39787,2022-10-18 10:46:48.628000+00:00,j2,4.207586565893987,0.08136383215463405,0.08636969978444986,3.7014077762849715,0.5061787896090153,Normal
b0f4ef1f-861d-4ce4-9500-bb53eff77c24,39787,2022-10-18 10:46:48.628000+00:00,j3,14.22832313740997,0.3399386637619941,2.2531994140302247,2.687157578931032,11.541165558478937,Normal
b0f4ef1f-861d-4ce4-9500-bb53eff77c24,39787,2022-10-18 10:46:48.628000+00:00,j4,2.315979769154779,0.14783195580033442,1.0767559240574498,0.6358291126726173,1.6801506564821618,Normal
b0f4ef1f-861d-4ce4-9500-bb53eff77c24,39787,2022-10-18 10:46:48.628000+00:00,j5,6.554778389445952,0.31588136480041945,2.6665868427221198,0.9578835472038019,5.59689484224215,Normal
b0f4ef1f-861d-4ce4-9500-bb53eff77c24,39787,2022-10-18 10:46:48.628000+00:00,j6,1.996068000582618,0.09536228314097266,0.7692977913483773,0.6184623637095644,1.3776056368730534,Normal
b0f4ef1f-861d-4ce4-9500-bb53eff77c24,39787,2022-10-18 10:46:48.628000+00:00,j7,0.1912070478593508,0.02358112098190423,-0.3133392764751045,0.892361215608149,-0.7011541677487981,Normal
b0f4ef1f-861d-4ce4-9500-bb53eff77c24,39787,2022-10-18 10:46:48.628000+00:00,j8,0.0941616743934654,0.01594436409829678,-0.019034225188040602,0.10562477592477647,-0.011463101531311068,Normal
b0f4ef1f-861d-4ce4-9500-bb53eff77c24,39788,2022-10-18 10:46:50.628000+00:00,j1,0.1592353270741111,0.006744601791417411,-0.26201820277326393,0.7210215316928188,-0.5617862046187077,Normal
b0f4ef1f-861d-4ce4-9500-bb53eff77c24,39788,2022-10-18 10:46:50.628000+00:00,j2,21.67100962362702,0.41906122714877836,2.6247040488078426,3.7014121646918063,17.969597458935215,Normal
b0f4ef1f-861d-4ce4-9500-bb53eff77c24,39788,2022-10-18 10:46:50.628000+00:00,j3,4.658584943225575,0.11130146014592986,0.3811249956703636,2.68715642349384,1.9714285197317354,Normal
b0f4ef1f-861d-4ce4-9500-bb53eff77c24,39788,2022-10-18 10:46:50.628000+00:00,j4,1.899794159949846,0.12126629516540893,0.8124904206686735,0.6358298906795103,1.2639642692703357,Normal
b0f4ef1f-861d-4ce4-9500-bb53eff77c24,39788,2022-10-18 10:46:50.628000+00:00,j5,4.51639746222035,0.21764973727325412,1.6960029377168582,0.9578837148273597,3.5585137473929906,Normal
b0f4ef1f-861d-4ce4-9500-bb53eff77c24,39788,2022-10-18 10:46:50.628000+00:00,j6,0.992151286873063,0.047400094540793844,0.2163203642958752,0.6184633126006588,0.3736879742724042,Normal
b0f4ef1f-861d-4ce4-9500-bb53eff77c24,39788,2022-10-18 10:46:50.628000+00:00,j7,0.4734949457684909,0.05839503159266483,-0.18305957362815517,0.8923623230453798,-0.4188673772768889,Normal
b0f4ef1f-861d-4ce4-9500-bb53eff77c24,39788,2022-10-18 10:46:50.628000+00:00,j8,0.1339917932944093,0.022688784499971096,0.07511124190708468,0.10562494592455138,0.028366847369857923,Normal
b0f4ef1f-861d-4ce4-9500-bb53eff77c24,39789,2022-10-18 10:46:52.628000+00:00,j1,7.706077184640895,0.32640007050784625,3.2285085032290657,0.7210212963471053,6.98505588829379,Normal
b0f4ef1f-861d-4ce4-9500-bb53eff77c24,39789,2022-10-18 10:46:52.628000+00:00,j2,4.561658334355671,0.08821066358368392,0.13783455458035826,3.701416553098641,0.8602417812570295,Normal
b0f4ef1f-861d-4ce4-9500-bb53eff77c24,39789,2022-10-18 10:46:52.628000+00:00,j3,1.0448786811760484,0.024963915933177063,-0.3258041711861526,2.6871552680566477,-1.6422765868805993,Normal
b0f4ef1f-861d-4ce4-9500-bb53eff77c24,39789,2022-10-18 10:46:52.628000+00:00,j4,0.2918546058302674,0.018629453401905197,-0.2085034491095096,0.6358306686864033,-0.34397606285613586,Normal
b0f4ef1f-861d-4ce4-9500-bb53eff77c24,39789,2022-10-18 10:46:52.628000+00:00,j5,9.672029574282044,0.46610483540275366,4.150879492564813,0.9578838824509174,8.714145691831128,Normal
b0f4ef1f-861d-4ce4-9500-bb53eff77c24,39789,2022-10-18 10:46:52.628000+00:00,j6,9.446753641126396,0.4513192913393547,4.873284625137564,0.6184642614917532,8.828289379634642,Normal
b0f4ef1f-861d-4ce4-9500-bb53eff77c24,39789,2022-10-18 10:46:52.628000+00:00,j7,0.2539992389147713,0.03132513601991634,-0.2843598265858212,0.8923634304826106,-0.6383641915678393,Normal
b0f4ef1f-861d-4ce4-9500-bb53eff77c24,39789,2022-10-18 10:46:52.628000+00:00,j8,0.4934159582836175,0.08354995534499521,0.9246732525638612,0.1056251159243263,0.3877908423592912,Normal
b0f4ef1f-861d-4ce4-9500-bb53eff77c24,39790,2022-10-18 10:46:54.628000+00:00,j1,0.1036728255533823,0.004391185912050856,-0.28771668686379037,0.721021061001392,-0.6173482354480097,Normal
b0f4ef1f-861d-4ce4-9500-bb53eff77c24,39790,2022-10-18 10:46:54.628000+00:00,j2,4.237621569050016,0.0819446313651268,0.09073533187913904,3.701420941505476,0.5362006275445399,Normal
b0f4ef1f-861d-4ce4-9500-bb53eff77c24,39790,2022-10-18 10:46:54.628000+00:00,j3,5.901648897198087,0.14100035687488324,0.6242986521901837,2.687154112619456,3.214494784578631,Normal
b0f4ef1f-861d-4ce4-9500-bb53eff77c24,39790,2022-10-18 10:46:54.628000+00:00,j4,0.5376855408382512,0.03432115693164635,-0.05240810522550394,0.6358314466932962,-0.09814590585504501,Normal
b0f4ef1f-861d-4ce4-9500-bb53eff77c24,39790,2022-10-18 10:46:54.628000+00:00,j5,0.5971987915592046,0.028779610556876212,-0.17014048005891053,0.9578840500744751,-0.36068525851527045,Normal
b0f4ef1f-861d-4ce4-9500-bb53eff77c24,39790,2022-10-18 10:46:54.628000+00:00,j6,0.0,0.0,-0.3301764300792632,0.6184652103828475,-0.6184652103828475,Normal
b0f4ef1f-861d-4ce4-9500-bb53eff77c24,39790,2022-10-18 10:46:54.628000+00:00,j7,4.93398485270624,0.6084968887764711,1.8755171628591771,0.8923645379198415,4.041620314786399,Normal
b0f4ef1f-861d-4ce4-9500-bb53eff77c24,39790,2022-10-18 10:46:54.628000+00:00,j8,4.045340317943571,0.6849960915232848,9.320269026665743,0.10562528592410123,3.9397150320194703,Normal
b0f4ef1f-861d-4ce4-9500-bb53eff77c24,39791,2022-10-18 10:46:56.628000+00:00,j1,0.2308372859302697,0.009777387975512603,-0.22890123089198455,0.7210208256556786,-0.4901835397254089,Normal
b0f4ef1f-861d-4ce4-9500-bb53eff77c24,39791,2022-10-18 10:46:56.628000+00:00,j2,4.253413399514422,0.08225000448655831,0.09303069777442984,3.7014253299123108,0.5519880696021109,Normal
b0f4ef1f-861d-4ce4-9500-bb53eff77c24,39791,2022-10-18 10:46:56.628000+00:00,j3,6.794841490132695,0.16234023604349568,0.7990289290244607,2.687152957182264,4.107688532950432,Normal
b0f4ef1f-861d-4ce4-9500-bb53eff77c24,39791,2022-10-18 10:46:56.628000+00:00,j4,0.0517327139989513,0.0033021654123150525,-0.3609737201039636,0.6358322247001891,-0.5840995107012378,Normal
b0f4ef1f-861d-4ce4-9500-bb53eff77c24,39791,2022-10-18 10:46:56.628000+00:00,j5,1.7714393087118876,0.08536744238340609,0.3889792268276083,0.9578842176980328,0.8135550910138548,Normal
b0f4ef1f-861d-4ce4-9500-bb53eff77c24,39791,2022-10-18 10:46:56.628000+00:00,j6,7.006959685056376,0.3347579707949282,3.529397262827776,0.6184661592739419,6.388493525782434,Normal
b0f4ef1f-861d-4ce4-9500-bb53eff77c24,39791,2022-10-18 10:46:56.628000+00:00,j7,1.0431030706196496,0.12864347826222047,0.07982232033352792,0.8923656453570723,0.15073742526257727,Normal
b0f4ef1f-861d-4ce4-9500-bb53eff77c24,39791,2022-10-18 10:46:56.628000+00:00,j8,0.178813693817963,0.030278461575369137,0.1810556597828044,0.10562545592387614,0.07318823789408686,Normal
b0f4ef1f-861d-4ce4-9500-bb53eff77c24,39792,2022-10-18 10:46:58.628000+00:00,j1,0.2642655694912226,0.011193282710254967,-0.2134401521112845,0.7210205903099652,-0.45675502081874264,Normal
b0f4ef1f-861d-4ce4-9500-bb53eff77c24,39792,2022-10-18 10:46:58.628000+00:00,j2,3.938485020994648,0.07616010488988306,0.047255392552982965,3.7014297183191456,0.23705530267550223,Normal
b0f4ef1f-861d-4ce4-9500-bb53eff77c24,39792,2022-10-18 10:46:58.628000+00:00,j3,6.70269422876064,0.16013868238199752,0.7810026750939845,2.6871518017450717,4.015542427015568,Normal
b0f4ef1f-861d-4ce4-9500-bb53eff77c24,39792,2022-10-18 10:46:58.628000+00:00,j4,0.7757483575579691,0.04951701151886336,0.09875471421645335,0.6358330027070821,0.13991535485088702,Normal
b0f4ef1f-861d-4ce4-9500-bb53eff77c24,39792,2022-10-18 10:46:58.628000+00:00,j5,0.7529704609944892,0.03628640401578011,-0.09596912514171746,0.9578843853215905,-0.20491392432710132,Normal
b0f4ef1f-861d-4ce4-9500-bb53eff77c24,39792,2022-10-18 10:46:58.628000+00:00,j6,0.7654497665165785,0.036569414139918766,0.09144862770290559,0.6184671081650364,0.14698265835154212,Normal
b0f4ef1f-861d-4ce4-9500-bb53eff77c24,39792,2022-10-18 10:46:58.628000+00:00,j7,0.4651396797094499,0.05736459604136039,-0.18691564251187837,0.8923667527943031,-0.4272270730848532,Normal
b0f4ef1f-861d-4ce4-9500-bb53eff77c24,39792,2022-10-18 10:46:58.628000+00:00,j8,0.1163240814044987,0.0196971168924111,0.03335050821421301,0.10562562592365106,0.010698455480847635,Normal
b0f4ef1f-861d-4ce4-9500-bb53eff77c24,39793,2022-10-18 10:47:00.628000+00:00,j1,0.0,0.0,-0.3356669120189621,0.7210203549642518,-0.7210203549642518,Normal
b0f4ef1f-861d-4ce4-9500-bb53eff77c24,39793,2022-10-18 10:47:00.628000+00:00,j2,0.0,0.0,-0.5252092255722672,3.7014341067259804,-3.7014341067259804,Normal
b0f4ef1f-861d-4ce4-9500-bb53eff77c24,39793,2022-10-18 10:47:00.628000+00:00,j3,0.0,0.0,-0.5302079500176364,2.6871506463078796,-2.6871506463078796,Normal
b0f4ef1f-861d-4ce4-9500-bb53eff77c24,39793,2022-10-18 10:47:00.628000+00:00,j4,0.0,0.0,-0.39382245731214677,0.635833780713975,-0.635833780713975,Normal
b0f4ef1f-861d-4ce4-9500-bb53eff77c24,39793,2022-10-18 10:47:00.628000+00:00,j5,0.0,0.0,-0.4544992706235773,0.9578845529451482,-0.9578845529451482,Normal
b0f4ef1f-861d-4ce4-9500-bb53eff77c24,39793,2022-10-18 10:47:00.628000+00:00,j6,0.0,0.0,-0.3301764300792632,0.6184680570561307,-0.6184680570561307,Normal
b0f4ef1f-861d-4ce4-9500-bb53eff77c24,39793,2022-10-18 10:47:00.628000+00:00,j7,0.0,0.0,-0.40158392869670473,0.892367860231534,-0.892367860231534,Normal
b0f4ef1f-861d-4ce4-9500-bb53eff77c24,39793,2022-10-18 10:47:00.628000+00:00,j8,0.0,0.0,-0.24160184644668103,0.10562579592342598,-0.10562579592342598,Normal
b0f4ef1f-861d-4ce4-9500-bb53eff77c24,39794,2022-10-18 10:47:02.628000+00:00,j1,0.0,0.0,-0.3356669120189621,0.7210201196185384,-0.7210201196185384,Normal
b0f4ef1f-861d-4ce4-9500-bb53eff77c24,39794,2022-10-18 10:47:02.628000+00:00,j2,0.0,0.0,-0.5252092255722672,3.7014384951328156,-3.7014384951328156,Normal
b0f4ef1f-861d-4ce4-9500-bb53eff77c24,39794,2022-10-18 10:47:02.628000+00:00,j3,0.0,0.0,-0.5302079500176364,2.6871494908706874,-2.6871494908706874,Normal
b0f4ef1f-861d-4ce4-9500-bb53eff77c24,39794,2022-10-18 10:47:02.628000+00:00,j4,0.0,0.0,-0.39382245731214677,0.6358345587208679,-0.6358345587208679,Normal
b0f4ef1f-861d-4ce4-9500-bb53eff77c24,39794,2022-10-18 10:47:02.628000+00:00,j5,0.0,0.0,-0.4544992706235773,0.957884720568706,-0.957884720568706,Normal
b0f4ef1f-861d-4ce4-9500-bb53eff77c24,39794,2022-10-18 10:47:02.628000+00:00,j6,0.0,0.0,-0.3301764300792632,0.6184690059472251,-0.6184690059472251,Normal
b0f4ef1f-861d-4ce4-9500-bb53eff77c24,39794,2022-10-18 10:47:02.628000+00:00,j7,0.0,0.0,-0.40158392869670473,0.8923689676687648,-0.8923689676687648,Normal
b0f4ef1f-861d-4ce4-9500-bb53eff77c24,39794,2022-10-18 10:47:02.628000+00:00,j8,0.0,0.0,-0.24160184644668103,0.10562596592320089,-0.10562596592320089,Normal
b0f4ef1f-861d-4ce4-9500-bb53eff77c24,39795,2022-10-18 10:47:04.628000+00:00,j1,0.0,0.0,-0.3356669120189621,0.721019884272825,-0.721019884272825,Normal
b0f4ef1f-861d-4ce4-9500-bb53eff77c24,39795,2022-10-18 10:47:04.628000+00:00,j2,0.0,0.0,-0.5252092255722672,3.7014428835396505,-3.7014428835396505,Normal
b0f4ef1f-861d-4ce4-9500-bb53eff77c24,39795,2022-10-18 10:47:04.628000+00:00,j3,0.0,0.0,-0.5302079500176364,2.6871483354334953,-2.6871483354334953,Normal
b0f4ef1f-861d-4ce4-9500-bb53eff77c24,39795,2022-10-18 10:47:04.628000+00:00,j4,0.0,0.0,-0.39382245731214677,0.6358353367277609,-0.6358353367277609,Normal
b0f4ef1f-861d-4ce4-9500-bb53eff77c24,39795,2022-10-18 10:47:04.628000+00:00,j5,0.0,0.0,-0.4544992706235773,0.9578848881922637,-0.9578848881922637,Normal
b0f4ef1f-861d-4ce4-9500-bb53eff77c24,39795,2022-10-18 10:47:04.628000+00:00,j6,0.0,0.0,-0.3301764300792632,0.6184699548383195,-0.6184699548383195,Normal
b0f4ef1f-861d-4ce4-9500-bb53eff77c24,39795,2022-10-18 10:47:04.628000+00:00,j7,0.0,0.0,-0.40158392869670473,0.8923700751059956,-0.8923700751059956,Normal
b0f4ef1f-861d-4ce4-9500-bb53eff77c24,39795,2022-10-18 10:47:04.628000+00:00,j8,0.0,0.0,-0.24160184644668103,0.10562613592297582,-0.10562613592297582,Normal
b0f4ef1f-861d-4ce4-9500-bb53eff77c24,39796,2022-10-18 10:47:06.628000+00:00,j1,0.0,0.0,-0.3356669120189621,0.7210196489271117,-0.7210196489271117,Normal
b0f4ef1f-861d-4ce4-9500-bb53eff77c24,39796,2022-10-18 10:47:06.628000+00:00,j2,0.0,0.0,-0.5252092255722672,3.7014472719464853,-3.7014472719464853,Normal
b0f4ef1f-861d-4ce4-9500-bb53eff77c24,39796,2022-10-18 10:47:06.628000+00:00,j3,0.0,0.0,-0.5302079500176364,2.6871471799963036,-2.6871471799963036,Normal
b0f4ef1f-861d-4ce4-9500-bb53eff77c24,39796,2022-10-18 10:47:06.628000+00:00,j4,0.0,0.0,-0.39382245731214677,0.6358361147346538,-0.6358361147346538,Normal
b0f4ef1f-861d-4ce4-9500-bb53eff77c24,39796,2022-10-18 10:47:06.628000+00:00,j5,0.0,0.0,-0.4544992706235773,0.9578850558158214,-0.9578850558158214,Normal
b0f4ef1f-861d-4ce4-9500-bb53eff77c24,39796,2022-10-18 10:47:06.628000+00:00,j6,0.0,0.0,-0.3301764300792632,0.6184709037294138,-0.6184709037294138,Normal
b0f4ef1f-861d-4ce4-9500-bb53eff77c24,39796,2022-10-18 10:47:06.628000+00:00,j7,0.0,0.0,-0.40158392869670473,0.8923711825432264,-0.8923711825432264,Normal
b0f4ef1f-861d-4ce4-9500-bb53eff77c24,39796,2022-10-18 10:47:06.628000+00:00,j8,0.0,0.0,-0.24160184644668103,0.10562630592275074,-0.10562630592275074,Normal
b0f4ef1f-861d-4ce4-9500-bb53eff77c24,39797,2022-10-18 10:47:08.628000+00:00,j1,0.0,0.0,-0.3356669120189621,0.7210194135813983,-0.7210194135813983,Normal
b0f4ef1f-861d-4ce4-9500-bb53eff77c24,39797,2022-10-18 10:47:08.628000+00:00,j2,0.0,0.0,-0.5252092255722672,3.70145166035332,-3.70145166035332,Normal
b0f4ef1f-861d-4ce4-9500-bb53eff77c24,39797,2022-10-18 10:47:08.628000+00:00,j3,0.0,0.0,-0.5302079500176364,2.6871460245591114,-2.6871460245591114,Normal
b0f4ef1f-861d-4ce4-9500-bb53eff77c24,39797,2022-10-18 10:47:08.628000+00:00,j4,0.0,0.0,-0.39382245731214677,0.6358368927415468,-0.6358368927415468,Normal
b0f4ef1f-861d-4ce4-9500-bb53eff77c24,39797,2022-10-18 10:47:08.628000+00:00,j5,0.0,0.0,-0.4544992706235773,0.9578852234393791,-0.9578852234393791,Normal
b0f4ef1f-861d-4ce4-9500-bb53eff77c24,39797,2022-10-18 10:47:08.628000+00:00,j6,0.0,0.0,-0.3301764300792632,0.6184718526205082,-0.6184718526205082,Normal
b0f4ef1f-861d-4ce4-9500-bb53eff77c24,39797,2022-10-18 10:47:08.628000+00:00,j7,0.0,0.0,-0.40158392869670473,0.8923722899804574,-0.8923722899804574,Normal
b0f4ef1f-861d-4ce4-9500-bb53eff77c24,39797,2022-10-18 10:47:08.628000+00:00,j8,0.0,0.0,-0.24160184644668103,0.10562647592252565,-0.10562647592252565,Normal
b0f4ef1f-861d-4ce4-9500-bb53eff77c24,39798,2022-10-18 10:47:10.628000+00:00,j1,0.0,0.0,-0.3356669120189621,0.7210191782356848,-0.7210191782356848,Normal
b0f4ef1f-861d-4ce4-9500-bb53eff77c24,39798,2022-10-18 10:47:10.628000+00:00,j2,0.0,0.0,-0.5252092255722672,3.701456048760155,-3.701456048760155,Normal
b0f4ef1f-861d-4ce4-9500-bb53eff77c24,39798,2022-10-18 10:47:10.628000+00:00,j3,0.0,0.0,-0.5302079500176364,2.6871448691219193,-2.6871448691219193,Normal
b0f4ef1f-861d-4ce4-9500-bb53eff77c24,39798,2022-10-18 10:47:10.628000+00:00,j4,0.0,0.0,-0.39382245731214677,0.6358376707484398,-0.6358376707484398,Normal
b0f4ef1f-861d-4ce4-9500-bb53eff77c24,39798,2022-10-18 10:47:10.628000+00:00,j5,0.0,0.0,-0.4544992706235773,0.9578853910629368,-0.9578853910629368,Normal
b0f4ef1f-861d-4ce4-9500-bb53eff77c24,39798,2022-10-18 10:47:10.628000+00:00,j6,0.0,0.0,-0.3301764300792632,0.6184728015116026,-0.6184728015116026,Normal
b0f4ef1f-861d-4ce4-9500-bb53eff77c24,39798,2022-10-18 10:47:10.628000+00:00,j7,0.0,0.0,-0.40158392869670473,0.8923733974176882,-0.8923733974176882,Normal
b0f4ef1f-861d-4ce4-9500-bb53eff77c24,39798,2022-10-18 10:47:10.628000+00:00,j8,0.0,0.0,-0.24160184644668103,0.10562664592230057,-0.10562664592230057,Normal
b0f4ef1f-861d-4ce4-9500-bb53eff77c24,39799,2022-10-18 10:47:12.628000+00:00,j1,0.0,0.0,-0.3356669120189621,0.7210189428899715,-0.7210189428899715,Normal
b0f4ef1f-861d-4ce4-9500-bb53eff77c24,39799,2022-10-18 10:47:12.628000+00:00,j2,0.0,0.0,-0.5252092255722672,3.7014604371669897,-3.7014604371669897,Normal
b0f4ef1f-861d-4ce4-9500-bb53eff77c24,39799,2022-10-18 10:47:12.628000+00:00,j3,0.0,0.0,-0.5302079500176364,2.687143713684727,-2.687143713684727,Normal
b0f4ef1f-861d-4ce4-9500-bb53eff77c24,39799,2022-10-18 10:47:12.628000+00:00,j4,0.0,0.0,-0.39382245731214677,0.6358384487553327,-0.6358384487553327,Normal
b0f4ef1f-861d-4ce4-9500-bb53eff77c24,39799,2022-10-18 10:47:12.628000+00:00,j5,0.0,0.0,-0.4544992706235773,0.9578855586864946,-0.9578855586864946,Normal
b0f4ef1f-861d-4ce4-9500-bb53eff77c24,39799,2022-10-18 10:47:12.628000+00:00,j6,0.0,0.0,-0.3301764300792632,0.6184737504026969,-0.6184737504026969,Normal
b0f4ef1f-861d-4ce4-9500-bb53eff77c24,39799,2022-10-18 10:47:12.628000+00:00,j7,0.0,0.0,-0.40158392869670473,0.892374504854919,-0.892374504854919,Normal
b0f4ef1f-861d-4ce4-9500-bb53eff77c24,39799,2022-10-18 10:47:12.628000+00:00,j8,0.0,0.0,-0.24160184644668103,0.1056268159220755,-0.1056268159220755,Normal
b0f4ef1f-861d-4ce4-9500-bb53eff77c24,39800,2022-10-18 10:47:14.628000+00:00,j1,0.0,0.0,-0.3356669120189621,0.7210187075442581,-0.7210187075442581,Normal
b0f4ef1f-861d-4ce4-9500-bb53eff77c24,39800,2022-10-18 10:47:14.628000+00:00,j2,0.0,0.0,-0.5252092255722672,3.7014648255738245,-3.7014648255738245,Normal
b0f4ef1f-861d-4ce4-9500-bb53eff77c24,39800,2022-10-18 10:47:14.628000+00:00,j3,0.0,0.0,-0.5302079500176364,2.687142558247535,-2.687142558247535,Normal
b0f4ef1f-861d-4ce4-9500-bb53eff77c24,39800,2022-10-18 10:47:14.628000+00:00,j4,0.0,0.0,-0.39382245731214677,0.6358392267622256,-0.6358392267622256,Normal
b0f4ef1f-861d-4ce4-9500-bb53eff77c24,39800,2022-10-18 10:47:14.628000+00:00,j5,0.0,0.0,-0.4544992706235773,0.9578857263100523,-0.9578857263100523,Normal
b0f4ef1f-861d-4ce4-9500-bb53eff77c24,39800,2022-10-18 10:47:14.628000+00:00,j6,0.0,0.0,-0.3301764300792632,0.6184746992937914,-0.6184746992937914,Normal
b0f4ef1f-861d-4ce4-9500-bb53eff77c24,39800,2022-10-18 10:47:14.628000+00:00,j7,0.0,0.0,-0.40158392869670473,0.8923756122921499,-0.8923756122921499,Normal
b0f4ef1f-861d-4ce4-9500-bb53eff77c24,39800,2022-10-18 10:47:14.628000+00:00,j8,0.0,0.0,-0.24160184644668103,0.10562698592185041,-0.10562698592185041,Normal
b0f4ef1f-861d-4ce4-9500-bb53eff77c24,39801,2022-10-18 10:47:16.628000+00:00,j1,0.0,0.0,-0.3356669120189621,0.7210184721985448,-0.7210184721985448,Normal
b0f4ef1f-861d-4ce4-9500-bb53eff77c24,39801,2022-10-18 10:47:16.628000+00:00,j2,0.0,0.0,-0.5252092255722672,3.7014692139806593,-3.7014692139806593,Normal
b0f4ef1f-861d-4ce4-9500-bb53eff77c24,39801,2022-10-18 10:47:16.628000+00:00,j3,0.0,0.0,-0.5302079500176364,2.687141402810343,-2.687141402810343,Normal
b0f4ef1f-861d-4ce4-9500-bb53eff77c24,39801,2022-10-18 10:47:16.628000+00:00,j4,0.0,0.0,-0.39382245731214677,0.6358400047691186,-0.6358400047691186,Normal
b0f4ef1f-861d-4ce4-9500-bb53eff77c24,39801,2022-10-18 10:47:16.628000+00:00,j5,0.0,0.0,-0.4544992706235773,0.95788589393361,-0.95788589393361,Normal
b0f4ef1f-861d-4ce4-9500-bb53eff77c24,39801,2022-10-18 10:47:16.628000+00:00,j6,0.0,0.0,-0.3301764300792632,0.6184756481848858,-0.6184756481848858,Normal
b0f4ef1f-861d-4ce4-9500-bb53eff77c24,39801,2022-10-18 10:47:16.628000+00:00,j7,0.0,0.0,-0.40158392869670473,0.8923767197293807,-0.8923767197293807,Normal
b0f4ef1f-861d-4ce4-9500-bb53eff77c24,39801,2022-10-18 10:47:16.628000+00:00,j8,0.0,0.0,-0.24160184644668103,0.10562715592162533,-0.10562715592162533,Normal
b0f4ef1f-861d-4ce4-9500-bb53eff77c24,39802,2022-10-18 10:47:18.628000+00:00,j1,0.0,0.0,-0.3356669120189621,0.7210182368528314,-0.7210182368528314,Normal
b0f4ef1f-861d-4ce4-9500-bb53eff77c24,39802,2022-10-18 10:47:18.628000+00:00,j2,0.0,0.0,-0.5252092255722672,3.701473602387494,-3.701473602387494,Normal
b0f4ef1f-861d-4ce4-9500-bb53eff77c24,39802,2022-10-18 10:47:18.628000+00:00,j3,0.0,0.0,-0.5302079500176364,2.687140247373151,-2.687140247373151,Normal
b0f4ef1f-861d-4ce4-9500-bb53eff77c24,39802,2022-10-18 10:47:18.628000+00:00,j4,0.0,0.0,-0.39382245731214677,0.6358407827760115,-0.6358407827760115,Normal
b0f4ef1f-861d-4ce4-9500-bb53eff77c24,39802,2022-10-18 10:47:18.628000+00:00,j5,0.0,0.0,-0.4544992706235773,0.9578860615571677,-0.9578860615571677,Normal
b0f4ef1f-861d-4ce4-9500-bb53eff77c24,39802,2022-10-18 10:47:18.628000+00:00,j6,0.0,0.0,-0.3301764300792632,0.6184765970759801,-0.6184765970759801,Normal
b0f4ef1f-861d-4ce4-9500-bb53eff77c24,39802,2022-10-18 10:47:18.628000+00:00,j7,0.0,0.0,-0.40158392869670473,0.8923778271666115,-0.8923778271666115,Normal
b0f4ef1f-861d-4ce4-9500-bb53eff77c24,39802,2022-10-18 10:47:18.628000+00:00,j8,0.0,0.0,-0.24160184644668103,0.10562732592140026,-0.10562732592140026,Normal
b0f4ef1f-861d-4ce4-9500-bb53eff77c24,39803,2022-10-18 10:47:20.628000+00:00,j1,0.0,0.0,-0.3356669120189621,0.7210180015071179,-0.7210180015071179,Normal
b0f4ef1f-861d-4ce4-9500-bb53eff77c24,39803,2022-10-18 10:47:20.628000+00:00,j2,0.0,0.0,-0.5252092255722672,3.701477990794329,-3.701477990794329,Normal
b0f4ef1f-861d-4ce4-9500-bb53eff77c24,39803,2022-10-18 10:47:20.628000+00:00,j3,0.0,0.0,-0.5302079500176364,2.687139091935959,-2.687139091935959,Normal
b0f4ef1f-861d-4ce4-9500-bb53eff77c24,39803,2022-10-18 10:47:20.628000+00:00,j4,0.0,0.0,-0.39382245731214677,0.6358415607829044,-0.6358415607829044,Normal
b0f4ef1f-861d-4ce4-9500-bb53eff77c24,39803,2022-10-18 10:47:20.628000+00:00,j5,0.0,0.0,-0.4544992706235773,0.9578862291807254,-0.9578862291807254,Normal
b0f4ef1f-861d-4ce4-9500-bb53eff77c24,39803,2022-10-18 10:47:20.628000+00:00,j6,0.0,0.0,-0.3301764300792632,0.6184775459670745,-0.6184775459670745,Normal
b0f4ef1f-861d-4ce4-9500-bb53eff77c24,39803,2022-10-18 10:47:20.628000+00:00,j7,0.0,0.0,-0.40158392869670473,0.8923789346038424,-0.8923789346038424,Normal
b0f4ef1f-861d-4ce4-9500-bb53eff77c24,39803,2022-10-18 10:47:20.628000+00:00,j8,0.0,0.0,-0.24160184644668103,0.10562749592117517,-0.10562749592117517,Normal
b0f4ef1f-861d-4ce4-9500-bb53eff77c24,39804,2022-10-18 10:47:22.628000+00:00,j1,0.0,0.0,-0.3356669120189621,0.7210177661614046,-0.7210177661614046,Normal
b0f4ef1f-861d-4ce4-9500-bb53eff77c24,39804,2022-10-18 10:47:22.628000+00:00,j2,0.0,0.0,-0.5252092255722672,3.701482379201164,-3.701482379201164,Normal
b0f4ef1f-861d-4ce4-9500-bb53eff77c24,39804,2022-10-18 10:47:22.628000+00:00,j3,0.0,0.0,-0.5302079500176364,2.687137936498767,-2.687137936498767,Normal
b0f4ef1f-861d-4ce4-9500-bb53eff77c24,39804,2022-10-18 10:47:22.628000+00:00,j4,0.0,0.0,-0.39382245731214677,0.6358423387897975,-0.6358423387897975,Normal
b0f4ef1f-861d-4ce4-9500-bb53eff77c24,39804,2022-10-18 10:47:22.628000+00:00,j5,0.0,0.0,-0.4544992706235773,0.9578863968042831,-0.9578863968042831,Normal
b0f4ef1f-861d-4ce4-9500-bb53eff77c24,39804,2022-10-18 10:47:22.628000+00:00,j6,0.0,0.0,-0.3301764300792632,0.6184784948581689,-0.6184784948581689,Normal
b0f4ef1f-861d-4ce4-9500-bb53eff77c24,39804,2022-10-18 10:47:22.628000+00:00,j7,0.0,0.0,-0.40158392869670473,0.8923800420410732,-0.8923800420410732,Normal
b0f4ef1f-861d-4ce4-9500-bb53eff77c24,39804,2022-10-18 10:47:22.628000+00:00,j8,0.0,0.0,-0.24160184644668103,0.10562766592095009,-0.10562766592095009,Normal
b0f4ef1f-861d-4ce4-9500-bb53eff77c24,39805,2022-10-18 10:47:24.628000+00:00,j1,0.0,0.0,-0.3356669120189621,0.7210175308156912,-0.7210175308156912,Normal
b0f4ef1f-861d-4ce4-9500-bb53eff77c24,39805,2022-10-18 10:47:24.628000+00:00,j2,0.0,0.0,-0.5252092255722672,3.701486767607999,-3.701486767607999,Normal
b0f4ef1f-861d-4ce4-9500-bb53eff77c24,39805,2022-10-18 10:47:24.628000+00:00,j3,0.0,0.0,-0.5302079500176364,2.6871367810615747,-2.6871367810615747,Normal
b0f4ef1f-861d-4ce4-9500-bb53eff77c24,39805,2022-10-18 10:47:24.628000+00:00,j4,0.0,0.0,-0.39382245731214677,0.6358431167966904,-0.6358431167966904,Normal
b0f4ef1f-861d-4ce4-9500-bb53eff77c24,39805,2022-10-18 10:47:24.628000+00:00,j5,0.0,0.0,-0.4544992706235773,0.9578865644278409,-0.9578865644278409,Normal
b0f4ef1f-861d-4ce4-9500-bb53eff77c24,39805,2022-10-18 10:47:24.628000+00:00,j6,0.0,0.0,-0.3301764300792632,0.6184794437492632,-0.6184794437492632,Normal
b0f4ef1f-861d-4ce4-9500-bb53eff77c24,39805,2022-10-18 10:47:24.628000+00:00,j7,0.0,0.0,-0.40158392869670473,0.892381149478304,-0.892381149478304,Normal
b0f4ef1f-861d-4ce4-9500-bb53eff77c24,39805,2022-10-18 10:47:24.628000+00:00,j8,0.0,0.0,-0.24160184644668103,0.10562783592072501,-0.10562783592072501,Normal
b0f4ef1f-861d-4ce4-9500-bb53eff77c24,39806,2022-10-18 10:47:26.628000+00:00,j1,0.0,0.0,-0.3356669120189621,0.7210172954699778,-0.7210172954699778,Normal
b0f4ef1f-861d-4ce4-9500-bb53eff77c24,39806,2022-10-18 10:47:26.628000+00:00,j2,0.0,0.0,-0.5252092255722672,3.701491156014834,-3.701491156014834,Normal
b0f4ef1f-861d-4ce4-9500-bb53eff77c24,39806,2022-10-18 10:47:26.628000+00:00,j3,0.0,0.0,-0.5302079500176364,2.6871356256243826,-2.6871356256243826,Normal
b0f4ef1f-861d-4ce4-9500-bb53eff77c24,39806,2022-10-18 10:47:26.628000+00:00,j4,0.0,0.0,-0.39382245731214677,0.6358438948035833,-0.6358438948035833,Normal
b0f4ef1f-861d-4ce4-9500-bb53eff77c24,39806,2022-10-18 10:47:26.628000+00:00,j5,0.0,0.0,-0.4544992706235773,0.9578867320513986,-0.9578867320513986,Normal
b0f4ef1f-861d-4ce4-9500-bb53eff77c24,39806,2022-10-18 10:47:26.628000+00:00,j6,0.0,0.0,-0.3301764300792632,0.6184803926403576,-0.6184803926403576,Normal
b0f4ef1f-861d-4ce4-9500-bb53eff77c24,39806,2022-10-18 10:47:26.628000+00:00,j7,0.0,0.0,-0.40158392869670473,0.8923822569155349,-0.8923822569155349,Normal
b0f4ef1f-861d-4ce4-9500-bb53eff77c24,39806,2022-10-18 10:47:26.628000+00:00,j8,0.0,0.0,-0.24160184644668103,0.10562800592049992,-0.10562800592049992,Normal
b0f4ef1f-861d-4ce4-9500-bb53eff77c24,39807,2022-10-18 10:47:28.628000+00:00,j1,0.0,0.0,-0.3356669120189621,0.7210170601242644,-0.7210170601242644,Normal
b0f4ef1f-861d-4ce4-9500-bb53eff77c24,39807,2022-10-18 10:47:28.628000+00:00,j2,0.0,0.0,-0.5252092255722672,3.7014955444216686,-3.7014955444216686,Normal
b0f4ef1f-861d-4ce4-9500-bb53eff77c24,39807,2022-10-18 10:47:28.628000+00:00,j3,0.0,0.0,-0.5302079500176364,2.6871344701871904,-2.6871344701871904,Normal
b0f4ef1f-861d-4ce4-9500-bb53eff77c24,39807,2022-10-18 10:47:28.628000+00:00,j4,0.0,0.0,-0.39382245731214677,0.6358446728104763,-0.6358446728104763,Normal
b0f4ef1f-861d-4ce4-9500-bb53eff77c24,39807,2022-10-18 10:47:28.628000+00:00,j5,0.0,0.0,-0.4544992706235773,0.9578868996749563,-0.9578868996749563,Normal
b0f4ef1f-861d-4ce4-9500-bb53eff77c24,39807,2022-10-18 10:47:28.628000+00:00,j6,0.0,0.0,-0.3301764300792632,0.6184813415314521,-0.6184813415314521,Normal
b0f4ef1f-861d-4ce4-9500-bb53eff77c24,39807,2022-10-18 10:47:28.628000+00:00,j7,0.0,0.0,-0.40158392869670473,0.8923833643527658,-0.8923833643527658,Normal
b0f4ef1f-861d-4ce4-9500-bb53eff77c24,39807,2022-10-18 10:47:28.628000+00:00,j8,0.0,0.0,-0.24160184644668103,0.10562817592027485,-0.10562817592027485,Normal
b0f4ef1f-861d-4ce4-9500-bb53eff77c24,39808,2022-10-18 10:47:30.628000+00:00,j1,0.0,0.0,-0.3356669120189621,0.721016824778551,-0.721016824778551,Normal
b0f4ef1f-861d-4ce4-9500-bb53eff77c24,39808,2022-10-18 10:47:30.628000+00:00,j2,0.0,0.0,-0.5252092255722672,3.7014999328285034,-3.7014999328285034,Normal
b0f4ef1f-861d-4ce4-9500-bb53eff77c24,39808,2022-10-18 10:47:30.628000+00:00,j3,0.0,0.0,-0.5302079500176364,2.6871333147499983,-2.6871333147499983,Normal
b0f4ef1f-861d-4ce4-9500-bb53eff77c24,39808,2022-10-18 10:47:30.628000+00:00,j4,0.0,0.0,-0.39382245731214677,0.6358454508173692,-0.6358454508173692,Normal
b0f4ef1f-861d-4ce4-9500-bb53eff77c24,39808,2022-10-18 10:47:30.628000+00:00,j5,0.0,0.0,-0.4544992706235773,0.957887067298514,-0.957887067298514,Normal
b0f4ef1f-861d-4ce4-9500-bb53eff77c24,39808,2022-10-18 10:47:30.628000+00:00,j6,0.0,0.0,-0.3301764300792632,0.6184822904225464,-0.6184822904225464,Normal
b0f4ef1f-861d-4ce4-9500-bb53eff77c24,39808,2022-10-18 10:47:30.628000+00:00,j7,0.0,0.0,-0.40158392869670473,0.8923844717899966,-0.8923844717899966,Normal
b0f4ef1f-861d-4ce4-9500-bb53eff77c24,39808,2022-10-18 10:47:30.628000+00:00,j8,0.0,0.0,-0.24160184644668103,0.10562834592004977,-0.10562834592004977,Normal
b0f4ef1f-861d-4ce4-9500-bb53eff77c24,39809,2022-10-18 10:47:32.628000+00:00,j1,0.0,0.0,-0.3356669120189621,0.7210165894328376,-0.7210165894328376,Normal
b0f4ef1f-861d-4ce4-9500-bb53eff77c24,39809,2022-10-18 10:47:32.628000+00:00,j2,0.0,0.0,-0.5252092255722672,3.7015043212353382,-3.7015043212353382,Normal
b0f4ef1f-861d-4ce4-9500-bb53eff77c24,39809,2022-10-18 10:47:32.628000+00:00,j3,0.0,0.0,-0.5302079500176364,2.6871321593128066,-2.6871321593128066,Normal
b0f4ef1f-861d-4ce4-9500-bb53eff77c24,39809,2022-10-18 10:47:32.628000+00:00,j4,0.0,0.0,-0.39382245731214677,0.6358462288242621,-0.6358462288242621,Normal
b0f4ef1f-861d-4ce4-9500-bb53eff77c24,39809,2022-10-18 10:47:32.628000+00:00,j5,0.0,0.0,-0.4544992706235773,0.9578872349220717,-0.9578872349220717,Normal
b0f4ef1f-861d-4ce4-9500-bb53eff77c24,39809,2022-10-18 10:47:32.628000+00:00,j6,0.0,0.0,-0.3301764300792632,0.6184832393136408,-0.6184832393136408,Normal
b0f4ef1f-861d-4ce4-9500-bb53eff77c24,39809,2022-10-18 10:47:32.628000+00:00,j7,0.0,0.0,-0.40158392869670473,0.8923855792272274,-0.8923855792272274,Normal
b0f4ef1f-861d-4ce4-9500-bb53eff77c24,39809,2022-10-18 10:47:32.628000+00:00,j8,0.0,0.0,-0.24160184644668103,0.10562851591982468,-0.10562851591982468,Normal
b0f4ef1f-861d-4ce4-9500-bb53eff77c24,39810,2022-10-18 10:47:34.628000+00:00,j1,0.0,0.0,-0.3356669120189621,0.7210163540871243,-0.7210163540871243,Normal
b0f4ef1f-861d-4ce4-9500-bb53eff77c24,39810,2022-10-18 10:47:34.628000+00:00,j2,0.0,0.0,-0.5252092255722672,3.701508709642173,-3.701508709642173,Normal
b0f4ef1f-861d-4ce4-9500-bb53eff77c24,39810,2022-10-18 10:47:34.628000+00:00,j3,0.0,0.0,-0.5302079500176364,2.6871310038756144,-2.6871310038756144,Normal
b0f4ef1f-861d-4ce4-9500-bb53eff77c24,39810,2022-10-18 10:47:34.628000+00:00,j4,0.0,0.0,-0.39382245731214677,0.6358470068311551,-0.6358470068311551,Normal
b0f4ef1f-861d-4ce4-9500-bb53eff77c24,39810,2022-10-18 10:47:34.628000+00:00,j5,0.0,0.0,-0.4544992706235773,0.9578874025456295,-0.9578874025456295,Normal
b0f4ef1f-861d-4ce4-9500-bb53eff77c24,39810,2022-10-18 10:47:34.628000+00:00,j6,0.0,0.0,-0.3301764300792632,0.6184841882047352,-0.6184841882047352,Normal
b0f4ef1f-861d-4ce4-9500-bb53eff77c24,39810,2022-10-18 10:47:34.628000+00:00,j7,0.0,0.0,-0.40158392869670473,0.8923866866644583,-0.8923866866644583,Normal
b0f4ef1f-861d-4ce4-9500-bb53eff77c24,39810,2022-10-18 10:47:34.628000+00:00,j8,0.0,0.0,-0.24160184644668103,0.1056286859195996,-0.1056286859195996,Normal
b0f4ef1f-861d-4ce4-9500-bb53eff77c24,39811,2022-10-18 10:47:36.628000+00:00,j1,0.0,0.0,-0.3356669120189621,0.7210161187414109,-0.7210161187414109,Normal
b0f4ef1f-861d-4ce4-9500-bb53eff77c24,39811,2022-10-18 10:47:36.628000+00:00,j2,0.0,0.0,-0.5252092255722672,3.701513098049008,-3.701513098049008,Normal
b0f4ef1f-861d-4ce4-9500-bb53eff77c24,39811,2022-10-18 10:47:36.628000+00:00,j3,0.0,0.0,-0.5302079500176364,2.6871298484384223,-2.6871298484384223,Normal
b0f4ef1f-861d-4ce4-9500-bb53eff77c24,39811,2022-10-18 10:47:36.628000+00:00,j4,0.0,0.0,-0.39382245731214677,0.635847784838048,-0.635847784838048,Normal
b0f4ef1f-861d-4ce4-9500-bb53eff77c24,39811,2022-10-18 10:47:36.628000+00:00,j5,0.0,0.0,-0.4544992706235773,0.9578875701691872,-0.9578875701691872,Normal
b0f4ef1f-861d-4ce4-9500-bb53eff77c24,39811,2022-10-18 10:47:36.628000+00:00,j6,0.0,0.0,-0.3301764300792632,0.6184851370958295,-0.6184851370958295,Normal
b0f4ef1f-861d-4ce4-9500-bb53eff77c24,39811,2022-10-18 10:47:36.628000+00:00,j7,0.0,0.0,-0.40158392869670473,0.8923877941016891,-0.8923877941016891,Normal
b0f4ef1f-861d-4ce4-9500-bb53eff77c24,39811,2022-10-18 10:47:36.628000+00:00,j8,0.0,0.0,-0.24160184644668103,0.10562885591937453,-0.10562885591937453,Normal
b0f4ef1f-861d-4ce4-9500-bb53eff77c24,39812,2022-10-18 10:47:38.628000+00:00,j1,0.0,0.0,-0.3356669120189621,0.7210158833956974,-0.7210158833956974,Normal
b0f4ef1f-861d-4ce4-9500-bb53eff77c24,39812,2022-10-18 10:47:38.628000+00:00,j2,0.0,0.0,-0.5252092255722672,3.7015174864558427,-3.7015174864558427,Normal
b0f4ef1f-861d-4ce4-9500-bb53eff77c24,39812,2022-10-18 10:47:38.628000+00:00,j3,0.0,0.0,-0.5302079500176364,2.68712869300123,-2.68712869300123,Normal
b0f4ef1f-861d-4ce4-9500-bb53eff77c24,39812,2022-10-18 10:47:38.628000+00:00,j4,0.0,0.0,-0.39382245731214677,0.635848562844941,-0.635848562844941,Normal
b0f4ef1f-861d-4ce4-9500-bb53eff77c24,39812,2022-10-18 10:47:38.628000+00:00,j5,0.0,0.0,-0.4544992706235773,0.9578877377927449,-0.9578877377927449,Normal
b0f4ef1f-861d-4ce4-9500-bb53eff77c24,39812,2022-10-18 10:47:38.628000+00:00,j6,0.0,0.0,-0.3301764300792632,0.6184860859869239,-0.6184860859869239,Normal
b0f4ef1f-861d-4ce4-9500-bb53eff77c24,39812,2022-10-18 10:47:38.628000+00:00,j7,0.0,0.0,-0.40158392869670473,0.8923889015389199,-0.8923889015389199,Normal
b0f4ef1f-861d-4ce4-9500-bb53eff77c24,39812,2022-10-18 10:47:38.628000+00:00,j8,0.0,0.0,-0.24160184644668103,0.10562902591914944,-0.10562902591914944,Normal
b0f4ef1f-861d-4ce4-9500-bb53eff77c24,39813,2022-10-18 10:47:40.628000+00:00,j1,0.0,0.0,-0.3356669120189621,0.7210156480499841,-0.7210156480499841,Normal
b0f4ef1f-861d-4ce4-9500-bb53eff77c24,39813,2022-10-18 10:47:40.628000+00:00,j2,0.0,0.0,-0.5252092255722672,3.701521874862678,-3.701521874862678,Normal
b0f4ef1f-861d-4ce4-9500-bb53eff77c24,39813,2022-10-18 10:47:40.628000+00:00,j3,0.0,0.0,-0.5302079500176364,2.687127537564038,-2.687127537564038,Normal
b0f4ef1f-861d-4ce4-9500-bb53eff77c24,39813,2022-10-18 10:47:40.628000+00:00,j4,0.0,0.0,-0.39382245731214677,0.635849340851834,-0.635849340851834,Normal
b0f4ef1f-861d-4ce4-9500-bb53eff77c24,39813,2022-10-18 10:47:40.628000+00:00,j5,0.0,0.0,-0.4544992706235773,0.9578879054163026,-0.9578879054163026,Normal
b0f4ef1f-861d-4ce4-9500-bb53eff77c24,39813,2022-10-18 10:47:40.628000+00:00,j6,0.0,0.0,-0.3301764300792632,0.6184870348780183,-0.6184870348780183,Normal
b0f4ef1f-861d-4ce4-9500-bb53eff77c24,39813,2022-10-18 10:47:40.628000+00:00,j7,0.0,0.0,-0.40158392869670473,0.8923900089761507,-0.8923900089761507,Normal
b0f4ef1f-861d-4ce4-9500-bb53eff77c24,39813,2022-10-18 10:47:40.628000+00:00,j8,0.0,0.0,-0.24160184644668103,0.10562919591892436,-0.10562919591892436,Normal
b0f4ef1f-861d-4ce4-9500-bb53eff77c24,39814,2022-10-18 10:47:42.628000+00:00,j1,0.0,0.0,-0.3356669120189621,0.7210154127042707,-0.7210154127042707,Normal
b0f4ef1f-861d-4ce4-9500-bb53eff77c24,39814,2022-10-18 10:47:42.628000+00:00,j2,0.0,0.0,-0.5252092255722672,3.7015262632695127,-3.7015262632695127,Normal
b0f4ef1f-861d-4ce4-9500-bb53eff77c24,39814,2022-10-18 10:47:42.628000+00:00,j3,0.0,0.0,-0.5302079500176364,2.687126382126846,-2.687126382126846,Normal
b0f4ef1f-861d-4ce4-9500-bb53eff77c24,39814,2022-10-18 10:47:42.628000+00:00,j4,0.0,0.0,-0.39382245731214677,0.6358501188587269,-0.6358501188587269,Normal
b0f4ef1f-861d-4ce4-9500-bb53eff77c24,39814,2022-10-18 10:47:42.628000+00:00,j5,0.0,0.0,-0.4544992706235773,0.9578880730398603,-0.9578880730398603,Normal
b0f4ef1f-861d-4ce4-9500-bb53eff77c24,39814,2022-10-18 10:47:42.628000+00:00,j6,0.0,0.0,-0.3301764300792632,0.6184879837691127,-0.6184879837691127,Normal
b0f4ef1f-861d-4ce4-9500-bb53eff77c24,39814,2022-10-18 10:47:42.628000+00:00,j7,0.0,0.0,-0.40158392869670473,0.8923911164133816,-0.8923911164133816,Normal
b0f4ef1f-861d-4ce4-9500-bb53eff77c24,39814,2022-10-18 10:47:42.628000+00:00,j8,0.0,0.0,-0.24160184644668103,0.10562936591869929,-0.10562936591869929,Normal
b0f4ef1f-861d-4ce4-9500-bb53eff77c24,39815,2022-10-18 10:47:44.628000+00:00,j1,0.0,0.0,-0.3356669120189621,0.7210151773585574,-0.7210151773585574,Normal
b0f4ef1f-861d-4ce4-9500-bb53eff77c24,39815,2022-10-18 10:47:44.628000+00:00,j2,0.0,0.0,-0.5252092255722672,3.7015306516763475,-3.7015306516763475,Normal
b0f4ef1f-861d-4ce4-9500-bb53eff77c24,39815,2022-10-18 10:47:44.628000+00:00,j3,0.0,0.0,-0.5302079500176364,2.687125226689654,-2.687125226689654,Normal
b0f4ef1f-861d-4ce4-9500-bb53eff77c24,39815,2022-10-18 10:47:44.628000+00:00,j4,0.0,0.0,-0.39382245731214677,0.6358508968656198,-0.6358508968656198,Normal
b0f4ef1f-861d-4ce4-9500-bb53eff77c24,39815,2022-10-18 10:47:44.628000+00:00,j5,0.0,0.0,-0.4544992706235773,0.957888240663418,-0.957888240663418,Normal
b0f4ef1f-861d-4ce4-9500-bb53eff77c24,39815,2022-10-18 10:47:44.628000+00:00,j6,0.0,0.0,-0.3301764300792632,0.6184889326602071,-0.6184889326602071,Normal
b0f4ef1f-861d-4ce4-9500-bb53eff77c24,39815,2022-10-18 10:47:44.628000+00:00,j7,0.0,0.0,-0.40158392869670473,0.8923922238506125,-0.8923922238506125,Normal
b0f4ef1f-861d-4ce4-9500-bb53eff77c24,39815,2022-10-18 10:47:44.628000+00:00,j8,0.0,0.0,-0.24160184644668103,0.1056295359184742,-0.1056295359184742,Normal
b0f4ef1f-861d-4ce4-9500-bb53eff77c24,39816,2022-10-18 10:47:46.628000+00:00,j1,0.0,0.0,-0.3356669120189621,0.721014942012844,-0.721014942012844,Normal
b0f4ef1f-861d-4ce4-9500-bb53eff77c24,39816,2022-10-18 10:47:46.628000+00:00,j2,0.0,0.0,-0.5252092255722672,3.7015350400831823,-3.7015350400831823,Normal
b0f4ef1f-861d-4ce4-9500-bb53eff77c24,39816,2022-10-18 10:47:46.628000+00:00,j3,0.0,0.0,-0.5302079500176364,2.687124071252462,-2.687124071252462,Normal
b0f4ef1f-861d-4ce4-9500-bb53eff77c24,39816,2022-10-18 10:47:46.628000+00:00,j4,0.0,0.0,-0.39382245731214677,0.6358516748725128,-0.6358516748725128,Normal
b0f4ef1f-861d-4ce4-9500-bb53eff77c24,39816,2022-10-18 10:47:46.628000+00:00,j5,0.0,0.0,-0.4544992706235773,0.9578884082869759,-0.9578884082869759,Normal
b0f4ef1f-861d-4ce4-9500-bb53eff77c24,39816,2022-10-18 10:47:46.628000+00:00,j6,0.0,0.0,-0.3301764300792632,0.6184898815513015,-0.6184898815513015,Normal
b0f4ef1f-861d-4ce4-9500-bb53eff77c24,39816,2022-10-18 10:47:46.628000+00:00,j7,0.0,0.0,-0.40158392869670473,0.8923933312878433,-0.8923933312878433,Normal
b0f4ef1f-861d-4ce4-9500-bb53eff77c24,39816,2022-10-18 10:47:46.628000+00:00,j8,0.0,0.0,-0.24160184644668103,0.10562970591824912,-0.10562970591824912,Normal
b0f4ef1f-861d-4ce4-9500-bb53eff77c24,39817,2022-10-18 10:47:48.628000+00:00,j1,0.0,0.0,-0.3356669120189621,0.7210147066671305,-0.7210147066671305,Normal
b0f4ef1f-861d-4ce4-9500-bb53eff77c24,39817,2022-10-18 10:47:48.628000+00:00,j2,0.0,0.0,-0.5252092255722672,3.701539428490017,-3.701539428490017,Normal
b0f4ef1f-861d-4ce4-9500-bb53eff77c24,39817,2022-10-18 10:47:48.628000+00:00,j3,0.0,0.0,-0.5302079500176364,2.68712291581527,-2.68712291581527,Normal
b0f4ef1f-861d-4ce4-9500-bb53eff77c24,39817,2022-10-18 10:47:48.628000+00:00,j4,0.0,0.0,-0.39382245731214677,0.6358524528794057,-0.6358524528794057,Normal
b0f4ef1f-861d-4ce4-9500-bb53eff77c24,39817,2022-10-18 10:47:48.628000+00:00,j5,0.0,0.0,-0.4544992706235773,0.9578885759105336,-0.9578885759105336,Normal
b0f4ef1f-861d-4ce4-9500-bb53eff77c24,39817,2022-10-18 10:47:48.628000+00:00,j6,0.0,0.0,-0.3301764300792632,0.6184908304423958,-0.6184908304423958,Normal
b0f4ef1f-861d-4ce4-9500-bb53eff77c24,39817,2022-10-18 10:47:48.628000+00:00,j7,0.0,0.0,-0.40158392869670473,0.8923944387250742,-0.8923944387250742,Normal
b0f4ef1f-861d-4ce4-9500-bb53eff77c24,39817,2022-10-18 10:47:48.628000+00:00,j8,0.0,0.0,-0.24160184644668103,0.10562987591802404,-0.10562987591802404,Normal
b0f4ef1f-861d-4ce4-9500-bb53eff77c24,39818,2022-10-18 10:47:50.628000+00:00,j1,0.0,0.0,-0.3356669120189621,0.7210144713214172,-0.7210144713214172,Normal
b0f4ef1f-861d-4ce4-9500-bb53eff77c24,39818,2022-10-18 10:47:50.628000+00:00,j2,0.0,0.0,-0.5252092255722672,3.701543816896852,-3.701543816896852,Normal
b0f4ef1f-861d-4ce4-9500-bb53eff77c24,39818,2022-10-18 10:47:50.628000+00:00,j3,0.0,0.0,-0.5302079500176364,2.6871217603780777,-2.6871217603780777,Normal
b0f4ef1f-861d-4ce4-9500-bb53eff77c24,39818,2022-10-18 10:47:50.628000+00:00,j4,0.0,0.0,-0.39382245731214677,0.6358532308862986,-0.6358532308862986,Normal
b0f4ef1f-861d-4ce4-9500-bb53eff77c24,39818,2022-10-18 10:47:50.628000+00:00,j5,0.0,0.0,-0.4544992706235773,0.9578887435340913,-0.9578887435340913,Normal
b0f4ef1f-861d-4ce4-9500-bb53eff77c24,39818,2022-10-18 10:47:50.628000+00:00,j6,0.0,0.0,-0.3301764300792632,0.6184917793334902,-0.6184917793334902,Normal
b0f4ef1f-861d-4ce4-9500-bb53eff77c24,39818,2022-10-18 10:47:50.628000+00:00,j7,0.0,0.0,-0.40158392869670473,0.892395546162305,-0.892395546162305,Normal
b0f4ef1f-861d-4ce4-9500-bb53eff77c24,39818,2022-10-18 10:47:50.628000+00:00,j8,0.0933876566810564,0.015813299943961433,-0.0208637517143327,0.10563004591779895,-0.012242389236742549,Normal
b0f4ef1f-861d-4ce4-9500-bb53eff77c24,39819,2022-10-18 10:47:52.628000+00:00,j1,0.9938885610365952,0.042097332874612765,0.12402134309004086,0.7210142359757038,0.2728743250608914,Normal
b0f4ef1f-861d-4ce4-9500-bb53eff77c24,39819,2022-10-18 10:47:52.628000+00:00,j2,0.0520100460109281,0.0010057396532942944,-0.5176494885237299,3.701548205303687,-3.6495381592927587,Normal
b0f4ef1f-861d-4ce4-9500-bb53eff77c24,39819,2022-10-18 10:47:52.628000+00:00,j3,6.417030783581328,0.1533137003442632,0.7251199312686909,2.6871206049408856,3.7299101786404427,Normal
b0f4ef1f-861d-4ce4-9500-bb53eff77c24,39819,2022-10-18 10:47:52.628000+00:00,j4,1.0366818009007488,0.06617272750430854,0.264439702430431,0.6358540088931917,0.40082779200755714,Normal
b0f4ef1f-861d-4ce4-9500-bb53eff77c24,39819,2022-10-18 10:47:52.628000+00:00,j5,14.497692687530812,0.6986583955253115,6.448639879810851,0.957888911157649,13.539803776373162,Normal
b0f4ef1f-861d-4ce4-9500-bb53eff77c24,39819,2022-10-18 10:47:52.628000+00:00,j6,0.0517703999721359,0.0024733343448335517,-0.30166025719049,0.6184927282245846,-0.5667223282524486,Normal
b0f4ef1f-861d-4ce4-9500-bb53eff77c24,39819,2022-10-18 10:47:52.628000+00:00,j7,0.2322293071908192,0.02864030091839891,-0.2944069460585368,0.8923966535995358,-0.6601673464087165,Normal
b0f4ef1f-861d-4ce4-9500-bb53eff77c24,39819,2022-10-18 10:47:52.628000+00:00,j8,0.1008091793417322,0.017069983836084185,-0.0033216821266413288,0.10563021591757388,-0.004821036575841681,Normal
b0f4ef1f-861d-4ce4-9500-bb53eff77c24,39820,2022-10-18 10:47:54.628000+00:00,j1,2.480966810044047,0.10508430195067396,0.8118171708072057,0.7210140006299904,1.7599528094140564,Normal
b0f4ef1f-861d-4ce4-9500-bb53eff77c24,39820,2022-10-18 10:47:54.628000+00:00,j2,7.835363505732766,0.15151564707392606,0.613672439146885,3.7015525937105216,4.133810912022245,Normal
b0f4ef1f-861d-4ce4-9500-bb53eff77c24,39820,2022-10-18 10:47:54.628000+00:00,j3,5.292261433794933,0.126441061445479,0.5050875872731168,2.6871194495036934,2.6051419842912398,Normal
b0f4ef1f-861d-4ce4-9500-bb53eff77c24,39820,2022-10-18 10:47:54.628000+00:00,j4,1.6637498646501012,0.10619928538647296,0.6626093023892559,0.6358547869000846,1.0278950777500167,Normal
b0f4ef1f-861d-4ce4-9500-bb53eff77c24,39820,2022-10-18 10:47:54.628000+00:00,j5,5.696014989856653,0.2744966926443491,2.2576829314284454,0.9578890787812067,4.738125911075446,Normal
b0f4ef1f-861d-4ce4-9500-bb53eff77c24,39820,2022-10-18 10:47:54.628000+00:00,j6,1.3954016636624245,0.06666540844636554,0.43843874600004346,0.6184936771156789,0.7769079865467455,Normal
b0f4ef1f-861d-4ce4-9500-bb53eff77c24,39820,2022-10-18 10:47:54.628000+00:00,j7,0.4791622099026311,0.05909396211159565,-0.18044405417861575,0.8923977610367667,-0.4132355511341356,Normal
b0f4ef1f-861d-4ce4-9500-bb53eff77c24,39820,2022-10-18 10:47:54.628000+00:00,j8,0.0814411685650863,0.013790405199959074,-0.04910137025173844,0.1056303859173488,-0.024189217352262496,Normal
b0f4ef1f-861d-4ce4-9500-bb53eff77c24,39821,2022-10-18 10:47:56.628000+00:00,j1,0.6742036780897172,0.028556699185902045,-0.0238376742964821,0.721013765284277,-0.04681008719455981,Normal
b0f4ef1f-861d-4ce4-9500-bb53eff77c24,39821,2022-10-18 10:47:56.628000+00:00,j2,11.26674127207594,0.21786961038937114,1.1124282684015137,3.7015569821173564,7.565184289958584,Normal
b0f4ef1f-861d-4ce4-9500-bb53eff77c24,39821,2022-10-18 10:47:56.628000+00:00,j3,3.557476686859508,0.0849941247198582,0.1657213391899335,2.6871182940665017,0.8703583927930061,Normal
b0f4ef1f-861d-4ce4-9500-bb53eff77c24,39821,2022-10-18 10:47:56.628000+00:00,j4,0.3054124768476606,0.0194948696787155,-0.19989460360873382,0.6358555649069775,-0.3304430880593169,Normal
b0f4ef1f-861d-4ce4-9500-bb53eff77c24,39821,2022-10-18 10:47:56.628000+00:00,j5,3.942914783642424,0.1900130300597387,1.4229366770426888,0.9578892464047644,2.9850255372376595,Normal
b0f4ef1f-861d-4ce4-9500-bb53eff77c24,39821,2022-10-18 10:47:56.628000+00:00,j6,2.647402486847405,0.1264798320824581,1.1280658678697804,0.6184946260067734,2.028907860840632,Normal
b0f4ef1f-861d-4ce4-9500-bb53eff77c24,39821,2022-10-18 10:47:56.628000+00:00,j7,1.4073350777908409,0.17356336548784,0.24792034370994664,0.8923988684739975,0.5149362093168434,Normal
b0f4ef1f-861d-4ce4-9500-bb53eff77c24,39821,2022-10-18 10:47:56.628000+00:00,j8,0.0798605380934631,0.013522757583168479,-0.05283746741041976,0.10563055591712373,-0.025770017823660632,Normal
b0f4ef1f-861d-4ce4-9500-bb53eff77c24,39822,2022-10-18 10:47:58.628000+00:00,j1,0.0749949459202607,0.0031765001893432118,-0.3009806331104665,0.7210135299385636,-0.6460185840183029,Normal
b0f4ef1f-861d-4ce4-9500-bb53eff77c24,39822,2022-10-18 10:47:58.628000+00:00,j2,9.77386602378152,0.18900126764043784,0.8954366448793114,3.7015613705241917,6.072304653257329,Normal
b0f4ef1f-861d-4ce4-9500-bb53eff77c24,39822,2022-10-18 10:47:58.628000+00:00,j3,4.263758901458068,0.10186839935860537,0.30388738294816653,2.6871171386293096,1.5766417628287588,Normal
b0f4ef1f-861d-4ce4-9500-bb53eff77c24,39822,2022-10-18 10:47:58.628000+00:00,j4,1.4249171326780044,0.09095428612231378,0.510957609624347,0.6358563429138704,0.789060789764134,Normal
b0f4ef1f-861d-4ce4-9500-bb53eff77c24,39822,2022-10-18 10:47:58.628000+00:00,j5,3.810928749170834,0.18365249027846856,1.360090955208962,0.9578894140283222,2.853039335142512,Normal
b0f4ef1f-861d-4ce4-9500-bb53eff77c24,39822,2022-10-18 10:47:58.628000+00:00,j6,0.7887491985201484,0.03768254607284878,0.10428242136842902,0.6184955748978678,0.17025362362228058,Normal
b0f4ef1f-861d-4ce4-9500-bb53eff77c24,39822,2022-10-18 10:47:58.628000+00:00,j7,2.3060540691398024,0.2844002907005755,0.6626913771232842,0.8923999759112283,1.413654093228574,Normal
b0f4ef1f-861d-4ce4-9500-bb53eff77c24,39822,2022-10-18 10:47:58.628000+00:00,j8,0.0811583766719325,0.013742520145476613,-0.04976979845648198,0.10563072591689864,-0.024472349244966135,Normal
b0f4ef1f-861d-4ce4-9500-bb53eff77c24,39823,2022-10-18 10:48:00.628000+00:00,j1,0.326871413788052,0.013845027755505331,-0.1844840171353274,0.7210132945928502,-0.39414188080479823,Normal
b0f4ef1f-861d-4ce4-9500-bb53eff77c24,39823,2022-10-18 10:48:00.628000+00:00,j2,10.55879967825344,0.20417985258807927,1.0095279115378408,3.7015657589310265,6.857233919322413,Normal
b0f4ef1f-861d-4ce4-9500-bb53eff77c24,39823,2022-10-18 10:48:00.628000+00:00,j3,5.643481583248422,0.13483230383844877,0.5737948229009397,2.6871159831921174,2.956365600056305,Normal
b0f4ef1f-861d-4ce4-9500-bb53eff77c24,39823,2022-10-18 10:48:00.628000+00:00,j4,2.6700905723904533,0.17043530204262994,1.3016057689409626,0.6358571209207634,2.03423345146969,Normal
b0f4ef1f-861d-4ce4-9500-bb53eff77c24,39823,2022-10-18 10:48:00.628000+00:00,j5,5.3138875729592,0.25608158799770225,2.0757313072015107,0.9578895816518799,4.35599799130732,Normal
b0f4ef1f-861d-4ce4-9500-bb53eff77c24,39823,2022-10-18 10:48:00.628000+00:00,j6,1.1648592843013188,0.05565123074790525,0.3114513873628917,0.6184965237889621,0.5463627605123567,Normal
b0f4ef1f-861d-4ce4-9500-bb53eff77c24,39823,2022-10-18 10:48:00.628000+00:00,j7,1.624355912532724,0.20032804083289643,0.34807840953985264,0.8924010833484592,0.7319548291842648,Normal
b0f4ef1f-861d-4ce4-9500-bb53eff77c24,39823,2022-10-18 10:48:00.628000+00:00,j8,0.0804054417110685,0.013615025926244828,-0.05154949220429831,0.10563089591667356,-0.025225454205605055,Normal
b0f4ef1f-861d-4ce4-9500-bb53eff77c24,39824,2022-10-18 10:48:02.628000+00:00,j1,0.2555509190913227,0.010824163320866045,-0.2174708076528241,0.7210130592471369,-0.46546214015581416,Normal
b0f4ef1f-861d-4ce4-9500-bb53eff77c24,39824,2022-10-18 10:48:02.628000+00:00,j2,19.63021587532252,0.37959755898679154,2.3280716615909705,3.7015701473378613,15.928645727984659,Normal
b0f4ef1f-861d-4ce4-9500-bb53eff77c24,39824,2022-10-18 10:48:02.628000+00:00,j3,29.885192689193943,0.7140077134123626,5.316065332065958,2.6871148277549253,27.198077861439018,Normal
b0f4ef1f-861d-4ce4-9500-bb53eff77c24,39824,2022-10-18 10:48:02.628000+00:00,j4,0.5088473826047238,0.032480380345373434,-0.0707194793668325,0.6358578989276563,-0.12701051632293248,Normal
b0f4ef1f-861d-4ce4-9500-bb53eff77c24,39824,2022-10-18 10:48:02.628000+00:00,j5,3.724606508038623,0.1794925346367373,1.3189882463051152,0.9578897492754376,2.7667167587631853,Normal
b0f4ef1f-861d-4ce4-9500-bb53eff77c24,39824,2022-10-18 10:48:02.628000+00:00,j6,0.7986167251579085,0.03815396782243673,0.10971765261521078,0.6184974726800565,0.180119252477852,Normal
b0f4ef1f-861d-4ce4-9500-bb53eff77c24,39824,2022-10-18 10:48:02.628000+00:00,j7,0.2812388905811684,0.034684538974156486,-0.27178835699382736,0.89240219078569,-0.6111633002045216,Normal
b0f4ef1f-861d-4ce4-9500-bb53eff77c24,39824,2022-10-18 10:48:02.628000+00:00,j8,0.0793781451103608,0.013441074144438334,-0.053977687775579146,0.10563106591644847,-0.026252920806087668,Normal
b0f4ef1f-861d-4ce4-9500-bb53eff77c24,39825,2022-10-18 10:48:04.628000+00:00,j1,5.528676244751717,0.23417366227510839,2.2214281544156886,0.7210128239014235,4.807663420850293,Normal
b0f4ef1f-861d-4ce4-9500-bb53eff77c24,39825,2022-10-18 10:48:04.628000+00:00,j2,4.815802232224107,0.09312514867518634,0.17477474571135682,3.701574535744696,1.1142276964794111,Normal
b0f4ef1f-861d-4ce4-9500-bb53eff77c24,39825,2022-10-18 10:48:04.628000+00:00,j3,5.089164515549115,0.12158873314678181,0.46535687182608615,2.687113672317733,2.4020508432313816,Normal
b0f4ef1f-861d-4ce4-9500-bb53eff77c24,39825,2022-10-18 10:48:04.628000+00:00,j4,0.4865565869657843,0.031057530301716697,-0.08487347268177213,0.6358586769345492,-0.14930208996876493,Normal
b0f4ef1f-861d-4ce4-9500-bb53eff77c24,39825,2022-10-18 10:48:04.628000+00:00,j5,0.8230351678625546,0.0396628927259799,-0.06260751157539828,0.9578899168989953,-0.13485474903644068,Normal
b0f4ef1f-861d-4ce4-9500-bb53eff77c24,39825,2022-10-18 10:48:04.628000+00:00,j6,1.4510918135076707,0.0693260091053388,0.4691139956029722,0.6184984215711509,0.8325933919365198,Normal
b0f4ef1f-861d-4ce4-9500-bb53eff77c24,39825,2022-10-18 10:48:04.628000+00:00,j7,0.1220373426317947,0.015050581937896462,-0.3452620358629604,0.8924032982229209,-0.7703659555911262,Normal
b0f4ef1f-861d-4ce4-9500-bb53eff77c24,39825,2022-10-18 10:48:04.628000+00:00,j8,0.07753320123302,0.013128670429118606,-0.058338535995201835,0.10563123591622339,-0.02809803468320339,Normal
b0f4ef1f-861d-4ce4-9500-bb53eff77c24,39826,2022-10-18 10:48:06.628000+00:00,j1,0.1844333619054221,0.007811894546023054,-0.2503637365505113,0.72101258855571,-0.536579226650288,Normal
b0f4ef1f-861d-4ce4-9500-bb53eff77c24,39826,2022-10-18 10:48:06.628000+00:00,j2,12.70986213218425,0.24577583206820092,1.3221880180734444,3.701578924151531,9.008283208032719,Normal
b0f4ef1f-861d-4ce4-9500-bb53eff77c24,39826,2022-10-18 10:48:06.628000+00:00,j3,6.166221552402285,0.14732144432907565,0.6760555226034538,2.687112516880541,3.479109035521744,Normal
b0f4ef1f-861d-4ce4-9500-bb53eff77c24,39826,2022-10-18 10:48:06.628000+00:00,j4,0.1266556377994613,0.00808459162657815,-0.3133998882953023,0.6358594549414422,-0.5092038171419809,Normal
b0f4ef1f-861d-4ce4-9500-bb53eff77c24,39826,2022-10-18 10:48:06.628000+00:00,j5,0.0254546196965945,0.0012266837309377824,-0.44237894323257726,0.957890084522553,-0.9324354648259585,Normal
b0f4ef1f-861d-4ce4-9500-bb53eff77c24,39826,2022-10-18 10:48:06.628000+00:00,j6,0.6482723998925178,0.03097125755885257,0.026904987957002146,0.6184993704622452,0.029773029430272602,Normal
b0f4ef1f-861d-4ce4-9500-bb53eff77c24,39826,2022-10-18 10:48:06.628000+00:00,j7,0.7723278453804908,0.09524939882450112,-0.04514412755092169,0.8924044056601517,-0.12007656027966085,Normal
b0f4ef1f-861d-4ce4-9500-bb53eff77c24,39826,2022-10-18 10:48:06.628000+00:00,j8,0.099304716121656,0.016815233593929873,-0.006877744636365664,0.10563140591599832,-0.006326689794342311,Normal
b0f4ef1f-861d-4ce4-9500-bb53eff77c24,39827,2022-10-18 10:48:08.628000+00:00,j1,2.1959940688435693,0.09301394233812817,0.680013035724446,0.7210123532099967,1.4749817156335725,Normal
b0f4ef1f-861d-4ce4-9500-bb53eff77c24,39827,2022-10-18 10:48:08.628000+00:00,j2,9.782374073085313,0.18916579128948843,0.8966733024188788,3.7015833125583657,6.080790760526947,Normal
b0f4ef1f-861d-4ce4-9500-bb53eff77c24,39827,2022-10-18 10:48:08.628000+00:00,j3,9.95955237408005,0.2379505225609226,1.4181236385268874,2.687111361443349,7.2724410126367,Normal
b0f4ef1f-861d-4ce4-9500-bb53eff77c24,39827,2022-10-18 10:48:08.628000+00:00,j4,0.9903957564047494,0.06321822998440918,0.23504943862006572,0.6358602329483352,0.35453552345641426,Normal
b0f4ef1f-861d-4ce4-9500-bb53eff77c24,39827,2022-10-18 10:48:08.628000+00:00,j5,0.155666074987933,0.007501704756256301,-0.380378194959731,0.9578902521461108,-0.8022241771581777,Normal
b0f4ef1f-861d-4ce4-9500-bb53eff77c24,39827,2022-10-18 10:48:08.628000+00:00,j6,0.3726948708855029,0.01780552255343894,-0.12488863283121902,0.6185003193533396,-0.2458054484678367,Normal
b0f4ef1f-861d-4ce4-9500-bb53eff77c24,39827,2022-10-18 10:48:08.628000+00:00,j7,8.23857924458149,1.016044837575167,3.400632403689568,0.8924055130973826,7.346173731484108,Normal
b0f4ef1f-861d-4ce4-9500-bb53eff77c24,39827,2022-10-18 10:48:08.628000+00:00,j8,0.0790081092909185,0.013378416105776598,-0.05485233229145321,0.10563157591577324,-0.026623466624854736,Normal
b0f4ef1f-861d-4ce4-9500-bb53eff77c24,39828,2022-10-18 10:48:10.628000+00:00,j1,0.3097439543045547,0.013119573824914533,-0.19240572211622325,0.7210121178642833,-0.4112681635597286,Normal
b0f4ef1f-861d-4ce4-9500-bb53eff77c24,39828,2022-10-18 10:48:10.628000+00:00,j2,11.822064804752651,0.22860812996505248,1.1931453645374925,3.7015877009652005,8.12047710378745,Normal
b0f4ef1f-861d-4ce4-9500-bb53eff77c24,39828,2022-10-18 10:48:10.628000+00:00,j3,6.109518816453721,0.1459667202267446,0.6649630831587854,2.687110206006157,3.422408610447564,Normal
b0f4ef1f-861d-4ce4-9500-bb53eff77c24,39828,2022-10-18 10:48:10.628000+00:00,j4,0.3575821782290442,0.022824928555500928,-0.16676839238886237,0.6358610109552281,-0.27827883272618387,Normal
b0f4ef1f-861d-4ce4-9500-bb53eff77c24,39828,2022-10-18 10:48:10.628000+00:00,j5,0.3939669967709245,0.018985665911558154,-0.2669101791726648,0.9578904197696685,-0.563923422998744,Normal
b0f4ef1f-861d-4ce4-9500-bb53eff77c24,39828,2022-10-18 10:48:10.628000+00:00,j6,0.0259996182026731,0.0012421335104198902,-0.3158553197902068,0.618501268244434,-0.5925016500417609,Normal
b0f4ef1f-861d-4ce4-9500-bb53eff77c24,39828,2022-10-18 10:48:10.628000+00:00,j7,0.2254990753096631,0.02781027705681744,-0.2975130395753417,0.8924066205346134,-0.6669075452249503,Normal
b0f4ef1f-861d-4ce4-9500-bb53eff77c24,39828,2022-10-18 10:48:10.628000+00:00,j8,0.0782233573812931,0.013245534333500366,-0.05670723097426192,0.10563174591554815,-0.02740838853425505,Normal
b0f4ef1f-861d-4ce4-9500-bb53eff77c24,39829,2022-10-18 10:48:12.628000+00:00,j1,0.1815236659827675,0.007688650912257775,-0.2517095142302422,0.72101188251857,-0.5394882165358025,Normal
b0f4ef1f-861d-4ce4-9500-bb53eff77c24,39829,2022-10-18 10:48:12.628000+00:00,j2,11.154288200283473,0.21569505908417386,1.0960830482324577,3.7015920893720353,7.452696110911438,Normal
b0f4ef1f-861d-4ce4-9500-bb53eff77c24,39829,2022-10-18 10:48:12.628000+00:00,j3,6.338519910213439,0.15143794301673277,0.7097612877391911,2.687109050568965,3.6514108596444736,Normal
b0f4ef1f-861d-4ce4-9500-bb53eff77c24,39829,2022-10-18 10:48:12.628000+00:00,j4,2.1971453733280217,0.1402466040691179,1.0012996114447865,0.6358617889621211,1.5612835843659005,Normal
b0f4ef1f-861d-4ce4-9500-bb53eff77c24,39829,2022-10-18 10:48:12.628000+00:00,j5,4.628121590498962,0.2230338354112795,1.74920086517959,0.9578905873932262,3.6702310031057355,Normal
b0f4ef1f-861d-4ce4-9500-bb53eff77c24,39829,2022-10-18 10:48:12.628000+00:00,j6,0.396697797480307,0.018952263987837756,-0.11166734025896996,0.6185022171355284,-0.22180441965522146,Normal
b0f4ef1f-861d-4ce4-9500-bb53eff77c24,39829,2022-10-18 10:48:12.628000+00:00,j7,0.4381478018281107,0.05403575045237957,-0.19937276113335703,0.8924077279718442,-0.4542599261437335,Normal
b0f4ef1f-861d-4ce4-9500-bb53eff77c24,39829,2022-10-18 10:48:12.628000+00:00,j8,0.0792523224559219,0.013419768637424886,-0.054275091672433155,0.10563191591532307,-0.026379593459401177,Normal
b0f4ef1f-861d-4ce4-9500-bb53eff77c24,39830,2022-10-18 10:48:14.628000+00:00,j1,4.551504908039858,0.1927844073326976,1.7694718644196443,0.7210116471728566,3.8304932608670015,Normal
b0f4ef1f-861d-4ce4-9500-bb53eff77c24,39830,2022-10-18 10:48:14.628000+00:00,j2,7.508626983986748,0.14519740855457583,0.5661808028573379,3.70159647777887,3.8070305062078775,Normal
b0f4ef1f-861d-4ce4-9500-bb53eff77c24,39830,2022-10-18 10:48:14.628000+00:00,j3,29.55622933788544,0.7061482235068756,5.251712069514133,2.687107895131773,26.869121442753666,Normal
b0f4ef1f-861d-4ce4-9500-bb53eff77c24,39830,2022-10-18 10:48:14.628000+00:00,j4,0.178300206651403,0.011381130621231753,-0.2806071206380372,0.635862566969014,-0.457562360317611,Normal
b0f4ef1f-861d-4ce4-9500-bb53eff77c24,39830,2022-10-18 10:48:14.628000+00:00,j5,4.010847508727417,0.1932867764230041,1.4552831382511848,0.9578907550167839,3.0529567537106326,Normal
b0f4ef1f-861d-4ce4-9500-bb53eff77c24,39830,2022-10-18 10:48:14.628000+00:00,j6,13.353441086995971,0.6379615471380332,7.025166292823667,0.6185031660266228,12.73493792096935,Normal
b0f4ef1f-861d-4ce4-9500-bb53eff77c24,39830,2022-10-18 10:48:14.628000+00:00,j7,0.4312716865042027,0.053187735124733945,-0.20254618184241066,0.8924088354090751,-0.4611371489048724,Normal
b0f4ef1f-861d-4ce4-9500-bb53eff77c24,39830,2022-10-18 10:48:14.628000+00:00,j8,1.365161724491471,0.23116236758276346,2.9851971629228466,0.105632085915098,1.259529638576373,Normal
b0f4ef1f-861d-4ce4-9500-bb53eff77c24,39831,2022-10-18 10:48:16.628000+00:00,j1,0.1296506317948568,0.0054915068127753385,-0.27570156475568564,0.7210114118271431,-0.5913607800322863,Normal
b0f4ef1f-861d-4ce4-9500-bb53eff77c24,39831,2022-10-18 10:48:16.628000+00:00,j2,3.8472327166527034,0.07439552154550592,0.03399173526351899,3.7016008661857054,0.145631850466998,Normal
b0f4ef1f-861d-4ce4-9500-bb53eff77c24,39831,2022-10-18 10:48:16.628000+00:00,j3,6.079681392430754,0.14525385378742403,0.6591261545939999,2.6871067396945807,3.392574652736173,Normal
b0f4ef1f-861d-4ce4-9500-bb53eff77c24,39831,2022-10-18 10:48:16.628000+00:00,j4,0.2590070789691752,0.016532753679501553,-0.22936065327282934,0.6358633449759069,-0.3768562660067317,Normal
b0f4ef1f-861d-4ce4-9500-bb53eff77c24,39831,2022-10-18 10:48:16.628000+00:00,j5,0.984865759583252,0.0474616717451916,0.014448825424070996,0.9578909226403416,0.026974836942910363,Normal
b0f4ef1f-861d-4ce4-9500-bb53eff77c24,39831,2022-10-18 10:48:16.628000+00:00,j6,0.5406424765168848,0.025829230721894875,-0.03237972888190334,0.6185041149177172,-0.07786163840083238,Normal
b0f4ef1f-861d-4ce4-9500-bb53eff77c24,39831,2022-10-18 10:48:16.628000+00:00,j7,1.8256583608321475,0.2251542040964703,0.4409822263207389,0.8924099428463059,0.9332484179858416,Normal
b0f4ef1f-861d-4ce4-9500-bb53eff77c24,39831,2022-10-18 10:48:16.628000+00:00,j8,1.459704006864524,0.24717117989998103,3.2086644178508594,0.10563225591487291,1.3540717509496512,Normal
b0f4ef1f-861d-4ce4-9500-bb53eff77c24,39832,2022-10-18 10:48:18.628000+00:00,j1,0.7210111764814298,0.03053928648801234,-0.002188509485426811,0.7210111764814298,0.0,Normal
b0f4ef1f-861d-4ce4-9500-bb53eff77c24,39832,2022-10-18 10:48:18.628000+00:00,j2,3.70160525459254,0.07157946340989607,0.012824568443682566,3.70160525459254,0.0,Normal
b0f4ef1f-861d-4ce4-9500-bb53eff77c24,39832,2022-10-18 10:48:18.628000+00:00,j3,2.6871055842573885,0.06419948948855035,-0.00454449699054763,2.6871055842573885,0.0,Normal
b0f4ef1f-861d-4ce4-9500-bb53eff77c24,39832,2022-10-18 10:48:18.628000+00:00,j4,0.6358641229827999,0.0405880216121739,0.00993237906464338,0.6358641229827999,0.0,Normal
b0f4ef1f-861d-4ce4-9500-bb53eff77c24,39832,2022-10-18 10:48:18.628000+00:00,j5,0.9578910902638992,0.0461617352937386,0.0016047198231430556,0.9578910902638993,-1.1102230246251565e-16,Normal
b0f4ef1f-861d-4ce4-9500-bb53eff77c24,39832,2022-10-18 10:48:18.628000+00:00,j6,0.6185050638088115,0.029549121072952125,0.010508543219119957,0.6185050638088115,0.0,Normal
b0f4ef1f-861d-4ce4-9500-bb53eff77c24,39832,2022-10-18 10:48:18.628000+00:00,j7,0.8924110502835367,0.11005898149635156,0.010275904152717313,0.8924110502835367,0.0,Normal
b0f4ef1f-861d-4ce4-9500-bb53eff77c24,39832,2022-10-18 10:48:18.628000+00:00,j8,0.1056324259146478,0.017886702527524164,0.008078906524660463,0.10563242591464783,-2.7755575615628914e-17,Normal
b0f4ef1f-861d-4ce4-9500-bb53eff77c24,39833,2022-10-18 10:48:20.628000+00:00,j1,12.422338215946692,0.5261629195252163,5.40984943933802,0.7210109411357164,11.701327274810975,Normal
b0f4ef1f-861d-4ce4-9500-bb53eff77c24,39833,2022-10-18 10:48:20.628000+00:00,j2,34.31159633928997,0.6634974519922652,4.462032008286435,3.701609642999375,30.609986696290594,Normal
b0f4ef1f-861d-4ce4-9500-bb53eff77c24,39833,2022-10-18 10:48:20.628000+00:00,j3,26.89249776855685,0.6425071787011535,4.730621144440751,2.6871044288201964,24.205393339736656,Normal
b0f4ef1f-861d-4ce4-9500-bb53eff77c24,39833,2022-10-18 10:48:20.628000+00:00,j4,9.133191829451432,0.5829833355324124,5.405483148105298,0.6358649009896928,8.497326928461739,Normal
b0f4ef1f-861d-4ce4-9500-bb53eff77c24,39833,2022-10-18 10:48:20.628000+00:00,j5,10.782161665936698,0.5196032177104212,4.679473695050981,0.9578912578874571,9.824270408049241,Normal
b0f4ef1f-861d-4ce4-9500-bb53eff77c24,39833,2022-10-18 10:48:20.628000+00:00,j6,11.329471055308025,0.5412662425821099,5.91032307398871,0.6185060126999059,10.71096504260812,Normal
b0f4ef1f-861d-4ce4-9500-bb53eff77c24,39833,2022-10-18 10:48:20.628000+00:00,j7,11.201573745620976,1.3814640654747838,4.768094650536638,0.8924121577207675,10.309161587900208,Normal
b0f4ef1f-861d-4ce4-9500-bb53eff77c24,39833,2022-10-18 10:48:20.628000+00:00,j8,3.2589229930524994,0.5518323150501045,7.461433842977293,0.10563259591442276,3.153290397138077,Normal
b0f4ef1f-861d-4ce4-9500-bb53eff77c24,39834,2022-10-18 10:48:22.628000+00:00,j1,12.42233798060098,0.5261629095568687,5.409849330487125,0.721010705790003,11.701327274810978,Normal
b0f4ef1f-861d-4ce4-9500-bb53eff77c24,39834,2022-10-18 10:48:22.628000+00:00,j2,34.311600727696806,0.6634975368526933,4.462032646147854,3.70161403140621,30.609986696290598,Normal
b0f4ef1f-861d-4ce4-9500-bb53eff77c24,39834,2022-10-18 10:48:22.628000+00:00,j3,26.892496613119665,0.6425071510958082,4.73062091840903,2.6871032733830047,24.20539333973666,Normal
b0f4ef1f-861d-4ce4-9500-bb53eff77c24,39834,2022-10-18 10:48:22.628000+00:00,j4,9.133192607458325,0.582983385193589,5.405483642116573,0.6358656789965857,8.497326928461739,Normal
b0f4ef1f-861d-4ce4-9500-bb53eff77c24,39834,2022-10-18 10:48:22.628000+00:00,j5,10.782161833560256,0.519603225788369,4.679473774865664,0.9578914255110148,9.824270408049241,Normal
b0f4ef1f-861d-4ce4-9500-bb53eff77c24,39834,2022-10-18 10:48:22.628000+00:00,j6,11.329472004199118,0.5412662879154457,5.910323596656924,0.6185069615910003,10.710965042608118,Normal
b0f4ef1f-861d-4ce4-9500-bb53eff77c24,39834,2022-10-18 10:48:22.628000+00:00,j7,11.201574853058206,1.3814642020524446,4.768095161633976,0.8924132651579985,10.309161587900208,Normal
b0f4ef1f-861d-4ce4-9500-bb53eff77c24,39834,2022-10-18 10:48:22.628000+00:00,j8,3.2589231630522746,0.5518323438361082,7.461434244801557,0.10563276591419767,3.153290397138077,Normal
b0f4ef1f-861d-4ce4-9500-bb53eff77c24,39835,2022-10-18 10:48:24.628000+00:00,j1,12.422337745255264,0.5261628995885208,5.409849221636228,0.7210104704442896,11.701327274810975,Normal
b0f4ef1f-861d-4ce4-9500-bb53eff77c24,39835,2022-10-18 10:48:24.628000+00:00,j2,34.311605116103635,0.6634976217131212,4.462033284009272,3.7016184198130446,30.60998669629059,Normal
b0f4ef1f-861d-4ce4-9500-bb53eff77c24,39835,2022-10-18 10:48:24.628000+00:00,j3,26.89249545768247,0.6425071234904628,4.730620692377307,2.6871021179458126,24.20539333973666,Normal
b0f4ef1f-861d-4ce4-9500-bb53eff77c24,39835,2022-10-18 10:48:24.628000+00:00,j4,9.133193385465216,0.5829834348547657,5.405484136127847,0.6358664570034788,8.497326928461737,Normal
b0f4ef1f-861d-4ce4-9500-bb53eff77c24,39835,2022-10-18 10:48:24.628000+00:00,j5,10.782162001183814,0.5196032338663169,4.679473854680347,0.9578915931345725,9.824270408049241,Normal
b0f4ef1f-861d-4ce4-9500-bb53eff77c24,39835,2022-10-18 10:48:24.628000+00:00,j6,11.329472953090212,0.5412663332487816,5.9103241193251375,0.6185079104820947,10.710965042608118,Normal
b0f4ef1f-861d-4ce4-9500-bb53eff77c24,39835,2022-10-18 10:48:24.628000+00:00,j7,11.201575960495438,1.3814643386301055,4.768095672731316,0.8924143725952293,10.309161587900208,Normal
b0f4ef1f-861d-4ce4-9500-bb53eff77c24,39835,2022-10-18 10:48:24.628000+00:00,j8,3.2589233330520493,0.5518323726221119,7.461434646625821,0.10563293591397259,3.153290397138077,Normal
b0f4ef1f-861d-4ce4-9500-bb53eff77c24,39836,2022-10-18 10:48:26.628000+00:00,j1,0.7210102350985762,0.030539246614621193,-0.00218894488901058,0.7210102350985762,0.0,Normal
b0f4ef1f-861d-4ce4-9500-bb53eff77c24,39836,2022-10-18 10:48:26.628000+00:00,j2,3.70162280821988,0.07157980285160838,0.012827119889357275,3.7016228082198794,4.440892098500626e-16,Normal
b0f4ef1f-861d-4ce4-9500-bb53eff77c24,39836,2022-10-18 10:48:26.628000+00:00,j3,2.6871009625086204,0.06419937906716863,-0.004545401117438184,2.6871009625086204,0.0,Normal
b0f4ef1f-861d-4ce4-9500-bb53eff77c24,39836,2022-10-18 10:48:26.628000+00:00,j4,0.6358672350103717,0.0405882202568808,0.009934355109741095,0.6358672350103717,0.0,Normal
b0f4ef1f-861d-4ce4-9500-bb53eff77c24,39836,2022-10-18 10:48:26.628000+00:00,j5,0.9578917607581302,0.04616176760553012,0.0016050390818745028,0.9578917607581302,0.0,Normal
b0f4ef1f-861d-4ce4-9500-bb53eff77c24,39836,2022-10-18 10:48:26.628000+00:00,j6,0.6185088593731891,0.029549302406295854,0.01051063389197664,0.6185088593731891,0.0,Normal
b0f4ef1f-861d-4ce4-9500-bb53eff77c24,39836,2022-10-18 10:48:26.628000+00:00,j7,0.8924154800324601,0.11005952780699466,0.010277948542071919,0.8924154800324601,0.0,Normal
b0f4ef1f-861d-4ce4-9500-bb53eff77c24,39836,2022-10-18 10:48:26.628000+00:00,j8,0.1056331059137475,0.017886817671538987,0.008080513821716852,0.10563310591374751,-1.3877787807814457e-17,Normal
b0f4ef1f-861d-4ce4-9500-bb53eff77c24,39837,2022-10-18 10:48:28.628000+00:00,j1,0.0,0.0,-0.3356669120189621,0.7210099997528628,-0.7210099997528628,Normal
b0f4ef1f-861d-4ce4-9500-bb53eff77c24,39837,2022-10-18 10:48:28.628000+00:00,j2,0.0,0.0,-0.5252092255722672,3.7016271966267142,-3.7016271966267142,Normal
b0f4ef1f-861d-4ce4-9500-bb53eff77c24,39837,2022-10-18 10:48:28.628000+00:00,j3,0.0,0.0,-0.5302079500176364,2.6870998070714283,-2.6870998070714283,Normal
b0f4ef1f-861d-4ce4-9500-bb53eff77c24,39837,2022-10-18 10:48:28.628000+00:00,j4,0.0,0.0,-0.39382245731214677,0.6358680130172646,-0.6358680130172646,Normal
b0f4ef1f-861d-4ce4-9500-bb53eff77c24,39837,2022-10-18 10:48:28.628000+00:00,j5,0.0,0.0,-0.4544992706235773,0.9578919283816879,-0.9578919283816879,Normal
b0f4ef1f-861d-4ce4-9500-bb53eff77c24,39837,2022-10-18 10:48:28.628000+00:00,j6,0.0,0.0,-0.3301764300792632,0.6185098082642835,-0.6185098082642835,Normal
b0f4ef1f-861d-4ce4-9500-bb53eff77c24,39837,2022-10-18 10:48:28.628000+00:00,j7,0.0,0.0,-0.40158392869670473,0.892416587469691,-0.892416587469691,Normal
b0f4ef1f-861d-4ce4-9500-bb53eff77c24,39837,2022-10-18 10:48:28.628000+00:00,j8,0.0,0.0,-0.24160184644668103,0.10563327591352242,-0.10563327591352242,Normal
b0f4ef1f-861d-4ce4-9500-bb53eff77c24,39838,2022-10-18 10:48:30.628000+00:00,j1,0.0,0.0,-0.3356669120189621,0.7210097644071495,-0.7210097644071495,Normal
b0f4ef1f-861d-4ce4-9500-bb53eff77c24,39838,2022-10-18 10:48:30.628000+00:00,j2,0.0,0.0,-0.5252092255722672,3.701631585033549,-3.701631585033549,Normal
b0f4ef1f-861d-4ce4-9500-bb53eff77c24,39838,2022-10-18 10:48:30.628000+00:00,j3,0.0,0.0,-0.5302079500176364,2.687098651634236,-2.687098651634236,Normal
b0f4ef1f-861d-4ce4-9500-bb53eff77c24,39838,2022-10-18 10:48:30.628000+00:00,j4,0.0,0.0,-0.39382245731214677,0.6358687910241576,-0.6358687910241576,Normal
b0f4ef1f-861d-4ce4-9500-bb53eff77c24,39838,2022-10-18 10:48:30.628000+00:00,j5,0.0,0.0,-0.4544992706235773,0.9578920960052457,-0.9578920960052457,Normal
b0f4ef1f-861d-4ce4-9500-bb53eff77c24,39838,2022-10-18 10:48:30.628000+00:00,j6,0.0,0.0,-0.3301764300792632,0.6185107571553778,-0.6185107571553778,Normal
b0f4ef1f-861d-4ce4-9500-bb53eff77c24,39838,2022-10-18 10:48:30.628000+00:00,j7,0.0,0.0,-0.40158392869670473,0.8924176949069218,-0.8924176949069218,Normal
b0f4ef1f-861d-4ce4-9500-bb53eff77c24,39838,2022-10-18 10:48:30.628000+00:00,j8,0.0,0.0,-0.24160184644668103,0.10563344591329735,-0.10563344591329735,Normal
b0f4ef1f-861d-4ce4-9500-bb53eff77c24,39839,2022-10-18 10:48:32.628000+00:00,j1,0.0,0.0,-0.3356669120189621,0.7210095290614361,-0.7210095290614361,Normal
b0f4ef1f-861d-4ce4-9500-bb53eff77c24,39839,2022-10-18 10:48:32.628000+00:00,j2,0.0,0.0,-0.5252092255722672,3.701635973440384,-3.701635973440384,Normal
b0f4ef1f-861d-4ce4-9500-bb53eff77c24,39839,2022-10-18 10:48:32.628000+00:00,j3,0.0,0.0,-0.5302079500176364,2.687097496197044,-2.687097496197044,Normal
b0f4ef1f-861d-4ce4-9500-bb53eff77c24,39839,2022-10-18 10:48:32.628000+00:00,j4,0.0,0.0,-0.39382245731214677,0.6358695690310505,-0.6358695690310505,Normal
b0f4ef1f-861d-4ce4-9500-bb53eff77c24,39839,2022-10-18 10:48:32.628000+00:00,j5,0.0,0.0,-0.4544992706235773,0.9578922636288034,-0.9578922636288034,Normal
b0f4ef1f-861d-4ce4-9500-bb53eff77c24,39839,2022-10-18 10:48:32.628000+00:00,j6,0.0,0.0,-0.3301764300792632,0.6185117060464722,-0.6185117060464722,Normal
b0f4ef1f-861d-4ce4-9500-bb53eff77c24,39839,2022-10-18 10:48:32.628000+00:00,j7,0.0,0.0,-0.40158392869670473,0.8924188023441526,-0.8924188023441526,Normal
b0f4ef1f-861d-4ce4-9500-bb53eff77c24,39839,2022-10-18 10:48:32.628000+00:00,j8,0.0,0.0,-0.24160184644668103,0.10563361591307227,-0.10563361591307227,Normal
b0f4ef1f-861d-4ce4-9500-bb53eff77c24,39840,2022-10-18 10:48:34.628000+00:00,j1,0.0,0.0,-0.3356669120189621,0.7210092937157226,-0.7210092937157226,Normal
b0f4ef1f-861d-4ce4-9500-bb53eff77c24,39840,2022-10-18 10:48:34.628000+00:00,j2,0.0,0.0,-0.5252092255722672,3.701640361847219,-3.701640361847219,Normal
b0f4ef1f-861d-4ce4-9500-bb53eff77c24,39840,2022-10-18 10:48:34.628000+00:00,j3,0.0,0.0,-0.5302079500176364,2.6870963407598523,-2.6870963407598523,Normal
b0f4ef1f-861d-4ce4-9500-bb53eff77c24,39840,2022-10-18 10:48:34.628000+00:00,j4,0.0,0.0,-0.39382245731214677,0.6358703470379434,-0.6358703470379434,Normal
b0f4ef1f-861d-4ce4-9500-bb53eff77c24,39840,2022-10-18 10:48:34.628000+00:00,j5,0.0,0.0,-0.4544992706235773,0.9578924312523611,-0.9578924312523611,Normal
b0f4ef1f-861d-4ce4-9500-bb53eff77c24,39840,2022-10-18 10:48:34.628000+00:00,j6,0.0,0.0,-0.3301764300792632,0.6185126549375666,-0.6185126549375666,Normal
b0f4ef1f-861d-4ce4-9500-bb53eff77c24,39840,2022-10-18 10:48:34.628000+00:00,j7,0.0,0.0,-0.40158392869670473,0.8924199097813835,-0.8924199097813835,Normal
b0f4ef1f-861d-4ce4-9500-bb53eff77c24,39840,2022-10-18 10:48:34.628000+00:00,j8,0.0,0.0,-0.24160184644668103,0.10563378591284718,-0.10563378591284718,Normal
b0f4ef1f-861d-4ce4-9500-bb53eff77c24,39841,2022-10-18 10:48:36.628000+00:00,j1,0.0,0.0,-0.3356669120189621,0.7210090583700093,-0.7210090583700093,Normal
b0f4ef1f-861d-4ce4-9500-bb53eff77c24,39841,2022-10-18 10:48:36.628000+00:00,j2,0.0,0.0,-0.5252092255722672,3.701644750254054,-3.701644750254054,Normal
b0f4ef1f-861d-4ce4-9500-bb53eff77c24,39841,2022-10-18 10:48:36.628000+00:00,j3,0.0,0.0,-0.5302079500176364,2.68709518532266,-2.68709518532266,Normal
b0f4ef1f-861d-4ce4-9500-bb53eff77c24,39841,2022-10-18 10:48:36.628000+00:00,j4,0.0,0.0,-0.39382245731214677,0.6358711250448364,-0.6358711250448364,Normal
b0f4ef1f-861d-4ce4-9500-bb53eff77c24,39841,2022-10-18 10:48:36.628000+00:00,j5,0.0,0.0,-0.4544992706235773,0.9578925988759188,-0.9578925988759188,Normal
b0f4ef1f-861d-4ce4-9500-bb53eff77c24,39841,2022-10-18 10:48:36.628000+00:00,j6,0.0,0.0,-0.3301764300792632,0.6185136038286609,-0.6185136038286609,Normal
b0f4ef1f-861d-4ce4-9500-bb53eff77c24,39841,2022-10-18 10:48:36.628000+00:00,j7,0.0,0.0,-0.40158392869670473,0.8924210172186143,-0.8924210172186143,Normal
b0f4ef1f-861d-4ce4-9500-bb53eff77c24,39841,2022-10-18 10:48:36.628000+00:00,j8,0.0,0.0,-0.24160184644668103,0.1056339559126221,-0.1056339559126221,Normal
b0f4ef1f-861d-4ce4-9500-bb53eff77c24,39842,2022-10-18 10:48:38.628000+00:00,j1,0.0,0.0,-0.3356669120189621,0.7210088230242959,-0.7210088230242959,Normal
b0f4ef1f-861d-4ce4-9500-bb53eff77c24,39842,2022-10-18 10:48:38.628000+00:00,j2,0.0,0.0,-0.5252092255722672,3.7016491386608887,-3.7016491386608887,Normal
b0f4ef1f-861d-4ce4-9500-bb53eff77c24,39842,2022-10-18 10:48:38.628000+00:00,j3,0.0,0.0,-0.5302079500176364,2.687094029885468,-2.687094029885468,Normal
b0f4ef1f-861d-4ce4-9500-bb53eff77c24,39842,2022-10-18 10:48:38.628000+00:00,j4,0.0,0.0,-0.39382245731214677,0.6358719030517294,-0.6358719030517294,Normal
b0f4ef1f-861d-4ce4-9500-bb53eff77c24,39842,2022-10-18 10:48:38.628000+00:00,j5,0.0,0.0,-0.4544992706235773,0.9578927664994765,-0.9578927664994765,Normal
b0f4ef1f-861d-4ce4-9500-bb53eff77c24,39842,2022-10-18 10:48:38.628000+00:00,j6,0.0,0.0,-0.3301764300792632,0.6185145527197553,-0.6185145527197553,Normal
b0f4ef1f-861d-4ce4-9500-bb53eff77c24,39842,2022-10-18 10:48:38.628000+00:00,j7,0.0,0.0,-0.40158392869670473,0.8924221246558451,-0.8924221246558451,Normal
b0f4ef1f-861d-4ce4-9500-bb53eff77c24,39842,2022-10-18 10:48:38.628000+00:00,j8,0.0,0.0,-0.24160184644668103,0.10563412591239703,-0.10563412591239703,Normal
b0f4ef1f-861d-4ce4-9500-bb53eff77c24,39843,2022-10-18 10:48:40.628000+00:00,j1,0.4073264228808505,0.017252795418790497,-0.147272377727712,0.7210085876785826,-0.31368216479773203,Normal
b0f4ef1f-861d-4ce4-9500-bb53eff77c24,39843,2022-10-18 10:48:40.628000+00:00,j2,4.600632922057397,0.08896433121770574,0.14349956849975182,3.7016535270677235,0.8989793949896732,Normal
b0f4ef1f-861d-4ce4-9500-bb53eff77c24,39843,2022-10-18 10:48:40.628000+00:00,j3,6.435923829011276,0.15376508709980888,0.7288158721937844,2.687092874448276,3.7488309545630005,Normal
b0f4ef1f-861d-4ce4-9500-bb53eff77c24,39843,2022-10-18 10:48:40.628000+00:00,j4,1.0762527878737862,0.06869859429946996,0.28956610411452005,0.6358726810586223,0.44038010681516393,Normal
b0f4ef1f-861d-4ce4-9500-bb53eff77c24,39843,2022-10-18 10:48:40.628000+00:00,j5,1.7594088395554703,0.08478768197191189,0.3832508668449756,0.9578929341230342,0.8015159054324361,Normal
b0f4ef1f-861d-4ce4-9500-bb53eff77c24,39843,2022-10-18 10:48:40.628000+00:00,j6,6.246467282153616,0.2984253950354833,3.110502820183992,0.6185155016108498,5.627951780542766,Normal
b0f4ef1f-861d-4ce4-9500-bb53eff77c24,39843,2022-10-18 10:48:40.628000+00:00,j7,0.0234550147268604,0.0028926524733193398,-0.39075912050790407,0.8924232320930761,-0.8689682173662157,Normal
b0f4ef1f-861d-4ce4-9500-bb53eff77c24,39843,2022-10-18 10:48:40.628000+00:00,j8,0.0959843658937236,0.016252999826220967,-0.014725974361853487,0.10563429591217194,-0.009649930018448341,Normal
b0f4ef1f-861d-4ce4-9500-bb53eff77c24,39844,2022-10-18 10:48:42.628000+00:00,j1,3.9820488621182784,0.16866441877219054,1.5060899659118854,0.7210083523328692,3.261040509785409,Normal
b0f4ef1f-861d-4ce4-9500-bb53eff77c24,39844,2022-10-18 10:48:42.628000+00:00,j2,7.486278560017054,0.14476524788757256,0.5629324264066687,3.7016579154745584,3.7846206445424952,Normal
b0f4ef1f-861d-4ce4-9500-bb53eff77c24,39844,2022-10-18 10:48:42.628000+00:00,j3,3.55600485778998,0.08495896023825701,0.16543341349193105,2.6870917190110837,0.8689131387788964,Normal
b0f4ef1f-861d-4ce4-9500-bb53eff77c24,39844,2022-10-18 10:48:42.628000+00:00,j4,7.068256705782038,0.4511758810811767,4.094310661953921,0.6358734590655153,6.4323832467165225,Normal
b0f4ef1f-861d-4ce4-9500-bb53eff77c24,39844,2022-10-18 10:48:42.628000+00:00,j5,2.961386041734285,0.14271217255340454,0.955577516410852,0.957893101746592,2.003492939987693,Normal
b0f4ef1f-861d-4ce4-9500-bb53eff77c24,39844,2022-10-18 10:48:42.628000+00:00,j6,12.919716856518628,0.6172403428204407,6.786262302338779,0.6185164505019441,12.301200406016683,Normal
b0f4ef1f-861d-4ce4-9500-bb53eff77c24,39844,2022-10-18 10:48:42.628000+00:00,j7,0.4499543901544564,0.05549182956046711,-0.19392386009939325,0.8924243395303069,-0.4424699493758505,Normal
b0f4ef1f-861d-4ce4-9500-bb53eff77c24,39844,2022-10-18 10:48:42.628000+00:00,j8,0.0771382514547971,0.013061793718343328,-0.05927206901935333,0.10563446591194686,-0.02849621445714977,Normal
b0f4ef1f-861d-4ce4-9500-bb53eff77c24,39845,2022-10-18 10:48:44.628000+00:00,j1,0.4783291389647247,0.020260199962079548,-0.11443256454930652,0.7210081169871557,-0.24267897802243105,Normal
b0f4ef1f-861d-4ce4-9500-bb53eff77c24,39845,2022-10-18 10:48:44.628000+00:00,j2,9.387424742346717,0.1815284936242953,0.839266833536843,3.701662303881393,5.685762438465323,Normal
b0f4ef1f-861d-4ce4-9500-bb53eff77c24,39845,2022-10-18 10:48:44.628000+00:00,j3,2.2870092867888614,0.05464051339389227,-0.08281310039147519,2.6870905635738915,-0.40008127678503014,Normal
b0f4ef1f-861d-4ce4-9500-bb53eff77c24,39845,2022-10-18 10:48:44.628000+00:00,j4,1.1205087993158604,0.07152351220874492,0.3176673572166193,0.6358742370724082,0.48463456224345225,Normal
b0f4ef1f-861d-4ce4-9500-bb53eff77c24,39845,2022-10-18 10:48:44.628000+00:00,j5,4.5907310843020666,0.22123194930219744,1.7313972137472247,0.9578932693701497,3.632837814931917,Normal
b0f4ef1f-861d-4ce4-9500-bb53eff77c24,39845,2022-10-18 10:48:44.628000+00:00,j6,0.3521207553957327,0.016822592800475683,-0.13622126759269754,0.6185173993930385,-0.26639664399730584,Normal
b0f4ef1f-861d-4ce4-9500-bb53eff77c24,39845,2022-10-18 10:48:44.628000+00:00,j7,8.02394729344394,0.9895747776949491,3.301576840122117,0.8924254469675377,7.131521846476403,Normal
b0f4ef1f-861d-4ce4-9500-bb53eff77c24,39845,2022-10-18 10:48:44.628000+00:00,j8,0.0593794314671299,0.010054698807771876,-0.10124815266989834,0.10563463591172179,-0.046255204444591885,Normal
b0f4ef1f-861d-4ce4-9500-bb53eff77c24,39846,2022-10-18 10:48:46.628000+00:00,j1,0.3659482042803784,0.01550017172387061,-0.16641041981175764,0.7210078816414424,-0.355059677361064,Normal
b0f4ef1f-861d-4ce4-9500-bb53eff77c24,39846,2022-10-18 10:48:46.628000+00:00,j2,11.060780313620956,0.21388685861666262,1.0824915387193814,3.701666692288228,7.359113621332728,Normal
b0f4ef1f-861d-4ce4-9500-bb53eff77c24,39846,2022-10-18 10:48:46.628000+00:00,j3,2.7502863335801435,0.06570898426828224,0.007815200018908263,2.6870894081366994,0.06319692544344413,Normal
b0f4ef1f-861d-4ce4-9500-bb53eff77c24,39846,2022-10-18 10:48:46.628000+00:00,j4,0.9550953340312432,0.06096495879890231,0.21263471864406214,0.6358750150793011,0.31922031895194214,Normal
b0f4ef1f-861d-4ce4-9500-bb53eff77c24,39846,2022-10-18 10:48:46.628000+00:00,j5,4.127656483691218,0.19891591843822673,1.5109022374812475,0.9578934369937074,3.1697630466975104,Normal
b0f4ef1f-861d-4ce4-9500-bb53eff77c24,39846,2022-10-18 10:48:46.628000+00:00,j6,3.0912618379252583,0.14768524246922848,1.3725524857140916,0.6185183482841329,2.4727434896411253,Normal
b0f4ef1f-861d-4ce4-9500-bb53eff77c24,39846,2022-10-18 10:48:46.628000+00:00,j7,0.0723658702936309,0.008924714655968924,-0.3681860956760712,0.8924265544047685,-0.8200606841111375,Normal
b0f4ef1f-861d-4ce4-9500-bb53eff77c24,39846,2022-10-18 10:48:46.628000+00:00,j8,0.0383271794744403,0.006489928182964133,-0.15100884010809412,0.1056348059114967,-0.0673076264370564,Normal
b0f4ef1f-861d-4ce4-9500-bb53eff77c24,39847,2022-10-18 10:48:48.628000+00:00,j1,1.6090581117356544,0.06815357133568782,0.4085464180764181,0.721007646295729,0.8880504654399254,Normal
b0f4ef1f-861d-4ce4-9500-bb53eff77c24,39847,2022-10-18 10:48:48.628000+00:00,j2,11.541151560526572,0.22317599501184845,1.1523142093534633,3.701671080695063,7.83948047983151,Normal
b0f4ef1f-861d-4ce4-9500-bb53eff77c24,39847,2022-10-18 10:48:48.628000+00:00,j3,2.9314154016863183,0.07003646353522253,0.04324846767392068,2.6870882526995077,0.24432714898681063,Normal
b0f4ef1f-861d-4ce4-9500-bb53eff77c24,39847,2022-10-18 10:48:48.628000+00:00,j4,0.0255088308835095,0.0016282613561280903,-0.3776251071751063,0.6358757930861941,-0.6103669622026846,Normal
b0f4ef1f-861d-4ce4-9500-bb53eff77c24,39847,2022-10-18 10:48:48.628000+00:00,j5,4.299016106070174,0.20717391103121882,1.5924958636908333,0.9578936046172651,3.341122501452909,Normal
b0f4ef1f-861d-4ce4-9500-bb53eff77c24,39847,2022-10-18 10:48:48.628000+00:00,j6,0.0,0.0,-0.3301764300792632,0.6185192971752272,-0.6185192971752272,Normal
b0f4ef1f-861d-4ce4-9500-bb53eff77c24,39847,2022-10-18 10:48:48.628000+00:00,j7,8.068635694603026,0.9950860943855108,3.3222011448366775,0.8924276618419994,7.176208032761027,Normal
b0f4ef1f-861d-4ce4-9500-bb53eff77c24,39847,2022-10-18 10:48:48.628000+00:00,j8,0.0590786076862127,0.010003760419905836,-0.10195920240184127,0.10563497591127162,-0.04655636822505892,Normal
b0f4ef1f-861d-4ce4-9500-bb53eff77c24,39848,2022-10-18 10:48:50.628000+00:00,j1,7.026742365445409,0.29762603573360535,2.91430603635988,0.7210074109500156,6.305734954495393,Normal
b0f4ef1f-861d-4ce4-9500-bb53eff77c24,39848,2022-10-18 10:48:50.628000+00:00,j2,24.536148549385413,0.4744655970896695,3.0411562257913274,3.7016754691018976,20.834473080283516,Normal
b0f4ef1f-861d-4ce4-9500-bb53eff77c24,39848,2022-10-18 10:48:50.628000+00:00,j3,12.710486725476846,0.30367498906899937,1.956273556668534,2.6870870972623155,10.02339962821453,Normal
b0f4ef1f-861d-4ce4-9500-bb53eff77c24,39848,2022-10-18 10:48:50.628000+00:00,j4,13.500821741899498,0.8617747484664214,8.178798447579341,0.635876571093087,12.864945170806411,Normal
b0f4ef1f-861d-4ce4-9500-bb53eff77c24,39848,2022-10-18 10:48:50.628000+00:00,j5,0.6643823670842457,0.03201725464919095,-0.1381507296573197,0.9578937722408228,-0.29351140515657714,Normal
b0f4ef1f-861d-4ce4-9500-bb53eff77c24,39848,2022-10-18 10:48:50.628000+00:00,j6,0.1804815898969949,0.008622520110771028,-0.23076355663201514,0.6185202460663216,-0.4380386561693267,Normal
b0f4ef1f-861d-4ce4-9500-bb53eff77c24,39848,2022-10-18 10:48:50.628000+00:00,j7,0.0119098133447545,0.0014688096097856193,-0.39608738791330683,0.8924287692792302,-0.8805189559344757,Normal
b0f4ef1f-861d-4ce4-9500-bb53eff77c24,39848,2022-10-18 10:48:50.628000+00:00,j8,0.0380118424360651,0.0064365322701798785,-0.15175419446779512,0.10563514591104654,-0.06762330347498144,Normal
b0f4ef1f-861d-4ce4-9500-bb53eff77c24,39849,2022-10-18 10:48:52.628000+00:00,j1,1.4826576276270649,0.06279972839631268,0.35008431250171546,0.7210071756043022,0.7616504520227627,Normal
b0f4ef1f-861d-4ce4-9500-bb53eff77c24,39849,2022-10-18 10:48:52.628000+00:00,j2,1.5901812901935393,0.030749989706571012,-0.2940740250604054,3.7016798575087324,-2.111498567315193,Normal
b0f4ef1f-861d-4ce4-9500-bb53eff77c24,39849,2022-10-18 10:48:52.628000+00:00,j3,5.899833048649996,0.1409569731870747,0.6239434278835707,2.6870859418251234,3.2127471068248727,Normal
b0f4ef1f-861d-4ce4-9500-bb53eff77c24,39849,2022-10-18 10:48:52.628000+00:00,j4,1.5441190208708155,0.09856309536207117,0.5866472689769235,0.63587734909998,0.9082416717708356,Normal
b0f4ef1f-861d-4ce4-9500-bb53eff77c24,39849,2022-10-18 10:48:52.628000+00:00,j5,3.562405045944486,0.17167588300112796,1.2417553177714062,0.9578939398643807,2.604511106080105,Normal
b0f4ef1f-861d-4ce4-9500-bb53eff77c24,39849,2022-10-18 10:48:52.628000+00:00,j6,3.4365503861517244,0.16418142611211875,1.5627443316924676,0.618521194957416,2.8180291911943085,Normal
b0f4ef1f-861d-4ce4-9500-bb53eff77c24,39849,2022-10-18 10:48:52.628000+00:00,j7,0.2662609503255939,0.03283734440062674,-0.2787008800605572,0.892429876716461,-0.6261689263908672,Normal
b0f4ef1f-861d-4ce4-9500-bb53eff77c24,39849,2022-10-18 10:48:52.628000+00:00,j8,0.0398756481992143,0.00675212986216808,-0.14734876287511892,0.10563531591082145,-0.06575966771160716,Normal
b0f4ef1f-861d-4ce4-9500-bb53eff77c24,39850,2022-10-18 10:48:54.628000+00:00,j1,0.3616211997286083,0.015316896296315786,-0.16841172383137265,0.7210069402585888,-0.3593857405299805,Normal
b0f4ef1f-861d-4ce4-9500-bb53eff77c24,39850,2022-10-18 10:48:54.628000+00:00,j2,18.8587018943211,0.364678475785038,2.2159309643030753,3.7016842459155677,15.157017648405533,Normal
b0f4ef1f-861d-4ce4-9500-bb53eff77c24,39850,2022-10-18 10:48:54.628000+00:00,j3,15.800862704747717,0.37750928920190574,2.5608265440661038,2.6870847863879312,13.113777918359785,Normal
b0f4ef1f-861d-4ce4-9500-bb53eff77c24,39850,2022-10-18 10:48:54.628000+00:00,j4,0.6014658287404363,0.03839233442104621,-0.01190951633639954,0.635878127106873,-0.03441229836643667,Normal
b0f4ef1f-861d-4ce4-9500-bb53eff77c24,39850,2022-10-18 10:48:54.628000+00:00,j5,0.631197297498273,0.030418032761126486,-0.15395194423719882,0.9578941074879384,-0.3266968099896653,Normal
b0f4ef1f-861d-4ce4-9500-bb53eff77c24,39850,2022-10-18 10:48:54.628000+00:00,j6,0.8583008581596242,0.04100538129566098,0.14259286811112146,0.6185221438485105,0.23977871431111375,Normal
b0f4ef1f-861d-4ce4-9500-bb53eff77c24,39850,2022-10-18 10:48:54.628000+00:00,j7,7.941517033156065,0.979408845203548,3.263534154284562,0.8924309841536919,7.049086049002373,Normal
b0f4ef1f-861d-4ce4-9500-bb53eff77c24,39850,2022-10-18 10:48:54.628000+00:00,j8,0.0395309819854648,0.00669376765015558,-0.1481634418813768,0.10563548591059638,-0.06610450392513158,Normal
b0f4ef1f-861d-4ce4-9500-bb53eff77c24,39851,2022-10-18 10:48:56.628000+00:00,j1,0.329685136881524,0.013964206345868958,-0.18318262831780338,0.7210067049128754,-0.39132156803135143,Normal
b0f4ef1f-861d-4ce4-9500-bb53eff77c24,39851,2022-10-18 10:48:56.628000+00:00,j2,12.132514309224597,0.23461141973194471,1.2382696587971729,3.7016886343224025,8.430825674902195,Normal
b0f4ef1f-861d-4ce4-9500-bb53eff77c24,39851,2022-10-18 10:48:56.628000+00:00,j3,6.425974816181562,0.15352738838475852,0.7268696023974215,2.687083630950739,3.7388911852308233,Normal
b0f4ef1f-861d-4ce4-9500-bb53eff77c24,39851,2022-10-18 10:48:56.628000+00:00,j4,0.8828535617192336,0.05635367391912791,0.1667633384149345,0.6358789051137659,0.2469746566054677,Normal
b0f4ef1f-861d-4ce4-9500-bb53eff77c24,39851,2022-10-18 10:48:56.628000+00:00,j5,0.2805659229312395,0.013520754079910302,-0.32090659152573714,0.957894275111496,-0.6773283521802566,Normal
b0f4ef1f-861d-4ce4-9500-bb53eff77c24,39851,2022-10-18 10:48:56.628000+00:00,j6,0.4820074166136365,0.023027936786593386,-0.06467709390988333,0.6185230927396048,-0.13651567612596832,Normal
b0f4ef1f-861d-4ce4-9500-bb53eff77c24,39851,2022-10-18 10:48:56.628000+00:00,j7,1.880583157658544,0.23192795168250324,0.46633076680891505,0.8924320915909227,0.9881510660676212,Normal
b0f4ef1f-861d-4ce4-9500-bb53eff77c24,39851,2022-10-18 10:48:56.628000+00:00,j8,0.060541219248985,0.010251423935252572,-0.09850206361954489,0.1056356559103713,-0.0450944366613863,Normal
b0f4ef1f-861d-4ce4-9500-bb53eff77c24,39852,2022-10-18 10:48:58.628000+00:00,j1,0.2904824360338774,0.01230372929455246,-0.20131446105508685,0.7210064695671621,-0.43052403353328467,Normal
b0f4ef1f-861d-4ce4-9500-bb53eff77c24,39852,2022-10-18 10:48:58.628000+00:00,j2,7.128355222954463,0.13784393709219986,0.5109077404227407,3.7016930227292373,3.4266622002252256,Normal
b0f4ef1f-861d-4ce4-9500-bb53eff77c24,39852,2022-10-18 10:48:58.628000+00:00,j3,12.338136983454762,0.2947789250330126,1.8834328568941086,2.687082475513547,9.651054507941215,Normal
b0f4ef1f-861d-4ce4-9500-bb53eff77c24,39852,2022-10-18 10:48:58.628000+00:00,j4,1.0528884136180177,0.06720721635727757,0.27473042025735883,0.6358796831206588,0.41700873049735887,Normal
b0f4ef1f-861d-4ce4-9500-bb53eff77c24,39852,2022-10-18 10:48:58.628000+00:00,j5,0.5428935999694536,0.02616258874226552,-0.1959981321843054,0.9578944427350538,-0.4150008427656001,Normal
b0f4ef1f-861d-4ce4-9500-bb53eff77c24,39852,2022-10-18 10:48:58.628000+00:00,j6,0.4637727658819302,0.02215677511998375,-0.07472110464017703,0.6185240416306992,-0.15475127574876896,Normal
b0f4ef1f-861d-4ce4-9500-bb53eff77c24,39852,2022-10-18 10:48:58.628000+00:00,j7,8.079276263339576,0.9963983710065976,3.327111911976849,0.8924331990281535,7.1868430643114225,Normal
b0f4ef1f-861d-4ce4-9500-bb53eff77c24,39852,2022-10-18 10:48:58.628000+00:00,j8,0.0382851022390544,0.006482803259097135,-0.15110829702885625,0.10563582591014621,-0.06735072367109181,Normal
b0f4ef1f-861d-4ce4-9500-bb53eff77c24,39853,2022-10-18 10:49:00.628000+00:00,j1,1.2678738583470428,0.05370230622454045,0.2507436218078896,0.7210062342214487,0.5468676241255941,Normal
b0f4ef1f-861d-4ce4-9500-bb53eff77c24,39853,2022-10-18 10:49:00.628000+00:00,j2,16.30671453528591,0.31532964650024586,1.844995830320619,3.701697411136072,12.605017124149837,Normal
b0f4ef1f-861d-4ce4-9500-bb53eff77c24,39853,2022-10-18 10:49:00.628000+00:00,j3,6.773745537413947,0.1618362181132912,0.7949020456537433,2.6870813200763553,4.086664217337592,Normal
b0f4ef1f-861d-4ce4-9500-bb53eff77c24,39853,2022-10-18 10:49:00.628000+00:00,j4,2.2543498214762927,0.14389803728233805,1.037622737356947,0.6358804611275517,1.618469360348741,Normal
b0f4ef1f-861d-4ce4-9500-bb53eff77c24,39853,2022-10-18 10:49:00.628000+00:00,j5,0.6604174407860178,0.0318261808620994,-0.14003864648296913,0.9578946103586115,-0.2974771695725936,Normal
b0f4ef1f-861d-4ce4-9500-bb53eff77c24,39853,2022-10-18 10:49:00.628000+00:00,j6,0.1316488696037877,0.006289533610418581,-0.2576615967333025,0.6185249905217935,-0.48687612091800586,Normal
b0f4ef1f-861d-4ce4-9500-bb53eff77c24,39853,2022-10-18 10:49:00.628000+00:00,j7,7.260510835051757,0.8954219329703911,2.949240534957967,0.8924343064653844,6.368076528586372,Normal
b0f4ef1f-861d-4ce4-9500-bb53eff77c24,39853,2022-10-18 10:49:00.628000+00:00,j8,0.0579266350432199,0.00980869728652947,-0.10468209165118252,0.10563599590992113,-0.04770936086670124,Normal
b0f4ef1f-861d-4ce4-9500-bb53eff77c24,39854,2022-10-18 10:49:02.628000+00:00,j1,0.2731709228628874,0.011570479550977258,-0.2093212936063832,0.7210059988757352,-0.44783507601284783,Normal
b0f4ef1f-861d-4ce4-9500-bb53eff77c24,39854,2022-10-18 10:49:02.628000+00:00,j2,22.6300061084927,0.43760573664597435,2.764095605095504,3.701701799542907,18.928304308949794,Normal
b0f4ef1f-861d-4ce4-9500-bb53eff77c24,39854,2022-10-18 10:49:02.628000+00:00,j3,9.459308355169918,0.22599884830521724,1.320263695889345,2.687080164639163,6.772228190530756,Normal
b0f4ef1f-861d-4ce4-9500-bb53eff77c24,39854,2022-10-18 10:49:02.628000+00:00,j4,1.4745443767351776,0.09412205669080623,0.5424694359405442,0.6358812391344447,0.8386631376007329,Normal
b0f4ef1f-861d-4ce4-9500-bb53eff77c24,39854,2022-10-18 10:49:02.628000+00:00,j5,2.6959589057978794,0.12992097184863974,0.8291932362939066,0.9578947779821692,1.7380641278157103,Normal
b0f4ef1f-861d-4ce4-9500-bb53eff77c24,39854,2022-10-18 10:49:02.628000+00:00,j6,0.1816781943553777,0.008679687969348362,-0.23010444293706425,0.6185259394128879,-0.43684774505751023,Normal
b0f4ef1f-861d-4ce4-9500-bb53eff77c24,39854,2022-10-18 10:49:02.628000+00:00,j7,0.0729909380564631,0.00900180281094152,-0.36789761840515683,0.8924354139026153,-0.8194444758461522,Normal
b0f4ef1f-861d-4ce4-9500-bb53eff77c24,39854,2022-10-18 10:49:02.628000+00:00,j8,0.0595456277672754,0.010082840770394978,-0.10085531858507944,0.10563616590969606,-0.04609053814242066,Normal
b0f4ef1f-861d-4ce4-9500-bb53eff77c24,39855,2022-10-18 10:49:04.628000+00:00,j1,0.3708665416982724,0.015708493758742205,-0.16413561553861966,0.7210057635300219,-0.3501392218317495,Normal
b0f4ef1f-861d-4ce4-9500-bb53eff77c24,39855,2022-10-18 10:49:04.628000+00:00,j2,10.948877731476797,0.21172295235623062,1.066226333034225,3.7017061879497417,7.247171543527055,Normal
b0f4ef1f-861d-4ce4-9500-bb53eff77c24,39855,2022-10-18 10:49:04.628000+00:00,j3,6.51622640199407,0.1556836511563594,0.7445250159090139,2.687079009201971,3.8291473927920987,Normal
b0f4ef1f-861d-4ce4-9500-bb53eff77c24,39855,2022-10-18 10:49:04.628000+00:00,j4,2.170969464661137,0.13857576228344518,0.9846786867238967,0.6358820171413376,1.5350874475197993,Normal
b0f4ef1f-861d-4ce4-9500-bb53eff77c24,39855,2022-10-18 10:49:04.628000+00:00,j5,0.3924472334644794,0.018912426988914113,-0.26763382105184036,0.957894945605727,-0.5654477121412476,Normal
b0f4ef1f-861d-4ce4-9500-bb53eff77c24,39855,2022-10-18 10:49:04.628000+00:00,j6,1.0243146301510522,0.04893670043174578,0.23403657777094483,0.6185268883039823,0.4057877418470699,Normal
b0f4ef1f-861d-4ce4-9500-bb53eff77c24,39855,2022-10-18 10:49:04.628000+00:00,j7,0.7504662504296158,0.0925532591101681,-0.05523355084910747,0.8924365213398461,-0.1419702709102303,Normal
b0f4ef1f-861d-4ce4-9500-bb53eff77c24,39855,2022-10-18 10:49:04.628000+00:00,j8,0.0383335579523368,0.006491008248443318,-0.15099376345762228,0.10563633590947097,-0.06730277795713417,Normal
b0f4ef1f-861d-4ce4-9500-bb53eff77c24,39856,2022-10-18 10:49:06.628000+00:00,j1,10.40422299696518,0.4406832475746921,4.4764411076685535,0.7210055281843085,9.683217468780871,Normal
b0f4ef1f-861d-4ce4-9500-bb53eff77c24,39856,2022-10-18 10:49:06.628000+00:00,j2,3.3892486669723323,0.06553929559171477,-0.03257692316989988,3.7017105763565765,-0.31246190938424423,Normal
b0f4ef1f-861d-4ce4-9500-bb53eff77c24,39856,2022-10-18 10:49:06.628000+00:00,j3,9.98103252743593,0.23846371969305705,1.4223256809217806,2.687077853764779,7.293954673671152,Normal
b0f4ef1f-861d-4ce4-9500-bb53eff77c24,39856,2022-10-18 10:49:06.628000+00:00,j4,2.2144396756723186,0.14135052154448202,1.0122809798863919,0.6358827951482307,1.578556880524088,Normal
b0f4ef1f-861d-4ce4-9500-bb53eff77c24,39856,2022-10-18 10:49:06.628000+00:00,j5,0.7189551302470224,0.034647171007087085,-0.11216567216880209,0.9578951132292847,-0.23893998298226227,Normal
b0f4ef1f-861d-4ce4-9500-bb53eff77c24,39856,2022-10-18 10:49:06.628000+00:00,j6,0.4697863167022201,0.022444072915369342,-0.07140872044072896,0.6185278371950766,-0.14874152049285655,Normal
b0f4ef1f-861d-4ce4-9500-bb53eff77c24,39856,2022-10-18 10:49:06.628000+00:00,j7,0.7165337252934167,0.08836843962042414,-0.07089387254314462,0.8924376287770769,-0.17590390348366014,Normal
b0f4ef1f-861d-4ce4-9500-bb53eff77c24,39856,2022-10-18 10:49:06.628000+00:00,j8,0.0580876107567134,0.00983595524900153,-0.10430159733793411,0.10563650590924589,-0.047548895152532494,Normal
b0f4ef1f-861d-4ce4-9500-bb53eff77c24,39857,2022-10-18 10:49:08.628000+00:00,j1,4.500357993328155,0.1906180188878177,1.7458156549614032,0.7210052928385952,3.77935270048956,Normal
b0f4ef1f-861d-4ce4-9500-bb53eff77c24,39857,2022-10-18 10:49:08.628000+00:00,j2,6.054693343764768,0.11708209569900715,0.35484939961667505,3.7017149647634113,2.3529783790013568,Normal
b0f4ef1f-861d-4ce4-9500-bb53eff77c24,39857,2022-10-18 10:49:08.628000+00:00,j3,6.077822836345059,0.14520944974443203,0.6587625756504056,2.6870766983275867,3.3907461380174726,Normal
b0f4ef1f-861d-4ce4-9500-bb53eff77c24,39857,2022-10-18 10:49:08.628000+00:00,j4,0.1549626986625201,0.009891467587274603,-0.29542574521350856,0.6358835731551236,-0.48092087449260346,Normal
b0f4ef1f-861d-4ce4-9500-bb53eff77c24,39857,2022-10-18 10:49:08.628000+00:00,j5,0.686899673213492,0.0331023862843333,-0.1274290168404376,0.9578952808528424,-0.2709956076393504,Normal
b0f4ef1f-861d-4ce4-9500-bb53eff77c24,39857,2022-10-18 10:49:08.628000+00:00,j6,0.4059718355772451,0.01939533178242303,-0.10655901438372668,0.6185287860861711,-0.21255695050892603,Normal
b0f4ef1f-861d-4ce4-9500-bb53eff77c24,39857,2022-10-18 10:49:08.628000+00:00,j7,3.5553205233892804,0.4384694200872766,1.239244830678242,0.8924387362143078,2.662881787174973,Normal
b0f4ef1f-861d-4ce4-9500-bb53eff77c24,39857,2022-10-18 10:49:08.628000+00:00,j8,2.881000924251205,0.4878389004834709,6.568148794510848,0.10563667590902082,2.7753642483421843,Normal
b0f4ef1f-861d-4ce4-9500-bb53eff77c24,39858,2022-10-18 10:49:10.628000+00:00,j1,4.746228634294119,0.2010321625077456,1.859534486588055,0.7210050574928818,4.025223576801237,Normal
b0f4ef1f-861d-4ce4-9500-bb53eff77c24,39858,2022-10-18 10:49:10.628000+00:00,j2,1.7333021305202192,0.033517576266657856,-0.2732711994138358,3.701719353170246,-1.968417222650027,Normal
b0f4ef1f-861d-4ce4-9500-bb53eff77c24,39858,2022-10-18 10:49:10.628000+00:00,j3,10.528622583543882,0.2515465707194906,1.5294476643017352,2.6870755428903945,7.841547040653488,Normal
b0f4ef1f-861d-4ce4-9500-bb53eff77c24,39858,2022-10-18 10:49:10.628000+00:00,j4,0.4447707170247582,0.02839028468909431,-0.11140625928051723,0.6358843511620165,-0.1911136341372583,Normal
b0f4ef1f-861d-4ce4-9500-bb53eff77c24,39858,2022-10-18 10:49:10.628000+00:00,j5,1.4987054174671135,0.07222412178961703,0.2591158035311953,0.9578954484764001,0.5408099689907134,Normal
b0f4ef1f-861d-4ce4-9500-bb53eff77c24,39858,2022-10-18 10:49:10.628000+00:00,j6,0.0765495287103231,0.00365715888890114,-0.2880114169359889,0.6185297349772655,-0.5419802062669424,Normal
b0f4ef1f-861d-4ce4-9500-bb53eff77c24,39858,2022-10-18 10:49:10.628000+00:00,j7,1.834456253851532,0.2262392278024404,0.4450425735645786,0.8924398436515386,0.9420164101999935,Normal
b0f4ef1f-861d-4ce4-9500-bb53eff77c24,39858,2022-10-18 10:49:10.628000+00:00,j8,0.177008495305639,0.02997278792910489,0.17678875669961677,0.10563684590879573,0.07137164939684328,Normal
b0f4ef1f-861d-4ce4-9500-bb53eff77c24,39859,2022-10-18 10:49:12.628000+00:00,j1,0.2556550365183466,0.010828573338402519,-0.2174226517928702,0.7210048221471683,-0.46534978562882173,Normal
b0f4ef1f-861d-4ce4-9500-bb53eff77c24,39859,2022-10-18 10:49:12.628000+00:00,j2,4.119693998259328,0.07966421742094486,0.07359438519043483,3.701723741577081,0.4179702566822474,Normal
b0f4ef1f-861d-4ce4-9500-bb53eff77c24,39859,2022-10-18 10:49:12.628000+00:00,j3,6.707174978576301,0.16024573506067777,0.7818792191472029,2.687074387453203,4.020100591123098,Normal
b0f4ef1f-861d-4ce4-9500-bb53eff77c24,39859,2022-10-18 10:49:12.628000+00:00,j4,0.7105241329412065,0.04535366569906146,0.057339268390684796,0.6358851291689094,0.07463900377229715,Normal
b0f4ef1f-861d-4ce4-9500-bb53eff77c24,39859,2022-10-18 10:49:12.628000+00:00,j5,0.7836917688075431,0.03776689474542345,-0.08134104139848568,0.9578956160999578,-0.17420384729241467,Normal
b0f4ef1f-861d-4ce4-9500-bb53eff77c24,39859,2022-10-18 10:49:12.628000+00:00,j6,0.7672583971839153,0.03665582159184209,0.09244485768817658,0.6185306838683599,0.14872771331555545,Normal
b0f4ef1f-861d-4ce4-9500-bb53eff77c24,39859,2022-10-18 10:49:12.628000+00:00,j7,0.6370623803101774,0.07856742327910747,-0.10757097873845274,0.8924409510887694,-0.25537857077859205,Normal
b0f4ef1f-861d-4ce4-9500-bb53eff77c24,39859,2022-10-18 10:49:12.628000+00:00,j8,0.1329750350599875,0.022516617176121047,0.0727079556115927,0.10563701590857065,0.027338019151416856,Normal
b0f4ef1f-861d-4ce4-9500-bb53eff77c24,39860,2022-10-18 10:49:14.628000+00:00,j1,0.0,0.0,-0.3356669120189621,0.721004586801455,-0.721004586801455,Normal
b0f4ef1f-861d-4ce4-9500-bb53eff77c24,39860,2022-10-18 10:49:14.628000+00:00,j2,0.0,0.0,-0.5252092255722672,3.701728129983916,-3.701728129983916,Normal
b0f4ef1f-861d-4ce4-9500-bb53eff77c24,39860,2022-10-18 10:49:14.628000+00:00,j3,0.0,0.0,-0.5302079500176364,2.6870732320160107,-2.6870732320160107,Normal
b0f4ef1f-861d-4ce4-9500-bb53eff77c24,39860,2022-10-18 10:49:14.628000+00:00,j4,0.0,0.0,-0.39382245731214677,0.6358859071758024,-0.6358859071758024,Normal
b0f4ef1f-861d-4ce4-9500-bb53eff77c24,39860,2022-10-18 10:49:14.628000+00:00,j5,0.0,0.0,-0.4544992706235773,0.9578957837235156,-0.9578957837235156,Normal
b0f4ef1f-861d-4ce4-9500-bb53eff77c24,39860,2022-10-18 10:49:14.628000+00:00,j6,0.0,0.0,-0.3301764300792632,0.6185316327594542,-0.6185316327594542,Normal
b0f4ef1f-861d-4ce4-9500-bb53eff77c24,39860,2022-10-18 10:49:14.628000+00:00,j7,0.0,0.0,-0.40158392869670473,0.8924420585260003,-0.8924420585260003,Normal
b0f4ef1f-861d-4ce4-9500-bb53eff77c24,39860,2022-10-18 10:49:14.628000+00:00,j8,0.0,0.0,-0.24160184644668103,0.10563718590834557,-0.10563718590834557,Normal
b0f4ef1f-861d-4ce4-9500-bb53eff77c24,39861,2022-10-18 10:49:16.628000+00:00,j1,0.0,0.0,-0.3356669120189621,0.7210043514557416,-0.7210043514557416,Normal
b0f4ef1f-861d-4ce4-9500-bb53eff77c24,39861,2022-10-18 10:49:16.628000+00:00,j2,0.0,0.0,-0.5252092255722672,3.701732518390751,-3.701732518390751,Normal
b0f4ef1f-861d-4ce4-9500-bb53eff77c24,39861,2022-10-18 10:49:16.628000+00:00,j3,0.0,0.0,-0.5302079500176364,2.6870720765788185,-2.6870720765788185,Normal
b0f4ef1f-861d-4ce4-9500-bb53eff77c24,39861,2022-10-18 10:49:16.628000+00:00,j4,0.0,0.0,-0.39382245731214677,0.6358866851826953,-0.6358866851826953,Normal
b0f4ef1f-861d-4ce4-9500-bb53eff77c24,39861,2022-10-18 10:49:16.628000+00:00,j5,0.0,0.0,-0.4544992706235773,0.9578959513470733,-0.9578959513470733,Normal
b0f4ef1f-861d-4ce4-9500-bb53eff77c24,39861,2022-10-18 10:49:16.628000+00:00,j6,0.0,0.0,-0.3301764300792632,0.6185325816505486,-0.6185325816505486,Normal
b0f4ef1f-861d-4ce4-9500-bb53eff77c24,39861,2022-10-18 10:49:16.628000+00:00,j7,0.0,0.0,-0.40158392869670473,0.8924431659632311,-0.8924431659632311,Normal
b0f4ef1f-861d-4ce4-9500-bb53eff77c24,39861,2022-10-18 10:49:16.628000+00:00,j8,0.0,0.0,-0.24160184644668103,0.10563735590812048,-0.10563735590812048,Normal
b0f4ef1f-861d-4ce4-9500-bb53eff77c24,39862,2022-10-18 10:49:18.628000+00:00,j1,0.0,0.0,-0.3356669120189621,0.7210041161100282,-0.7210041161100282,Normal
b0f4ef1f-861d-4ce4-9500-bb53eff77c24,39862,2022-10-18 10:49:18.628000+00:00,j2,0.0,0.0,-0.5252092255722672,3.701736906797586,-3.701736906797586,Normal
b0f4ef1f-861d-4ce4-9500-bb53eff77c24,39862,2022-10-18 10:49:18.628000+00:00,j3,0.0,0.0,-0.5302079500176364,2.6870709211416264,-2.6870709211416264,Normal
b0f4ef1f-861d-4ce4-9500-bb53eff77c24,39862,2022-10-18 10:49:18.628000+00:00,j4,0.0,0.0,-0.39382245731214677,0.6358874631895882,-0.6358874631895882,Normal
b0f4ef1f-861d-4ce4-9500-bb53eff77c24,39862,2022-10-18 10:49:18.628000+00:00,j5,0.0,0.0,-0.4544992706235773,0.957896118970631,-0.957896118970631,Normal
b0f4ef1f-861d-4ce4-9500-bb53eff77c24,39862,2022-10-18 10:49:18.628000+00:00,j6,0.0,0.0,-0.3301764300792632,0.618533530541643,-0.618533530541643,Normal
b0f4ef1f-861d-4ce4-9500-bb53eff77c24,39862,2022-10-18 10:49:18.628000+00:00,j7,0.0,0.0,-0.40158392869670473,0.892444273400462,-0.892444273400462,Normal
b0f4ef1f-861d-4ce4-9500-bb53eff77c24,39862,2022-10-18 10:49:18.628000+00:00,j8,0.0,0.0,-0.24160184644668103,0.10563752590789541,-0.10563752590789541,Normal
b0f4ef1f-861d-4ce4-9500-bb53eff77c24,39863,2022-10-18 10:49:20.628000+00:00,j1,0.0,0.0,-0.3356669120189621,0.7210038807643148,-0.7210038807643148,Normal
b0f4ef1f-861d-4ce4-9500-bb53eff77c24,39863,2022-10-18 10:49:20.628000+00:00,j2,0.0,0.0,-0.5252092255722672,3.7017412952044206,-3.7017412952044206,Normal
b0f4ef1f-861d-4ce4-9500-bb53eff77c24,39863,2022-10-18 10:49:20.628000+00:00,j3,0.0,0.0,-0.5302079500176364,2.6870697657044342,-2.6870697657044342,Normal
b0f4ef1f-861d-4ce4-9500-bb53eff77c24,39863,2022-10-18 10:49:20.628000+00:00,j4,0.0,0.0,-0.39382245731214677,0.6358882411964812,-0.6358882411964812,Normal
b0f4ef1f-861d-4ce4-9500-bb53eff77c24,39863,2022-10-18 10:49:20.628000+00:00,j5,0.0,0.0,-0.4544992706235773,0.9578962865941887,-0.9578962865941887,Normal
b0f4ef1f-861d-4ce4-9500-bb53eff77c24,39863,2022-10-18 10:49:20.628000+00:00,j6,0.0,0.0,-0.3301764300792632,0.6185344794327373,-0.6185344794327373,Normal
b0f4ef1f-861d-4ce4-9500-bb53eff77c24,39863,2022-10-18 10:49:20.628000+00:00,j7,0.0,0.0,-0.40158392869670473,0.8924453808376928,-0.8924453808376928,Normal
b0f4ef1f-861d-4ce4-9500-bb53eff77c24,39863,2022-10-18 10:49:20.628000+00:00,j8,0.0,0.0,-0.24160184644668103,0.10563769590767033,-0.10563769590767033,Normal
b0f4ef1f-861d-4ce4-9500-bb53eff77c24,39864,2022-10-18 10:49:22.628000+00:00,j1,0.0,0.0,-0.3356669120189621,0.7210036454186014,-0.7210036454186014,Normal
b0f4ef1f-861d-4ce4-9500-bb53eff77c24,39864,2022-10-18 10:49:22.628000+00:00,j2,0.0,0.0,-0.5252092255722672,3.7017456836112554,-3.7017456836112554,Normal
b0f4ef1f-861d-4ce4-9500-bb53eff77c24,39864,2022-10-18 10:49:22.628000+00:00,j3,0.0,0.0,-0.5302079500176364,2.687068610267242,-2.687068610267242,Normal
b0f4ef1f-861d-4ce4-9500-bb53eff77c24,39864,2022-10-18 10:49:22.628000+00:00,j4,0.0,0.0,-0.39382245731214677,0.6358890192033742,-0.6358890192033742,Normal
b0f4ef1f-861d-4ce4-9500-bb53eff77c24,39864,2022-10-18 10:49:22.628000+00:00,j5,0.0,0.0,-0.4544992706235773,0.9578964542177464,-0.9578964542177464,Normal
b0f4ef1f-861d-4ce4-9500-bb53eff77c24,39864,2022-10-18 10:49:22.628000+00:00,j6,0.0,0.0,-0.3301764300792632,0.6185354283238318,-0.6185354283238318,Normal
b0f4ef1f-861d-4ce4-9500-bb53eff77c24,39864,2022-10-18 10:49:22.628000+00:00,j7,0.0,0.0,-0.40158392869670473,0.8924464882749237,-0.8924464882749237,Normal
b0f4ef1f-861d-4ce4-9500-bb53eff77c24,39864,2022-10-18 10:49:22.628000+00:00,j8,0.0,0.0,-0.24160184644668103,0.10563786590744524,-0.10563786590744524,Normal
b0f4ef1f-861d-4ce4-9500-bb53eff77c24,39865,2022-10-18 10:49:24.628000+00:00,j1,0.0,0.0,-0.3356669120189621,0.721003410072888,-0.721003410072888,Normal
b0f4ef1f-861d-4ce4-9500-bb53eff77c24,39865,2022-10-18 10:49:24.628000+00:00,j2,0.0,0.0,-0.5252092255722672,3.7017500720180903,-3.7017500720180903,Normal
b0f4ef1f-861d-4ce4-9500-bb53eff77c24,39865,2022-10-18 10:49:24.628000+00:00,j3,0.0,0.0,-0.5302079500176364,2.68706745483005,-2.68706745483005,Normal
b0f4ef1f-861d-4ce4-9500-bb53eff77c24,39865,2022-10-18 10:49:24.628000+00:00,j4,0.0,0.0,-0.39382245731214677,0.6358897972102671,-0.6358897972102671,Normal
b0f4ef1f-861d-4ce4-9500-bb53eff77c24,39865,2022-10-18 10:49:24.628000+00:00,j5,0.0,0.0,-0.4544992706235773,0.9578966218413041,-0.9578966218413041,Normal
b0f4ef1f-861d-4ce4-9500-bb53eff77c24,39865,2022-10-18 10:49:24.628000+00:00,j6,0.0,0.0,-0.3301764300792632,0.6185363772149262,-0.6185363772149262,Normal
b0f4ef1f-861d-4ce4-9500-bb53eff77c24,39865,2022-10-18 10:49:24.628000+00:00,j7,0.0,0.0,-0.40158392869670473,0.8924475957121545,-0.8924475957121545,Normal
b0f4ef1f-861d-4ce4-9500-bb53eff77c24,39865,2022-10-18 10:49:24.628000+00:00,j8,0.0,0.0,-0.24160184644668103,0.10563803590722017,-0.10563803590722017,Normal
b0f4ef1f-861d-4ce4-9500-bb53eff77c24,39866,2022-10-18 10:49:26.628000+00:00,j1,0.0,0.0,-0.3356669120189621,0.7210031747271747,-0.7210031747271747,Normal
b0f4ef1f-861d-4ce4-9500-bb53eff77c24,39866,2022-10-18 10:49:26.628000+00:00,j2,0.0,0.0,-0.5252092255722672,3.701754460424925,-3.701754460424925,Normal
b0f4ef1f-861d-4ce4-9500-bb53eff77c24,39866,2022-10-18 10:49:26.628000+00:00,j3,0.0,0.0,-0.5302079500176364,2.6870662993928582,-2.6870662993928582,Normal
b0f4ef1f-861d-4ce4-9500-bb53eff77c24,39866,2022-10-18 10:49:26.628000+00:00,j4,0.0,0.0,-0.39382245731214677,0.6358905752171601,-0.6358905752171601,Normal
b0f4ef1f-861d-4ce4-9500-bb53eff77c24,39866,2022-10-18 10:49:26.628000+00:00,j5,0.0,0.0,-0.4544992706235773,0.9578967894648619,-0.9578967894648619,Normal
b0f4ef1f-861d-4ce4-9500-bb53eff77c24,39866,2022-10-18 10:49:26.628000+00:00,j6,0.0,0.0,-0.3301764300792632,0.6185373261060205,-0.6185373261060205,Normal
b0f4ef1f-861d-4ce4-9500-bb53eff77c24,39866,2022-10-18 10:49:26.628000+00:00,j7,0.0,0.0,-0.40158392869670473,0.8924487031493853,-0.8924487031493853,Normal
b0f4ef1f-861d-4ce4-9500-bb53eff77c24,39866,2022-10-18 10:49:26.628000+00:00,j8,0.0,0.0,-0.24160184644668103,0.10563820590699509,-0.10563820590699509,Normal
b0f4ef1f-861d-4ce4-9500-bb53eff77c24,39867,2022-10-18 10:49:28.628000+00:00,j1,0.0,0.0,-0.3356669120189621,0.7210029393814613,-0.7210029393814613,Normal
b0f4ef1f-861d-4ce4-9500-bb53eff77c24,39867,2022-10-18 10:49:28.628000+00:00,j2,0.0,0.0,-0.5252092255722672,3.70175884883176,-3.70175884883176,Normal
b0f4ef1f-861d-4ce4-9500-bb53eff77c24,39867,2022-10-18 10:49:28.628000+00:00,j3,0.0,0.0,-0.5302079500176364,2.687065143955666,-2.687065143955666,Normal
b0f4ef1f-861d-4ce4-9500-bb53eff77c24,39867,2022-10-18 10:49:28.628000+00:00,j4,0.0,0.0,-0.39382245731214677,0.635891353224053,-0.635891353224053,Normal
b0f4ef1f-861d-4ce4-9500-bb53eff77c24,39867,2022-10-18 10:49:28.628000+00:00,j5,0.0,0.0,-0.4544992706235773,0.9578969570884196,-0.9578969570884196,Normal
b0f4ef1f-861d-4ce4-9500-bb53eff77c24,39867,2022-10-18 10:49:28.628000+00:00,j6,0.0,0.0,-0.3301764300792632,0.6185382749971149,-0.6185382749971149,Normal
b0f4ef1f-861d-4ce4-9500-bb53eff77c24,39867,2022-10-18 10:49:28.628000+00:00,j7,0.0,0.0,-0.40158392869670473,0.8924498105866162,-0.8924498105866162,Normal
b0f4ef1f-861d-4ce4-9500-bb53eff77c24,39867,2022-10-18 10:49:28.628000+00:00,j8,0.0,0.0,-0.24160184644668103,0.10563837590677,-0.10563837590677,Normal
b0f4ef1f-861d-4ce4-9500-bb53eff77c24,39868,2022-10-18 10:49:30.628000+00:00,j1,0.0,0.0,-0.3356669120189621,0.7210027040357478,-0.7210027040357478,Normal
b0f4ef1f-861d-4ce4-9500-bb53eff77c24,39868,2022-10-18 10:49:30.628000+00:00,j2,0.0,0.0,-0.5252092255722672,3.7017632372385947,-3.7017632372385947,Normal
b0f4ef1f-861d-4ce4-9500-bb53eff77c24,39868,2022-10-18 10:49:30.628000+00:00,j3,0.0,0.0,-0.5302079500176364,2.687063988518474,-2.687063988518474,Normal
b0f4ef1f-861d-4ce4-9500-bb53eff77c24,39868,2022-10-18 10:49:30.628000+00:00,j4,0.0,0.0,-0.39382245731214677,0.6358921312309459,-0.6358921312309459,Normal
b0f4ef1f-861d-4ce4-9500-bb53eff77c24,39868,2022-10-18 10:49:30.628000+00:00,j5,0.0,0.0,-0.4544992706235773,0.9578971247119773,-0.9578971247119773,Normal
b0f4ef1f-861d-4ce4-9500-bb53eff77c24,39868,2022-10-18 10:49:30.628000+00:00,j6,0.0,0.0,-0.3301764300792632,0.6185392238882093,-0.6185392238882093,Normal
b0f4ef1f-861d-4ce4-9500-bb53eff77c24,39868,2022-10-18 10:49:30.628000+00:00,j7,0.0,0.0,-0.40158392869670473,0.892450918023847,-0.892450918023847,Normal
b0f4ef1f-861d-4ce4-9500-bb53eff77c24,39868,2022-10-18 10:49:30.628000+00:00,j8,0.0,0.0,-0.24160184644668103,0.10563854590654492,-0.10563854590654492,Normal
b0f4ef1f-861d-4ce4-9500-bb53eff77c24,39869,2022-10-18 10:49:32.628000+00:00,j1,0.0,0.0,-0.3356669120189621,0.7210024686900345,-0.7210024686900345,Normal
b0f4ef1f-861d-4ce4-9500-bb53eff77c24,39869,2022-10-18 10:49:32.628000+00:00,j2,0.0,0.0,-0.5252092255722672,3.70176762564543,-3.70176762564543,Normal
b0f4ef1f-861d-4ce4-9500-bb53eff77c24,39869,2022-10-18 10:49:32.628000+00:00,j3,0.0,0.0,-0.5302079500176364,2.687062833081282,-2.687062833081282,Normal
b0f4ef1f-861d-4ce4-9500-bb53eff77c24,39869,2022-10-18 10:49:32.628000+00:00,j4,0.0,0.0,-0.39382245731214677,0.6358929092378389,-0.6358929092378389,Normal
b0f4ef1f-861d-4ce4-9500-bb53eff77c24,39869,2022-10-18 10:49:32.628000+00:00,j5,0.0,0.0,-0.4544992706235773,0.957897292335535,-0.957897292335535,Normal
b0f4ef1f-861d-4ce4-9500-bb53eff77c24,39869,2022-10-18 10:49:32.628000+00:00,j6,0.0,0.0,-0.3301764300792632,0.6185401727793036,-0.6185401727793036,Normal
b0f4ef1f-861d-4ce4-9500-bb53eff77c24,39869,2022-10-18 10:49:32.628000+00:00,j7,0.0,0.0,-0.40158392869670473,0.8924520254610778,-0.8924520254610778,Normal
b0f4ef1f-861d-4ce4-9500-bb53eff77c24,39869,2022-10-18 10:49:32.628000+00:00,j8,0.0,0.0,-0.24160184644668103,0.10563871590631985,-0.10563871590631985,Normal
b0f4ef1f-861d-4ce4-9500-bb53eff77c24,39870,2022-10-18 10:49:34.628000+00:00,j1,0.0,0.0,-0.3356669120189621,0.7210022333443211,-0.7210022333443211,Normal
b0f4ef1f-861d-4ce4-9500-bb53eff77c24,39870,2022-10-18 10:49:34.628000+00:00,j2,0.0,0.0,-0.5252092255722672,3.7017720140522647,-3.7017720140522647,Normal
b0f4ef1f-861d-4ce4-9500-bb53eff77c24,39870,2022-10-18 10:49:34.628000+00:00,j3,0.0,0.0,-0.5302079500176364,2.6870616776440897,-2.6870616776440897,Normal
b0f4ef1f-861d-4ce4-9500-bb53eff77c24,39870,2022-10-18 10:49:34.628000+00:00,j4,0.0,0.0,-0.39382245731214677,0.6358936872447318,-0.6358936872447318,Normal
b0f4ef1f-861d-4ce4-9500-bb53eff77c24,39870,2022-10-18 10:49:34.628000+00:00,j5,0.0,0.0,-0.4544992706235773,0.9578974599590927,-0.9578974599590927,Normal
b0f4ef1f-861d-4ce4-9500-bb53eff77c24,39870,2022-10-18 10:49:34.628000+00:00,j6,0.0,0.0,-0.3301764300792632,0.618541121670398,-0.618541121670398,Normal
b0f4ef1f-861d-4ce4-9500-bb53eff77c24,39870,2022-10-18 10:49:34.628000+00:00,j7,0.0,0.0,-0.40158392869670473,0.8924531328983087,-0.8924531328983087,Normal
b0f4ef1f-861d-4ce4-9500-bb53eff77c24,39870,2022-10-18 10:49:34.628000+00:00,j8,0.0,0.0,-0.24160184644668103,0.10563888590609476,-0.10563888590609476,Normal
b0f4ef1f-861d-4ce4-9500-bb53eff77c24,39871,2022-10-18 10:49:36.628000+00:00,j1,0.0,0.0,-0.3356669120189621,0.7210019979986078,-0.7210019979986078,Normal
b0f4ef1f-861d-4ce4-9500-bb53eff77c24,39871,2022-10-18 10:49:36.628000+00:00,j2,0.0,0.0,-0.5252092255722672,3.7017764024590996,-3.7017764024590996,Normal
b0f4ef1f-861d-4ce4-9500-bb53eff77c24,39871,2022-10-18 10:49:36.628000+00:00,j3,0.0,0.0,-0.5302079500176364,2.6870605222068975,-2.6870605222068975,Normal
b0f4ef1f-861d-4ce4-9500-bb53eff77c24,39871,2022-10-18 10:49:36.628000+00:00,j4,0.0,0.0,-0.39382245731214677,0.6358944652516247,-0.6358944652516247,Normal
b0f4ef1f-861d-4ce4-9500-bb53eff77c24,39871,2022-10-18 10:49:36.628000+00:00,j5,0.0,0.0,-0.4544992706235773,0.9578976275826505,-0.9578976275826505,Normal
b0f4ef1f-861d-4ce4-9500-bb53eff77c24,39871,2022-10-18 10:49:36.628000+00:00,j6,0.0,0.0,-0.3301764300792632,0.6185420705614925,-0.6185420705614925,Normal
b0f4ef1f-861d-4ce4-9500-bb53eff77c24,39871,2022-10-18 10:49:36.628000+00:00,j7,0.0,0.0,-0.40158392869670473,0.8924542403355396,-0.8924542403355396,Normal
b0f4ef1f-861d-4ce4-9500-bb53eff77c24,39871,2022-10-18 10:49:36.628000+00:00,j8,0.0,0.0,-0.24160184644668103,0.10563905590586968,-0.10563905590586968,Normal
b0f4ef1f-861d-4ce4-9500-bb53eff77c24,39872,2022-10-18 10:49:38.628000+00:00,j1,0.0,0.0,-0.3356669120189621,0.7210017626528944,-0.7210017626528944,Normal
b0f4ef1f-861d-4ce4-9500-bb53eff77c24,39872,2022-10-18 10:49:38.628000+00:00,j2,0.0,0.0,-0.5252092255722672,3.7017807908659344,-3.7017807908659344,Normal
b0f4ef1f-861d-4ce4-9500-bb53eff77c24,39872,2022-10-18 10:49:38.628000+00:00,j3,0.0,0.0,-0.5302079500176364,2.687059366769706,-2.687059366769706,Normal
b0f4ef1f-861d-4ce4-9500-bb53eff77c24,39872,2022-10-18 10:49:38.628000+00:00,j4,0.0,0.0,-0.39382245731214677,0.6358952432585178,-0.6358952432585178,Normal
b0f4ef1f-861d-4ce4-9500-bb53eff77c24,39872,2022-10-18 10:49:38.628000+00:00,j5,0.0,0.0,-0.4544992706235773,0.9578977952062082,-0.9578977952062082,Normal
b0f4ef1f-861d-4ce4-9500-bb53eff77c24,39872,2022-10-18 10:49:38.628000+00:00,j6,0.0,0.0,-0.3301764300792632,0.6185430194525868,-0.6185430194525868,Normal
b0f4ef1f-861d-4ce4-9500-bb53eff77c24,39872,2022-10-18 10:49:38.628000+00:00,j7,0.0,0.0,-0.40158392869670473,0.8924553477727704,-0.8924553477727704,Normal
b0f4ef1f-861d-4ce4-9500-bb53eff77c24,39872,2022-10-18 10:49:38.628000+00:00,j8,0.0,0.0,-0.24160184644668103,0.1056392259056446,-0.1056392259056446,Normal
b0f4ef1f-861d-4ce4-9500-bb53eff77c24,39873,2022-10-18 10:49:40.628000+00:00,j1,0.0,0.0,-0.3356669120189621,0.7210015273071809,-0.7210015273071809,Normal
b0f4ef1f-861d-4ce4-9500-bb53eff77c24,39873,2022-10-18 10:49:40.628000+00:00,j2,0.0,0.0,-0.5252092255722672,3.701785179272769,-3.701785179272769,Normal
b0f4ef1f-861d-4ce4-9500-bb53eff77c24,39873,2022-10-18 10:49:40.628000+00:00,j3,0.0,0.0,-0.5302079500176364,2.6870582113325137,-2.6870582113325137,Normal
b0f4ef1f-861d-4ce4-9500-bb53eff77c24,39873,2022-10-18 10:49:40.628000+00:00,j4,0.0,0.0,-0.39382245731214677,0.6358960212654107,-0.6358960212654107,Normal
b0f4ef1f-861d-4ce4-9500-bb53eff77c24,39873,2022-10-18 10:49:40.628000+00:00,j5,0.0,0.0,-0.4544992706235773,0.9578979628297659,-0.9578979628297659,Normal
b0f4ef1f-861d-4ce4-9500-bb53eff77c24,39873,2022-10-18 10:49:40.628000+00:00,j6,0.0,0.0,-0.3301764300792632,0.6185439683436812,-0.6185439683436812,Normal
b0f4ef1f-861d-4ce4-9500-bb53eff77c24,39873,2022-10-18 10:49:40.628000+00:00,j7,0.0,0.0,-0.40158392869670473,0.8924564552100012,-0.8924564552100012,Normal
b0f4ef1f-861d-4ce4-9500-bb53eff77c24,39873,2022-10-18 10:49:40.628000+00:00,j8,0.0,0.0,-0.24160184644668103,0.10563939590541951,-0.10563939590541951,Normal
b0f4ef1f-861d-4ce4-9500-bb53eff77c24,39874,2022-10-18 10:49:42.628000+00:00,j1,0.0,0.0,-0.3356669120189621,0.7210012919614676,-0.7210012919614676,Normal
b0f4ef1f-861d-4ce4-9500-bb53eff77c24,39874,2022-10-18 10:49:42.628000+00:00,j2,0.0,0.0,-0.5252092255722672,3.701789567679604,-3.701789567679604,Normal
b0f4ef1f-861d-4ce4-9500-bb53eff77c24,39874,2022-10-18 10:49:42.628000+00:00,j3,0.0,0.0,-0.5302079500176364,2.6870570558953215,-2.6870570558953215,Normal
b0f4ef1f-861d-4ce4-9500-bb53eff77c24,39874,2022-10-18 10:49:42.628000+00:00,j4,0.0,0.0,-0.39382245731214677,0.6358967992723036,-0.6358967992723036,Normal
b0f4ef1f-861d-4ce4-9500-bb53eff77c24,39874,2022-10-18 10:49:42.628000+00:00,j5,0.0,0.0,-0.4544992706235773,0.9578981304533236,-0.9578981304533236,Normal
b0f4ef1f-861d-4ce4-9500-bb53eff77c24,39874,2022-10-18 10:49:42.628000+00:00,j6,0.0,0.0,-0.3301764300792632,0.6185449172347756,-0.6185449172347756,Normal
b0f4ef1f-861d-4ce4-9500-bb53eff77c24,39874,2022-10-18 10:49:42.628000+00:00,j7,0.0,0.0,-0.40158392869670473,0.8924575626472321,-0.8924575626472321,Normal
b0f4ef1f-861d-4ce4-9500-bb53eff77c24,39874,2022-10-18 10:49:42.628000+00:00,j8,0.0,0.0,-0.24160184644668103,0.10563956590519444,-0.10563956590519444,Normal
b0f4ef1f-861d-4ce4-9500-bb53eff77c24,39875,2022-10-18 10:49:44.628000+00:00,j1,0.0,0.0,-0.3356669120189621,0.7210010566157542,-0.7210010566157542,Normal
b0f4ef1f-861d-4ce4-9500-bb53eff77c24,39875,2022-10-18 10:49:44.628000+00:00,j2,0.0,0.0,-0.5252092255722672,3.701793956086439,-3.701793956086439,Normal
b0f4ef1f-861d-4ce4-9500-bb53eff77c24,39875,2022-10-18 10:49:44.628000+00:00,j3,0.0,0.0,-0.5302079500176364,2.6870559004581294,-2.6870559004581294,Normal
b0f4ef1f-861d-4ce4-9500-bb53eff77c24,39875,2022-10-18 10:49:44.628000+00:00,j4,0.0,0.0,-0.39382245731214677,0.6358975772791966,-0.6358975772791966,Normal
b0f4ef1f-861d-4ce4-9500-bb53eff77c24,39875,2022-10-18 10:49:44.628000+00:00,j5,0.0,0.0,-0.4544992706235773,0.9578982980768813,-0.9578982980768813,Normal
b0f4ef1f-861d-4ce4-9500-bb53eff77c24,39875,2022-10-18 10:49:44.628000+00:00,j6,0.0,0.0,-0.3301764300792632,0.6185458661258699,-0.6185458661258699,Normal
b0f4ef1f-861d-4ce4-9500-bb53eff77c24,39875,2022-10-18 10:49:44.628000+00:00,j7,0.0,0.0,-0.40158392869670473,0.8924586700844629,-0.8924586700844629,Normal
b0f4ef1f-861d-4ce4-9500-bb53eff77c24,39875,2022-10-18 10:49:44.628000+00:00,j8,0.0,0.0,-0.24160184644668103,0.10563973590496936,-0.10563973590496936,Normal
b0f4ef1f-861d-4ce4-9500-bb53eff77c24,39876,2022-10-18 10:49:46.628000+00:00,j1,0.0,0.0,-0.3356669120189621,0.7210008212700408,-0.7210008212700408,Normal
b0f4ef1f-861d-4ce4-9500-bb53eff77c24,39876,2022-10-18 10:49:46.628000+00:00,j2,0.0,0.0,-0.5252092255722672,3.7017983444932736,-3.7017983444932736,Normal
b0f4ef1f-861d-4ce4-9500-bb53eff77c24,39876,2022-10-18 10:49:46.628000+00:00,j3,0.0,0.0,-0.5302079500176364,2.687054745020937,-2.687054745020937,Normal
b0f4ef1f-861d-4ce4-9500-bb53eff77c24,39876,2022-10-18 10:49:46.628000+00:00,j4,0.0,0.0,-0.39382245731214677,0.6358983552860895,-0.6358983552860895,Normal
b0f4ef1f-861d-4ce4-9500-bb53eff77c24,39876,2022-10-18 10:49:46.628000+00:00,j5,0.0,0.0,-0.4544992706235773,0.957898465700439,-0.957898465700439,Normal
b0f4ef1f-861d-4ce4-9500-bb53eff77c24,39876,2022-10-18 10:49:46.628000+00:00,j6,0.0,0.0,-0.3301764300792632,0.6185468150169643,-0.6185468150169643,Normal
b0f4ef1f-861d-4ce4-9500-bb53eff77c24,39876,2022-10-18 10:49:46.628000+00:00,j7,0.0,0.0,-0.40158392869670473,0.8924597775216937,-0.8924597775216937,Normal
b0f4ef1f-861d-4ce4-9500-bb53eff77c24,39876,2022-10-18 10:49:46.628000+00:00,j8,0.0,0.0,-0.24160184644668103,0.10563990590474429,-0.10563990590474429,Normal
b0f4ef1f-861d-4ce4-9500-bb53eff77c24,39877,2022-10-18 10:49:48.628000+00:00,j1,0.0,0.0,-0.3356669120189621,0.7210005859243274,-0.7210005859243274,Normal
b0f4ef1f-861d-4ce4-9500-bb53eff77c24,39877,2022-10-18 10:49:48.628000+00:00,j2,0.0,0.0,-0.5252092255722672,3.7018027329001084,-3.7018027329001084,Normal
b0f4ef1f-861d-4ce4-9500-bb53eff77c24,39877,2022-10-18 10:49:48.628000+00:00,j3,0.0,0.0,-0.5302079500176364,2.687053589583745,-2.687053589583745,Normal
b0f4ef1f-861d-4ce4-9500-bb53eff77c24,39877,2022-10-18 10:49:48.628000+00:00,j4,0.0,0.0,-0.39382245731214677,0.6358991332929824,-0.6358991332929824,Normal
b0f4ef1f-861d-4ce4-9500-bb53eff77c24,39877,2022-10-18 10:49:48.628000+00:00,j5,0.0,0.0,-0.4544992706235773,0.9578986333239968,-0.9578986333239968,Normal
b0f4ef1f-861d-4ce4-9500-bb53eff77c24,39877,2022-10-18 10:49:48.628000+00:00,j6,0.0,0.0,-0.3301764300792632,0.6185477639080587,-0.6185477639080587,Normal
b0f4ef1f-861d-4ce4-9500-bb53eff77c24,39877,2022-10-18 10:49:48.628000+00:00,j7,0.0,0.0,-0.40158392869670473,0.8924608849589246,-0.8924608849589246,Normal
b0f4ef1f-861d-4ce4-9500-bb53eff77c24,39877,2022-10-18 10:49:48.628000+00:00,j8,0.0,0.0,-0.24160184644668103,0.1056400759045192,-0.1056400759045192,Normal
b0f4ef1f-861d-4ce4-9500-bb53eff77c24,39878,2022-10-18 10:49:50.628000+00:00,j1,0.0,0.0,-0.3356669120189621,0.721000350578614,-0.721000350578614,Normal
b0f4ef1f-861d-4ce4-9500-bb53eff77c24,39878,2022-10-18 10:49:50.628000+00:00,j2,0.0,0.0,-0.5252092255722672,3.7018071213069437,-3.7018071213069437,Normal
b0f4ef1f-861d-4ce4-9500-bb53eff77c24,39878,2022-10-18 10:49:50.628000+00:00,j3,0.0,0.0,-0.5302079500176364,2.6870524341465534,-2.6870524341465534,Normal
b0f4ef1f-861d-4ce4-9500-bb53eff77c24,39878,2022-10-18 10:49:50.628000+00:00,j4,0.0,0.0,-0.39382245731214677,0.6358999112998754,-0.6358999112998754,Normal
b0f4ef1f-861d-4ce4-9500-bb53eff77c24,39878,2022-10-18 10:49:50.628000+00:00,j5,0.0,0.0,-0.4544992706235773,0.9578988009475545,-0.9578988009475545,Normal
b0f4ef1f-861d-4ce4-9500-bb53eff77c24,39878,2022-10-18 10:49:50.628000+00:00,j6,0.0,0.0,-0.3301764300792632,0.6185487127991531,-0.6185487127991531,Normal
b0f4ef1f-861d-4ce4-9500-bb53eff77c24,39878,2022-10-18 10:49:50.628000+00:00,j7,0.0,0.0,-0.40158392869670473,0.8924619923961554,-0.8924619923961554,Normal
b0f4ef1f-861d-4ce4-9500-bb53eff77c24,39878,2022-10-18 10:49:50.628000+00:00,j8,0.0,0.0,-0.24160184644668103,0.10564024590429412,-0.10564024590429412,Normal
b0f4ef1f-861d-4ce4-9500-bb53eff77c24,39879,2022-10-18 10:49:52.628000+00:00,j1,0.0,0.0,-0.3356669120189621,0.7210001152329006,-0.7210001152329006,Normal
b0f4ef1f-861d-4ce4-9500-bb53eff77c24,39879,2022-10-18 10:49:52.628000+00:00,j2,0.0,0.0,-0.5252092255722672,3.7018115097137785,-3.7018115097137785,Normal
b0f4ef1f-861d-4ce4-9500-bb53eff77c24,39879,2022-10-18 10:49:52.628000+00:00,j3,0.0,0.0,-0.5302079500176364,2.6870512787093612,-2.6870512787093612,Normal
b0f4ef1f-861d-4ce4-9500-bb53eff77c24,39879,2022-10-18 10:49:52.628000+00:00,j4,0.0,0.0,-0.39382245731214677,0.6359006893067684,-0.6359006893067684,Normal
b0f4ef1f-861d-4ce4-9500-bb53eff77c24,39879,2022-10-18 10:49:52.628000+00:00,j5,0.0,0.0,-0.4544992706235773,0.9578989685711122,-0.9578989685711122,Normal
b0f4ef1f-861d-4ce4-9500-bb53eff77c24,39879,2022-10-18 10:49:52.628000+00:00,j6,0.0,0.0,-0.3301764300792632,0.6185496616902475,-0.6185496616902475,Normal
b0f4ef1f-861d-4ce4-9500-bb53eff77c24,39879,2022-10-18 10:49:52.628000+00:00,j7,0.0,0.0,-0.40158392869670473,0.8924630998333862,-0.8924630998333862,Normal
b0f4ef1f-861d-4ce4-9500-bb53eff77c24,39879,2022-10-18 10:49:52.628000+00:00,j8,0.0,0.0,-0.24160184644668103,0.10564041590406903,-0.10564041590406903,Normal
b0f4ef1f-861d-4ce4-9500-bb53eff77c24,39880,2022-10-18 10:49:54.628000+00:00,j1,0.0,0.0,-0.3356669120189621,0.7209998798871873,-0.7209998798871873,Normal
b0f4ef1f-861d-4ce4-9500-bb53eff77c24,39880,2022-10-18 10:49:54.628000+00:00,j2,0.0,0.0,-0.5252092255722672,3.7018158981206133,-3.7018158981206133,Normal
b0f4ef1f-861d-4ce4-9500-bb53eff77c24,39880,2022-10-18 10:49:54.628000+00:00,j3,0.0,0.0,-0.5302079500176364,2.687050123272169,-2.687050123272169,Normal
b0f4ef1f-861d-4ce4-9500-bb53eff77c24,39880,2022-10-18 10:49:54.628000+00:00,j4,0.0,0.0,-0.39382245731214677,0.6359014673136613,-0.6359014673136613,Normal
b0f4ef1f-861d-4ce4-9500-bb53eff77c24,39880,2022-10-18 10:49:54.628000+00:00,j5,0.0,0.0,-0.4544992706235773,0.9578991361946699,-0.9578991361946699,Normal
b0f4ef1f-861d-4ce4-9500-bb53eff77c24,39880,2022-10-18 10:49:54.628000+00:00,j6,0.0,0.0,-0.3301764300792632,0.6185506105813419,-0.6185506105813419,Normal
b0f4ef1f-861d-4ce4-9500-bb53eff77c24,39880,2022-10-18 10:49:54.628000+00:00,j7,0.0,0.0,-0.40158392869670473,0.892464207270617,-0.892464207270617,Normal
b0f4ef1f-861d-4ce4-9500-bb53eff77c24,39880,2022-10-18 10:49:54.628000+00:00,j8,0.0,0.0,-0.24160184644668103,0.10564058590384395,-0.10564058590384395,Normal
b0f4ef1f-861d-4ce4-9500-bb53eff77c24,39881,2022-10-18 10:49:56.628000+00:00,j1,0.0,0.0,-0.3356669120189621,0.7209996445414739,-0.7209996445414739,Normal
b0f4ef1f-861d-4ce4-9500-bb53eff77c24,39881,2022-10-18 10:49:56.628000+00:00,j2,0.0,0.0,-0.5252092255722672,3.701820286527448,-3.701820286527448,Normal
b0f4ef1f-861d-4ce4-9500-bb53eff77c24,39881,2022-10-18 10:49:56.628000+00:00,j3,0.0,0.0,-0.5302079500176364,2.687048967834977,-2.687048967834977,Normal
b0f4ef1f-861d-4ce4-9500-bb53eff77c24,39881,2022-10-18 10:49:56.628000+00:00,j4,0.0,0.0,-0.39382245731214677,0.6359022453205543,-0.6359022453205543,Normal
b0f4ef1f-861d-4ce4-9500-bb53eff77c24,39881,2022-10-18 10:49:56.628000+00:00,j5,0.0,0.0,-0.4544992706235773,0.9578993038182276,-0.9578993038182276,Normal
b0f4ef1f-861d-4ce4-9500-bb53eff77c24,39881,2022-10-18 10:49:56.628000+00:00,j6,0.0,0.0,-0.3301764300792632,0.6185515594724362,-0.6185515594724362,Normal
b0f4ef1f-861d-4ce4-9500-bb53eff77c24,39881,2022-10-18 10:49:56.628000+00:00,j7,0.0,0.0,-0.40158392869670473,0.892465314707848,-0.892465314707848,Normal
b0f4ef1f-861d-4ce4-9500-bb53eff77c24,39881,2022-10-18 10:49:56.628000+00:00,j8,0.0,0.0,-0.24160184644668103,0.10564075590361888,-0.10564075590361888,Normal
b0f4ef1f-861d-4ce4-9500-bb53eff77c24,39882,2022-10-18 10:49:58.628000+00:00,j1,0.0,0.0,-0.3356669120189621,0.7209994091957604,-0.7209994091957604,Normal
b0f4ef1f-861d-4ce4-9500-bb53eff77c24,39882,2022-10-18 10:49:58.628000+00:00,j2,0.0,0.0,-0.5252092255722672,3.701824674934283,-3.701824674934283,Normal
b0f4ef1f-861d-4ce4-9500-bb53eff77c24,39882,2022-10-18 10:49:58.628000+00:00,j3,0.0,0.0,-0.5302079500176364,2.687047812397785,-2.687047812397785,Normal
b0f4ef1f-861d-4ce4-9500-bb53eff77c24,39882,2022-10-18 10:49:58.628000+00:00,j4,0.0,0.0,-0.39382245731214677,0.6359030233274472,-0.6359030233274472,Normal
b0f4ef1f-861d-4ce4-9500-bb53eff77c24,39882,2022-10-18 10:49:58.628000+00:00,j5,0.0,0.0,-0.4544992706235773,0.9578994714417853,-0.9578994714417853,Normal
b0f4ef1f-861d-4ce4-9500-bb53eff77c24,39882,2022-10-18 10:49:58.628000+00:00,j6,0.0,0.0,-0.3301764300792632,0.6185525083635306,-0.6185525083635306,Normal
b0f4ef1f-861d-4ce4-9500-bb53eff77c24,39882,2022-10-18 10:49:58.628000+00:00,j7,0.0,0.0,-0.40158392869670473,0.8924664221450788,-0.8924664221450788,Normal
b0f4ef1f-861d-4ce4-9500-bb53eff77c24,39882,2022-10-18 10:49:58.628000+00:00,j8,0.0,0.0,-0.24160184644668103,0.1056409259033938,-0.1056409259033938,Normal
b0f4ef1f-861d-4ce4-9500-bb53eff77c24,39883,2022-10-18 10:50:00.628000+00:00,j1,0.0,0.0,-0.3356669120189621,0.7209991738500471,-0.7209991738500471,Normal
b0f4ef1f-861d-4ce4-9500-bb53eff77c24,39883,2022-10-18 10:50:00.628000+00:00,j2,0.0,0.0,-0.5252092255722672,3.7018290633411177,-3.7018290633411177,Normal
b0f4ef1f-861d-4ce4-9500-bb53eff77c24,39883,2022-10-18 10:50:00.628000+00:00,j3,0.0,0.0,-0.5302079500176364,2.6870466569605926,-2.6870466569605926,Normal
b0f4ef1f-861d-4ce4-9500-bb53eff77c24,39883,2022-10-18 10:50:00.628000+00:00,j4,0.0,0.0,-0.39382245731214677,0.6359038013343401,-0.6359038013343401,Normal
b0f4ef1f-861d-4ce4-9500-bb53eff77c24,39883,2022-10-18 10:50:00.628000+00:00,j5,0.0,0.0,-0.4544992706235773,0.9578996390653431,-0.9578996390653431,Normal
b0f4ef1f-861d-4ce4-9500-bb53eff77c24,39883,2022-10-18 10:50:00.628000+00:00,j6,0.0,0.0,-0.3301764300792632,0.618553457254625,-0.618553457254625,Normal
b0f4ef1f-861d-4ce4-9500-bb53eff77c24,39883,2022-10-18 10:50:00.628000+00:00,j7,0.0,0.0,-0.40158392869670473,0.8924675295823096,-0.8924675295823096,Normal
b0f4ef1f-861d-4ce4-9500-bb53eff77c24,39883,2022-10-18 10:50:00.628000+00:00,j8,0.0,0.0,-0.24160184644668103,0.10564109590316871,-0.10564109590316871,Normal
b0f4ef1f-861d-4ce4-9500-bb53eff77c24,39884,2022-10-18 10:50:02.628000+00:00,j1,0.0,0.0,-0.3356669120189621,0.7209989385043337,-0.7209989385043337,Normal
b0f4ef1f-861d-4ce4-9500-bb53eff77c24,39884,2022-10-18 10:50:02.628000+00:00,j2,0.0,0.0,-0.5252092255722672,3.7018334517479525,-3.7018334517479525,Normal
b0f4ef1f-861d-4ce4-9500-bb53eff77c24,39884,2022-10-18 10:50:02.628000+00:00,j3,0.0,0.0,-0.5302079500176364,2.6870455015234005,-2.6870455015234005,Normal
b0f4ef1f-861d-4ce4-9500-bb53eff77c24,39884,2022-10-18 10:50:02.628000+00:00,j4,0.0,0.0,-0.39382245731214677,0.635904579341233,-0.635904579341233,Normal
b0f4ef1f-861d-4ce4-9500-bb53eff77c24,39884,2022-10-18 10:50:02.628000+00:00,j5,0.0,0.0,-0.4544992706235773,0.9578998066889008,-0.9578998066889008,Normal
b0f4ef1f-861d-4ce4-9500-bb53eff77c24,39884,2022-10-18 10:50:02.628000+00:00,j6,0.0,0.0,-0.3301764300792632,0.6185544061457193,-0.6185544061457193,Normal
b0f4ef1f-861d-4ce4-9500-bb53eff77c24,39884,2022-10-18 10:50:02.628000+00:00,j7,0.0,0.0,-0.40158392869670473,0.8924686370195405,-0.8924686370195405,Normal
b0f4ef1f-861d-4ce4-9500-bb53eff77c24,39884,2022-10-18 10:50:02.628000+00:00,j8,0.0,0.0,-0.24160184644668103,0.10564126590294363,-0.10564126590294363,Normal
b0f4ef1f-861d-4ce4-9500-bb53eff77c24,39885,2022-10-18 10:50:04.628000+00:00,j1,0.0,0.0,-0.3356669120189621,0.7209987031586204,-0.7209987031586204,Normal
b0f4ef1f-861d-4ce4-9500-bb53eff77c24,39885,2022-10-18 10:50:04.628000+00:00,j2,0.0,0.0,-0.5252092255722672,3.7018378401547873,-3.7018378401547873,Normal
b0f4ef1f-861d-4ce4-9500-bb53eff77c24,39885,2022-10-18 10:50:04.628000+00:00,j3,0.0,0.0,-0.5302079500176364,2.687044346086209,-2.687044346086209,Normal
b0f4ef1f-861d-4ce4-9500-bb53eff77c24,39885,2022-10-18 10:50:04.628000+00:00,j4,0.0,0.0,-0.39382245731214677,0.635905357348126,-0.635905357348126,Normal
b0f4ef1f-861d-4ce4-9500-bb53eff77c24,39885,2022-10-18 10:50:04.628000+00:00,j5,0.0,0.0,-0.4544992706235773,0.9578999743124585,-0.9578999743124585,Normal
b0f4ef1f-861d-4ce4-9500-bb53eff77c24,39885,2022-10-18 10:50:04.628000+00:00,j6,0.0,0.0,-0.3301764300792632,0.6185553550368137,-0.6185553550368137,Normal
b0f4ef1f-861d-4ce4-9500-bb53eff77c24,39885,2022-10-18 10:50:04.628000+00:00,j7,0.0,0.0,-0.40158392869670473,0.8924697444567713,-0.8924697444567713,Normal
b0f4ef1f-861d-4ce4-9500-bb53eff77c24,39885,2022-10-18 10:50:04.628000+00:00,j8,0.0,0.0,-0.24160184644668103,0.10564143590271854,-0.10564143590271854,Normal
b0f4ef1f-861d-4ce4-9500-bb53eff77c24,39886,2022-10-18 10:50:06.628000+00:00,j1,0.0,0.0,-0.3356669120189621,0.7209984678129069,-0.7209984678129069,Normal
b0f4ef1f-861d-4ce4-9500-bb53eff77c24,39886,2022-10-18 10:50:06.628000+00:00,j2,0.0,0.0,-0.5252092255722672,3.701842228561622,-3.701842228561622,Normal
b0f4ef1f-861d-4ce4-9500-bb53eff77c24,39886,2022-10-18 10:50:06.628000+00:00,j3,0.0,0.0,-0.5302079500176364,2.6870431906490166,-2.6870431906490166,Normal
b0f4ef1f-861d-4ce4-9500-bb53eff77c24,39886,2022-10-18 10:50:06.628000+00:00,j4,0.0,0.0,-0.39382245731214677,0.6359061353550189,-0.6359061353550189,Normal
b0f4ef1f-861d-4ce4-9500-bb53eff77c24,39886,2022-10-18 10:50:06.628000+00:00,j5,0.0,0.0,-0.4544992706235773,0.9579001419360162,-0.9579001419360162,Normal
b0f4ef1f-861d-4ce4-9500-bb53eff77c24,39886,2022-10-18 10:50:06.628000+00:00,j6,0.0,0.0,-0.3301764300792632,0.6185563039279082,-0.6185563039279082,Normal
b0f4ef1f-861d-4ce4-9500-bb53eff77c24,39886,2022-10-18 10:50:06.628000+00:00,j7,0.0,0.0,-0.40158392869670473,0.8924708518940021,-0.8924708518940021,Normal
b0f4ef1f-861d-4ce4-9500-bb53eff77c24,39886,2022-10-18 10:50:06.628000+00:00,j8,0.0,0.0,-0.24160184644668103,0.10564160590249347,-0.10564160590249347,Normal
b0f4ef1f-861d-4ce4-9500-bb53eff77c24,39887,2022-10-18 10:50:08.628000+00:00,j1,0.0,0.0,-0.3356669120189621,0.7209982324671935,-0.7209982324671935,Normal
b0f4ef1f-861d-4ce4-9500-bb53eff77c24,39887,2022-10-18 10:50:08.628000+00:00,j2,0.0,0.0,-0.5252092255722672,3.7018466169684574,-3.7018466169684574,Normal
b0f4ef1f-861d-4ce4-9500-bb53eff77c24,39887,2022-10-18 10:50:08.628000+00:00,j3,0.0,0.0,-0.5302079500176364,2.6870420352118245,-2.6870420352118245,Normal
b0f4ef1f-861d-4ce4-9500-bb53eff77c24,39887,2022-10-18 10:50:08.628000+00:00,j4,0.0,0.0,-0.39382245731214677,0.635906913361912,-0.635906913361912,Normal
b0f4ef1f-861d-4ce4-9500-bb53eff77c24,39887,2022-10-18 10:50:08.628000+00:00,j5,0.0,0.0,-0.4544992706235773,0.957900309559574,-0.957900309559574,Normal
b0f4ef1f-861d-4ce4-9500-bb53eff77c24,39887,2022-10-18 10:50:08.628000+00:00,j6,0.0,0.0,-0.3301764300792632,0.6185572528190025,-0.6185572528190025,Normal
b0f4ef1f-861d-4ce4-9500-bb53eff77c24,39887,2022-10-18 10:50:08.628000+00:00,j7,0.0,0.0,-0.40158392869670473,0.892471959331233,-0.892471959331233,Normal
b0f4ef1f-861d-4ce4-9500-bb53eff77c24,39887,2022-10-18 10:50:08.628000+00:00,j8,0.0,0.0,-0.24160184644668103,0.10564177590226839,-0.10564177590226839,Normal
b0f4ef1f-861d-4ce4-9500-bb53eff77c24,39888,2022-10-18 10:50:10.628000+00:00,j1,0.0,0.0,-0.3356669120189621,0.7209979971214802,-0.7209979971214802,Normal
b0f4ef1f-861d-4ce4-9500-bb53eff77c24,39888,2022-10-18 10:50:10.628000+00:00,j2,0.0,0.0,-0.5252092255722672,3.701851005375292,-3.701851005375292,Normal
b0f4ef1f-861d-4ce4-9500-bb53eff77c24,39888,2022-10-18 10:50:10.628000+00:00,j3,0.0,0.0,-0.5302079500176364,2.6870408797746324,-2.6870408797746324,Normal
b0f4ef1f-861d-4ce4-9500-bb53eff77c24,39888,2022-10-18 10:50:10.628000+00:00,j4,0.0,0.0,-0.39382245731214677,0.6359076913688049,-0.6359076913688049,Normal
b0f4ef1f-861d-4ce4-9500-bb53eff77c24,39888,2022-10-18 10:50:10.628000+00:00,j5,0.0,0.0,-0.4544992706235773,0.9579004771831318,-0.9579004771831318,Normal
b0f4ef1f-861d-4ce4-9500-bb53eff77c24,39888,2022-10-18 10:50:10.628000+00:00,j6,0.0,0.0,-0.3301764300792632,0.6185582017100969,-0.6185582017100969,Normal
b0f4ef1f-861d-4ce4-9500-bb53eff77c24,39888,2022-10-18 10:50:10.628000+00:00,j7,0.0,0.0,-0.40158392869670473,0.8924730667684638,-0.8924730667684638,Normal
b0f4ef1f-861d-4ce4-9500-bb53eff77c24,39888,2022-10-18 10:50:10.628000+00:00,j8,0.0,0.0,-0.24160184644668103,0.10564194590204332,-0.10564194590204332,Normal
b0f4ef1f-861d-4ce4-9500-bb53eff77c24,39889,2022-10-18 10:50:12.628000+00:00,j1,0.0,0.0,-0.3356669120189621,0.7209977617757668,-0.7209977617757668,Normal
b0f4ef1f-861d-4ce4-9500-bb53eff77c24,39889,2022-10-18 10:50:12.628000+00:00,j2,0.0,0.0,-0.5252092255722672,3.701855393782127,-3.701855393782127,Normal
b0f4ef1f-861d-4ce4-9500-bb53eff77c24,39889,2022-10-18 10:50:12.628000+00:00,j3,0.0,0.0,-0.5302079500176364,2.68703972433744,-2.68703972433744,Normal
b0f4ef1f-861d-4ce4-9500-bb53eff77c24,39889,2022-10-18 10:50:12.628000+00:00,j4,0.0,0.0,-0.39382245731214677,0.6359084693756978,-0.6359084693756978,Normal
b0f4ef1f-861d-4ce4-9500-bb53eff77c24,39889,2022-10-18 10:50:12.628000+00:00,j5,0.0,0.0,-0.4544992706235773,0.9579006448066895,-0.9579006448066895,Normal
b0f4ef1f-861d-4ce4-9500-bb53eff77c24,39889,2022-10-18 10:50:12.628000+00:00,j6,0.0,0.0,-0.3301764300792632,0.6185591506011913,-0.6185591506011913,Normal
b0f4ef1f-861d-4ce4-9500-bb53eff77c24,39889,2022-10-18 10:50:12.628000+00:00,j7,0.0,0.0,-0.40158392869670473,0.8924741742056946,-0.8924741742056946,Normal
b0f4ef1f-861d-4ce4-9500-bb53eff77c24,39889,2022-10-18 10:50:12.628000+00:00,j8,0.0,0.0,-0.24160184644668103,0.10564211590181823,-0.10564211590181823,Normal
b0f4ef1f-861d-4ce4-9500-bb53eff77c24,39890,2022-10-18 10:50:14.628000+00:00,j1,0.0,0.0,-0.3356669120189621,0.7209975264300534,-0.7209975264300534,Normal
b0f4ef1f-861d-4ce4-9500-bb53eff77c24,39890,2022-10-18 10:50:14.628000+00:00,j2,0.0,0.0,-0.5252092255722672,3.701859782188962,-3.701859782188962,Normal
b0f4ef1f-861d-4ce4-9500-bb53eff77c24,39890,2022-10-18 10:50:14.628000+00:00,j3,0.0,0.0,-0.5302079500176364,2.687038568900248,-2.687038568900248,Normal
b0f4ef1f-861d-4ce4-9500-bb53eff77c24,39890,2022-10-18 10:50:14.628000+00:00,j4,0.0,0.0,-0.39382245731214677,0.6359092473825907,-0.6359092473825907,Normal
b0f4ef1f-861d-4ce4-9500-bb53eff77c24,39890,2022-10-18 10:50:14.628000+00:00,j5,0.0,0.0,-0.4544992706235773,0.9579008124302472,-0.9579008124302472,Normal
b0f4ef1f-861d-4ce4-9500-bb53eff77c24,39890,2022-10-18 10:50:14.628000+00:00,j6,0.0,0.0,-0.3301764300792632,0.6185600994922856,-0.6185600994922856,Normal
b0f4ef1f-861d-4ce4-9500-bb53eff77c24,39890,2022-10-18 10:50:14.628000+00:00,j7,0.0,0.0,-0.40158392869670473,0.8924752816429256,-0.8924752816429256,Normal
b0f4ef1f-861d-4ce4-9500-bb53eff77c24,39890,2022-10-18 10:50:14.628000+00:00,j8,0.0,0.0,-0.24160184644668103,0.10564228590159315,-0.10564228590159315,Normal
b0f4ef1f-861d-4ce4-9500-bb53eff77c24,39891,2022-10-18 10:50:16.628000+00:00,j1,0.0,0.0,-0.3356669120189621,0.72099729108434,-0.72099729108434,Normal
b0f4ef1f-861d-4ce4-9500-bb53eff77c24,39891,2022-10-18 10:50:16.628000+00:00,j2,0.0,0.0,-0.5252092255722672,3.7018641705957966,-3.7018641705957966,Normal
b0f4ef1f-861d-4ce4-9500-bb53eff77c24,39891,2022-10-18 10:50:16.628000+00:00,j3,0.0,0.0,-0.5302079500176364,2.6870374134630564,-2.6870374134630564,Normal
b0f4ef1f-861d-4ce4-9500-bb53eff77c24,39891,2022-10-18 10:50:16.628000+00:00,j4,0.0,0.0,-0.39382245731214677,0.6359100253894837,-0.6359100253894837,Normal
b0f4ef1f-861d-4ce4-9500-bb53eff77c24,39891,2022-10-18 10:50:16.628000+00:00,j5,0.0,0.0,-0.4544992706235773,0.9579009800538049,-0.9579009800538049,Normal
b0f4ef1f-861d-4ce4-9500-bb53eff77c24,39891,2022-10-18 10:50:16.628000+00:00,j6,0.0,0.0,-0.3301764300792632,0.61856104838338,-0.61856104838338,Normal
b0f4ef1f-861d-4ce4-9500-bb53eff77c24,39891,2022-10-18 10:50:16.628000+00:00,j7,0.0,0.0,-0.40158392869670473,0.8924763890801564,-0.8924763890801564,Normal
b0f4ef1f-861d-4ce4-9500-bb53eff77c24,39891,2022-10-18 10:50:16.628000+00:00,j8,0.0,0.0,-0.24160184644668103,0.10564245590136807,-0.10564245590136807,Normal
b0f4ef1f-861d-4ce4-9500-bb53eff77c24,39892,2022-10-18 10:50:18.628000+00:00,j1,0.0,0.0,-0.3356669120189621,0.7209970557386266,-0.7209970557386266,Normal
b0f4ef1f-861d-4ce4-9500-bb53eff77c24,39892,2022-10-18 10:50:18.628000+00:00,j2,0.0,0.0,-0.5252092255722672,3.7018685590026315,-3.7018685590026315,Normal
b0f4ef1f-861d-4ce4-9500-bb53eff77c24,39892,2022-10-18 10:50:18.628000+00:00,j3,0.0,0.0,-0.5302079500176364,2.687036258025864,-2.687036258025864,Normal
b0f4ef1f-861d-4ce4-9500-bb53eff77c24,39892,2022-10-18 10:50:18.628000+00:00,j4,0.0,0.0,-0.39382245731214677,0.6359108033963766,-0.6359108033963766,Normal
b0f4ef1f-861d-4ce4-9500-bb53eff77c24,39892,2022-10-18 10:50:18.628000+00:00,j5,0.0,0.0,-0.4544992706235773,0.9579011476773626,-0.9579011476773626,Normal
b0f4ef1f-861d-4ce4-9500-bb53eff77c24,39892,2022-10-18 10:50:18.628000+00:00,j6,0.0,0.0,-0.3301764300792632,0.6185619972744745,-0.6185619972744745,Normal
b0f4ef1f-861d-4ce4-9500-bb53eff77c24,39892,2022-10-18 10:50:18.628000+00:00,j7,0.0,0.0,-0.40158392869670473,0.8924774965173872,-0.8924774965173872,Normal
b0f4ef1f-861d-4ce4-9500-bb53eff77c24,39892,2022-10-18 10:50:18.628000+00:00,j8,0.0,0.0,-0.24160184644668103,0.10564262590114298,-0.10564262590114298,Normal
b0f4ef1f-861d-4ce4-9500-bb53eff77c24,39893,2022-10-18 10:50:20.628000+00:00,j1,0.0,0.0,-0.3356669120189621,0.7209968203929132,-0.7209968203929132,Normal
b0f4ef1f-861d-4ce4-9500-bb53eff77c24,39893,2022-10-18 10:50:20.628000+00:00,j2,0.0,0.0,-0.5252092255722672,3.7018729474094663,-3.7018729474094663,Normal
b0f4ef1f-861d-4ce4-9500-bb53eff77c24,39893,2022-10-18 10:50:20.628000+00:00,j3,0.0,0.0,-0.5302079500176364,2.687035102588672,-2.687035102588672,Normal
b0f4ef1f-861d-4ce4-9500-bb53eff77c24,39893,2022-10-18 10:50:20.628000+00:00,j4,0.0,0.0,-0.39382245731214677,0.6359115814032695,-0.6359115814032695,Normal
b0f4ef1f-861d-4ce4-9500-bb53eff77c24,39893,2022-10-18 10:50:20.628000+00:00,j5,0.0,0.0,-0.4544992706235773,0.9579013153009203,-0.9579013153009203,Normal
b0f4ef1f-861d-4ce4-9500-bb53eff77c24,39893,2022-10-18 10:50:20.628000+00:00,j6,0.0,0.0,-0.3301764300792632,0.6185629461655688,-0.6185629461655688,Normal
b0f4ef1f-861d-4ce4-9500-bb53eff77c24,39893,2022-10-18 10:50:20.628000+00:00,j7,0.0,0.0,-0.40158392869670473,0.892478603954618,-0.892478603954618,Normal
b0f4ef1f-861d-4ce4-9500-bb53eff77c24,39893,2022-10-18 10:50:20.628000+00:00,j8,0.0,0.0,-0.24160184644668103,0.10564279590091791,-0.10564279590091791,Normal
b0f4ef1f-861d-4ce4-9500-bb53eff77c24,39894,2022-10-18 10:50:22.628000+00:00,j1,0.0,0.0,-0.3356669120189621,0.7209965850471999,-0.7209965850471999,Normal
b0f4ef1f-861d-4ce4-9500-bb53eff77c24,39894,2022-10-18 10:50:22.628000+00:00,j2,0.0,0.0,-0.5252092255722672,3.701877335816301,-3.701877335816301,Normal
b0f4ef1f-861d-4ce4-9500-bb53eff77c24,39894,2022-10-18 10:50:22.628000+00:00,j3,0.0,0.0,-0.5302079500176364,2.68703394715148,-2.68703394715148,Normal
b0f4ef1f-861d-4ce4-9500-bb53eff77c24,39894,2022-10-18 10:50:22.628000+00:00,j4,0.0,0.0,-0.39382245731214677,0.6359123594101626,-0.6359123594101626,Normal
b0f4ef1f-861d-4ce4-9500-bb53eff77c24,39894,2022-10-18 10:50:22.628000+00:00,j5,0.0,0.0,-0.4544992706235773,0.9579014829244781,-0.9579014829244781,Normal
b0f4ef1f-861d-4ce4-9500-bb53eff77c24,39894,2022-10-18 10:50:22.628000+00:00,j6,0.0,0.0,-0.3301764300792632,0.6185638950566632,-0.6185638950566632,Normal
b0f4ef1f-861d-4ce4-9500-bb53eff77c24,39894,2022-10-18 10:50:22.628000+00:00,j7,0.0,0.0,-0.40158392869670473,0.8924797113918489,-0.8924797113918489,Normal
b0f4ef1f-861d-4ce4-9500-bb53eff77c24,39894,2022-10-18 10:50:22.628000+00:00,j8,0.0,0.0,-0.24160184644668103,0.10564296590069283,-0.10564296590069283,Normal
b0f4ef1f-861d-4ce4-9500-bb53eff77c24,39895,2022-10-18 10:50:24.628000+00:00,j1,0.0,0.0,-0.3356669120189621,0.7209963497014865,-0.7209963497014865,Normal
b0f4ef1f-861d-4ce4-9500-bb53eff77c24,39895,2022-10-18 10:50:24.628000+00:00,j2,0.0,0.0,-0.5252092255722672,3.701881724223136,-3.701881724223136,Normal
b0f4ef1f-861d-4ce4-9500-bb53eff77c24,39895,2022-10-18 10:50:24.628000+00:00,j3,0.0,0.0,-0.5302079500176364,2.6870327917142878,-2.6870327917142878,Normal
b0f4ef1f-861d-4ce4-9500-bb53eff77c24,39895,2022-10-18 10:50:24.628000+00:00,j4,0.0,0.0,-0.39382245731214677,0.6359131374170555,-0.6359131374170555,Normal
b0f4ef1f-861d-4ce4-9500-bb53eff77c24,39895,2022-10-18 10:50:24.628000+00:00,j5,0.0,0.0,-0.4544992706235773,0.9579016505480358,-0.9579016505480358,Normal
b0f4ef1f-861d-4ce4-9500-bb53eff77c24,39895,2022-10-18 10:50:24.628000+00:00,j6,0.0,0.0,-0.3301764300792632,0.6185648439477576,-0.6185648439477576,Normal
b0f4ef1f-861d-4ce4-9500-bb53eff77c24,39895,2022-10-18 10:50:24.628000+00:00,j7,0.0,0.0,-0.40158392869670473,0.8924808188290797,-0.8924808188290797,Normal
b0f4ef1f-861d-4ce4-9500-bb53eff77c24,39895,2022-10-18 10:50:24.628000+00:00,j8,0.0,0.0,-0.24160184644668103,0.10564313590046774,-0.10564313590046774,Normal
b0f4ef1f-861d-4ce4-9500-bb53eff77c24,39896,2022-10-18 10:50:26.628000+00:00,j1,0.0,0.0,-0.3356669120189621,0.720996114355773,-0.720996114355773,Normal
b0f4ef1f-861d-4ce4-9500-bb53eff77c24,39896,2022-10-18 10:50:26.628000+00:00,j2,0.0,0.0,-0.5252092255722672,3.7018861126299707,-3.7018861126299707,Normal
b0f4ef1f-861d-4ce4-9500-bb53eff77c24,39896,2022-10-18 10:50:26.628000+00:00,j3,0.0,0.0,-0.5302079500176364,2.6870316362770956,-2.6870316362770956,Normal
b0f4ef1f-861d-4ce4-9500-bb53eff77c24,39896,2022-10-18 10:50:26.628000+00:00,j4,0.0,0.0,-0.39382245731214677,0.6359139154239484,-0.6359139154239484,Normal
b0f4ef1f-861d-4ce4-9500-bb53eff77c24,39896,2022-10-18 10:50:26.628000+00:00,j5,0.0,0.0,-0.4544992706235773,0.9579018181715935,-0.9579018181715935,Normal
b0f4ef1f-861d-4ce4-9500-bb53eff77c24,39896,2022-10-18 10:50:26.628000+00:00,j6,0.0,0.0,-0.3301764300792632,0.6185657928388519,-0.6185657928388519,Normal
b0f4ef1f-861d-4ce4-9500-bb53eff77c24,39896,2022-10-18 10:50:26.628000+00:00,j7,0.0,0.0,-0.40158392869670473,0.8924819262663105,-0.8924819262663105,Normal
b0f4ef1f-861d-4ce4-9500-bb53eff77c24,39896,2022-10-18 10:50:26.628000+00:00,j8,0.0,0.0,-0.24160184644668103,0.10564330590024266,-0.10564330590024266,Normal
b0f4ef1f-861d-4ce4-9500-bb53eff77c24,39897,2022-10-18 10:50:28.628000+00:00,j1,0.0,0.0,-0.3356669120189621,0.7209958790100597,-0.7209958790100597,Normal
b0f4ef1f-861d-4ce4-9500-bb53eff77c24,39897,2022-10-18 10:50:28.628000+00:00,j2,0.0,0.0,-0.5252092255722672,3.701890501036806,-3.701890501036806,Normal
b0f4ef1f-861d-4ce4-9500-bb53eff77c24,39897,2022-10-18 10:50:28.628000+00:00,j3,0.0,0.0,-0.5302079500176364,2.687030480839904,-2.687030480839904,Normal
b0f4ef1f-861d-4ce4-9500-bb53eff77c24,39897,2022-10-18 10:50:28.628000+00:00,j4,0.0,0.0,-0.39382245731214677,0.6359146934308414,-0.6359146934308414,Normal
b0f4ef1f-861d-4ce4-9500-bb53eff77c24,39897,2022-10-18 10:50:28.628000+00:00,j5,0.0,0.0,-0.4544992706235773,0.9579019857951512,-0.9579019857951512,Normal
b0f4ef1f-861d-4ce4-9500-bb53eff77c24,39897,2022-10-18 10:50:28.628000+00:00,j6,0.0,0.0,-0.3301764300792632,0.6185667417299463,-0.6185667417299463,Normal
b0f4ef1f-861d-4ce4-9500-bb53eff77c24,39897,2022-10-18 10:50:28.628000+00:00,j7,0.0,0.0,-0.40158392869670473,0.8924830337035414,-0.8924830337035414,Normal
b0f4ef1f-861d-4ce4-9500-bb53eff77c24,39897,2022-10-18 10:50:28.628000+00:00,j8,0.0,0.0,-0.24160184644668103,0.10564347590001759,-0.10564347590001759,Normal
b0f4ef1f-861d-4ce4-9500-bb53eff77c24,39898,2022-10-18 10:50:30.628000+00:00,j1,0.0,0.0,-0.3356669120189621,0.7209956436643463,-0.7209956436643463,Normal
b0f4ef1f-861d-4ce4-9500-bb53eff77c24,39898,2022-10-18 10:50:30.628000+00:00,j2,0.0,0.0,-0.5252092255722672,3.7018948894436408,-3.7018948894436408,Normal
b0f4ef1f-861d-4ce4-9500-bb53eff77c24,39898,2022-10-18 10:50:30.628000+00:00,j3,0.0,0.0,-0.5302079500176364,2.6870293254027118,-2.6870293254027118,Normal
b0f4ef1f-861d-4ce4-9500-bb53eff77c24,39898,2022-10-18 10:50:30.628000+00:00,j4,0.0,0.0,-0.39382245731214677,0.6359154714377343,-0.6359154714377343,Normal
b0f4ef1f-861d-4ce4-9500-bb53eff77c24,39898,2022-10-18 10:50:30.628000+00:00,j5,0.0,0.0,-0.4544992706235773,0.9579021534187089,-0.9579021534187089,Normal
b0f4ef1f-861d-4ce4-9500-bb53eff77c24,39898,2022-10-18 10:50:30.628000+00:00,j6,0.0,0.0,-0.3301764300792632,0.6185676906210407,-0.6185676906210407,Normal
b0f4ef1f-861d-4ce4-9500-bb53eff77c24,39898,2022-10-18 10:50:30.628000+00:00,j7,0.0,0.0,-0.40158392869670473,0.8924841411407722,-0.8924841411407722,Normal
b0f4ef1f-861d-4ce4-9500-bb53eff77c24,39898,2022-10-18 10:50:30.628000+00:00,j8,0.0,0.0,-0.24160184644668103,0.1056436458997925,-0.1056436458997925,Normal
b0f4ef1f-861d-4ce4-9500-bb53eff77c24,39899,2022-10-18 10:50:32.628000+00:00,j1,0.0,0.0,-0.3356669120189621,0.720995408318633,-0.720995408318633,Normal
b0f4ef1f-861d-4ce4-9500-bb53eff77c24,39899,2022-10-18 10:50:32.628000+00:00,j2,0.0,0.0,-0.5252092255722672,3.7018992778504756,-3.7018992778504756,Normal
b0f4ef1f-861d-4ce4-9500-bb53eff77c24,39899,2022-10-18 10:50:32.628000+00:00,j3,0.0,0.0,-0.5302079500176364,2.6870281699655196,-2.6870281699655196,Normal
b0f4ef1f-861d-4ce4-9500-bb53eff77c24,39899,2022-10-18 10:50:32.628000+00:00,j4,0.0,0.0,-0.39382245731214677,0.6359162494446272,-0.6359162494446272,Normal
b0f4ef1f-861d-4ce4-9500-bb53eff77c24,39899,2022-10-18 10:50:32.628000+00:00,j5,0.0,0.0,-0.4544992706235773,0.9579023210422667,-0.9579023210422667,Normal
b0f4ef1f-861d-4ce4-9500-bb53eff77c24,39899,2022-10-18 10:50:32.628000+00:00,j6,0.0,0.0,-0.3301764300792632,0.618568639512135,-0.618568639512135,Normal
b0f4ef1f-861d-4ce4-9500-bb53eff77c24,39899,2022-10-18 10:50:32.628000+00:00,j7,0.0,0.0,-0.40158392869670473,0.892485248578003,-0.892485248578003,Normal
b0f4ef1f-861d-4ce4-9500-bb53eff77c24,39899,2022-10-18 10:50:32.628000+00:00,j8,0.0,0.0,-0.24160184644668103,0.10564381589956742,-0.10564381589956742,Normal
b0f4ef1f-861d-4ce4-9500-bb53eff77c24,39900,2022-10-18 10:50:34.628000+00:00,j1,0.0,0.0,-0.3356669120189621,0.7209951729729196,-0.7209951729729196,Normal
b0f4ef1f-861d-4ce4-9500-bb53eff77c24,39900,2022-10-18 10:50:34.628000+00:00,j2,0.0,0.0,-0.5252092255722672,3.7019036662573104,-3.7019036662573104,Normal
b0f4ef1f-861d-4ce4-9500-bb53eff77c24,39900,2022-10-18 10:50:34.628000+00:00,j3,0.0,0.0,-0.5302079500176364,2.6870270145283275,-2.6870270145283275,Normal
b0f4ef1f-861d-4ce4-9500-bb53eff77c24,39900,2022-10-18 10:50:34.628000+00:00,j4,0.0,0.0,-0.39382245731214677,0.6359170274515202,-0.6359170274515202,Normal
b0f4ef1f-861d-4ce4-9500-bb53eff77c24,39900,2022-10-18 10:50:34.628000+00:00,j5,0.0,0.0,-0.4544992706235773,0.9579024886658244,-0.9579024886658244,Normal
b0f4ef1f-861d-4ce4-9500-bb53eff77c24,39900,2022-10-18 10:50:34.628000+00:00,j6,0.0,0.0,-0.3301764300792632,0.6185695884032295,-0.6185695884032295,Normal
b0f4ef1f-861d-4ce4-9500-bb53eff77c24,39900,2022-10-18 10:50:34.628000+00:00,j7,0.0,0.0,-0.40158392869670473,0.8924863560152339,-0.8924863560152339,Normal
b0f4ef1f-861d-4ce4-9500-bb53eff77c24,39900,2022-10-18 10:50:34.628000+00:00,j8,0.0,0.0,-0.24160184644668103,0.10564398589934235,-0.10564398589934235,Normal
b0f4ef1f-861d-4ce4-9500-bb53eff77c24,39901,2022-10-18 10:50:36.628000+00:00,j1,0.0,0.0,-0.3356669120189621,0.7209949376272061,-0.7209949376272061,Normal
b0f4ef1f-861d-4ce4-9500-bb53eff77c24,39901,2022-10-18 10:50:36.628000+00:00,j2,0.0,0.0,-0.5252092255722672,3.701908054664145,-3.701908054664145,Normal
b0f4ef1f-861d-4ce4-9500-bb53eff77c24,39901,2022-10-18 10:50:36.628000+00:00,j3,0.0,0.0,-0.5302079500176364,2.6870258590911353,-2.6870258590911353,Normal
b0f4ef1f-861d-4ce4-9500-bb53eff77c24,39901,2022-10-18 10:50:36.628000+00:00,j4,0.0,0.0,-0.39382245731214677,0.6359178054584131,-0.6359178054584131,Normal
b0f4ef1f-861d-4ce4-9500-bb53eff77c24,39901,2022-10-18 10:50:36.628000+00:00,j5,0.0,0.0,-0.4544992706235773,0.9579026562893821,-0.9579026562893821,Normal
b0f4ef1f-861d-4ce4-9500-bb53eff77c24,39901,2022-10-18 10:50:36.628000+00:00,j6,0.0,0.0,-0.3301764300792632,0.6185705372943239,-0.6185705372943239,Normal
b0f4ef1f-861d-4ce4-9500-bb53eff77c24,39901,2022-10-18 10:50:36.628000+00:00,j7,0.0,0.0,-0.40158392869670473,0.8924874634524648,-0.8924874634524648,Normal
b0f4ef1f-861d-4ce4-9500-bb53eff77c24,39901,2022-10-18 10:50:36.628000+00:00,j8,0.0,0.0,-0.24160184644668103,0.10564415589911726,-0.10564415589911726,Normal
b0f4ef1f-861d-4ce4-9500-bb53eff77c24,39902,2022-10-18 10:50:38.628000+00:00,j1,0.0,0.0,-0.3356669120189621,0.7209947022814928,-0.7209947022814928,Normal
b0f4ef1f-861d-4ce4-9500-bb53eff77c24,39902,2022-10-18 10:50:38.628000+00:00,j2,0.0,0.0,-0.5252092255722672,3.70191244307098,-3.70191244307098,Normal
b0f4ef1f-861d-4ce4-9500-bb53eff77c24,39902,2022-10-18 10:50:38.628000+00:00,j3,0.0,0.0,-0.5302079500176364,2.687024703653943,-2.687024703653943,Normal
b0f4ef1f-861d-4ce4-9500-bb53eff77c24,39902,2022-10-18 10:50:38.628000+00:00,j4,0.0,0.0,-0.39382245731214677,0.635918583465306,-0.635918583465306,Normal
b0f4ef1f-861d-4ce4-9500-bb53eff77c24,39902,2022-10-18 10:50:38.628000+00:00,j5,0.0,0.0,-0.4544992706235773,0.9579028239129398,-0.9579028239129398,Normal
b0f4ef1f-861d-4ce4-9500-bb53eff77c24,39902,2022-10-18 10:50:38.628000+00:00,j6,0.0,0.0,-0.3301764300792632,0.6185714861854182,-0.6185714861854182,Normal
b0f4ef1f-861d-4ce4-9500-bb53eff77c24,39902,2022-10-18 10:50:38.628000+00:00,j7,0.0,0.0,-0.40158392869670473,0.8924885708896956,-0.8924885708896956,Normal
b0f4ef1f-861d-4ce4-9500-bb53eff77c24,39902,2022-10-18 10:50:38.628000+00:00,j8,0.0,0.0,-0.24160184644668103,0.10564432589889218,-0.10564432589889218,Normal
b0f4ef1f-861d-4ce4-9500-bb53eff77c24,39903,2022-10-18 10:50:40.628000+00:00,j1,0.0,0.0,-0.3356669120189621,0.7209944669357794,-0.7209944669357794,Normal
b0f4ef1f-861d-4ce4-9500-bb53eff77c24,39903,2022-10-18 10:50:40.628000+00:00,j2,0.0,0.0,-0.5252092255722672,3.701916831477815,-3.701916831477815,Normal
b0f4ef1f-861d-4ce4-9500-bb53eff77c24,39903,2022-10-18 10:50:40.628000+00:00,j3,0.0,0.0,-0.5302079500176364,2.687023548216751,-2.687023548216751,Normal
b0f4ef1f-861d-4ce4-9500-bb53eff77c24,39903,2022-10-18 10:50:40.628000+00:00,j4,0.0,0.0,-0.39382245731214677,0.6359193614721991,-0.6359193614721991,Normal
b0f4ef1f-861d-4ce4-9500-bb53eff77c24,39903,2022-10-18 10:50:40.628000+00:00,j5,0.0,0.0,-0.4544992706235773,0.9579029915364975,-0.9579029915364975,Normal
b0f4ef1f-861d-4ce4-9500-bb53eff77c24,39903,2022-10-18 10:50:40.628000+00:00,j6,0.0,0.0,-0.3301764300792632,0.6185724350765126,-0.6185724350765126,Normal
b0f4ef1f-861d-4ce4-9500-bb53eff77c24,39903,2022-10-18 10:50:40.628000+00:00,j7,0.0,0.0,-0.40158392869670473,0.8924896783269264,-0.8924896783269264,Normal
b0f4ef1f-861d-4ce4-9500-bb53eff77c24,39903,2022-10-18 10:50:40.628000+00:00,j8,0.0,0.0,-0.24160184644668103,0.1056444958986671,-0.1056444958986671,Normal
b0f4ef1f-861d-4ce4-9500-bb53eff77c24,39904,2022-10-18 10:50:42.628000+00:00,j1,0.0,0.0,-0.3356669120189621,0.720994231590066,-0.720994231590066,Normal
b0f4ef1f-861d-4ce4-9500-bb53eff77c24,39904,2022-10-18 10:50:42.628000+00:00,j2,0.0,0.0,-0.5252092255722672,3.7019212198846496,-3.7019212198846496,Normal
b0f4ef1f-861d-4ce4-9500-bb53eff77c24,39904,2022-10-18 10:50:42.628000+00:00,j3,0.0,0.0,-0.5302079500176364,2.6870223927795593,-2.6870223927795593,Normal
b0f4ef1f-861d-4ce4-9500-bb53eff77c24,39904,2022-10-18 10:50:42.628000+00:00,j4,0.0,0.0,-0.39382245731214677,0.635920139479092,-0.635920139479092,Normal
b0f4ef1f-861d-4ce4-9500-bb53eff77c24,39904,2022-10-18 10:50:42.628000+00:00,j5,0.0,0.0,-0.4544992706235773,0.9579031591600552,-0.9579031591600552,Normal
b0f4ef1f-861d-4ce4-9500-bb53eff77c24,39904,2022-10-18 10:50:42.628000+00:00,j6,0.0,0.0,-0.3301764300792632,0.618573383967607,-0.618573383967607,Normal
b0f4ef1f-861d-4ce4-9500-bb53eff77c24,39904,2022-10-18 10:50:42.628000+00:00,j7,0.0,0.0,-0.40158392869670473,0.8924907857641573,-0.8924907857641573,Normal
b0f4ef1f-861d-4ce4-9500-bb53eff77c24,39904,2022-10-18 10:50:42.628000+00:00,j8,0.0,0.0,-0.24160184644668103,0.10564466589844201,-0.10564466589844201,Normal
b0f4ef1f-861d-4ce4-9500-bb53eff77c24,39905,2022-10-18 10:50:44.628000+00:00,j1,0.0,0.0,-0.3356669120189621,0.7209939962443526,-0.7209939962443526,Normal
b0f4ef1f-861d-4ce4-9500-bb53eff77c24,39905,2022-10-18 10:50:44.628000+00:00,j2,0.0,0.0,-0.5252092255722672,3.7019256082914844,-3.7019256082914844,Normal
b0f4ef1f-861d-4ce4-9500-bb53eff77c24,39905,2022-10-18 10:50:44.628000+00:00,j3,0.0,0.0,-0.5302079500176364,2.687021237342367,-2.687021237342367,Normal
b0f4ef1f-861d-4ce4-9500-bb53eff77c24,39905,2022-10-18 10:50:44.628000+00:00,j4,0.0,0.0,-0.39382245731214677,0.6359209174859849,-0.6359209174859849,Normal
b0f4ef1f-861d-4ce4-9500-bb53eff77c24,39905,2022-10-18 10:50:44.628000+00:00,j5,0.0,0.0,-0.4544992706235773,0.957903326783613,-0.957903326783613,Normal
b0f4ef1f-861d-4ce4-9500-bb53eff77c24,39905,2022-10-18 10:50:44.628000+00:00,j6,0.0,0.0,-0.3301764300792632,0.6185743328587013,-0.6185743328587013,Normal
b0f4ef1f-861d-4ce4-9500-bb53eff77c24,39905,2022-10-18 10:50:44.628000+00:00,j7,0.0,0.0,-0.40158392869670473,0.8924918932013881,-0.8924918932013881,Normal
b0f4ef1f-861d-4ce4-9500-bb53eff77c24,39905,2022-10-18 10:50:44.628000+00:00,j8,0.0,0.0,-0.24160184644668103,0.10564483589821694,-0.10564483589821694,Normal
b0f4ef1f-861d-4ce4-9500-bb53eff77c24,39906,2022-10-18 10:50:46.628000+00:00,j1,0.0,0.0,-0.3356669120189621,0.7209937608986392,-0.7209937608986392,Normal
b0f4ef1f-861d-4ce4-9500-bb53eff77c24,39906,2022-10-18 10:50:46.628000+00:00,j2,0.0,0.0,-0.5252092255722672,3.7019299966983192,-3.7019299966983192,Normal
b0f4ef1f-861d-4ce4-9500-bb53eff77c24,39906,2022-10-18 10:50:46.628000+00:00,j3,0.0,0.0,-0.5302079500176364,2.687020081905175,-2.687020081905175,Normal
b0f4ef1f-861d-4ce4-9500-bb53eff77c24,39906,2022-10-18 10:50:46.628000+00:00,j4,0.0,0.0,-0.39382245731214677,0.6359216954928779,-0.6359216954928779,Normal
b0f4ef1f-861d-4ce4-9500-bb53eff77c24,39906,2022-10-18 10:50:46.628000+00:00,j5,0.0,0.0,-0.4544992706235773,0.9579034944071707,-0.9579034944071707,Normal
b0f4ef1f-861d-4ce4-9500-bb53eff77c24,39906,2022-10-18 10:50:46.628000+00:00,j6,0.0,0.0,-0.3301764300792632,0.6185752817497957,-0.6185752817497957,Normal
b0f4ef1f-861d-4ce4-9500-bb53eff77c24,39906,2022-10-18 10:50:46.628000+00:00,j7,0.0,0.0,-0.40158392869670473,0.8924930006386189,-0.8924930006386189,Normal
b0f4ef1f-861d-4ce4-9500-bb53eff77c24,39906,2022-10-18 10:50:46.628000+00:00,j8,0.0,0.0,-0.24160184644668103,0.10564500589799186,-0.10564500589799186,Normal
b0f4ef1f-861d-4ce4-9500-bb53eff77c24,39907,2022-10-18 10:50:48.628000+00:00,j1,0.0,0.0,-0.3356669120189621,0.7209935255529258,-0.7209935255529258,Normal
b0f4ef1f-861d-4ce4-9500-bb53eff77c24,39907,2022-10-18 10:50:48.628000+00:00,j2,0.0,0.0,-0.5252092255722672,3.7019343851051545,-3.7019343851051545,Normal
b0f4ef1f-861d-4ce4-9500-bb53eff77c24,39907,2022-10-18 10:50:48.628000+00:00,j3,0.0,0.0,-0.5302079500176364,2.687018926467983,-2.687018926467983,Normal
b0f4ef1f-861d-4ce4-9500-bb53eff77c24,39907,2022-10-18 10:50:48.628000+00:00,j4,0.0,0.0,-0.39382245731214677,0.6359224734997708,-0.6359224734997708,Normal
b0f4ef1f-861d-4ce4-9500-bb53eff77c24,39907,2022-10-18 10:50:48.628000+00:00,j5,0.0,0.0,-0.4544992706235773,0.9579036620307284,-0.9579036620307284,Normal
b0f4ef1f-861d-4ce4-9500-bb53eff77c24,39907,2022-10-18 10:50:48.628000+00:00,j6,0.0,0.0,-0.3301764300792632,0.6185762306408902,-0.6185762306408902,Normal
b0f4ef1f-861d-4ce4-9500-bb53eff77c24,39907,2022-10-18 10:50:48.628000+00:00,j7,0.0,0.0,-0.40158392869670473,0.8924941080758498,-0.8924941080758498,Normal
b0f4ef1f-861d-4ce4-9500-bb53eff77c24,39907,2022-10-18 10:50:48.628000+00:00,j8,0.0,0.0,-0.24160184644668103,0.10564517589776677,-0.10564517589776677,Normal
b0f4ef1f-861d-4ce4-9500-bb53eff77c24,39908,2022-10-18 10:50:50.628000+00:00,j1,0.0,0.0,-0.3356669120189621,0.7209932902072125,-0.7209932902072125,Normal
b0f4ef1f-861d-4ce4-9500-bb53eff77c24,39908,2022-10-18 10:50:50.628000+00:00,j2,0.0,0.0,-0.5252092255722672,3.7019387735119893,-3.7019387735119893,Normal
b0f4ef1f-861d-4ce4-9500-bb53eff77c24,39908,2022-10-18 10:50:50.628000+00:00,j3,0.0,0.0,-0.5302079500176364,2.6870177710307908,-2.6870177710307908,Normal
b0f4ef1f-861d-4ce4-9500-bb53eff77c24,39908,2022-10-18 10:50:50.628000+00:00,j4,0.0,0.0,-0.39382245731214677,0.6359232515066637,-0.6359232515066637,Normal
b0f4ef1f-861d-4ce4-9500-bb53eff77c24,39908,2022-10-18 10:50:50.628000+00:00,j5,0.0,0.0,-0.4544992706235773,0.9579038296542861,-0.9579038296542861,Normal
b0f4ef1f-861d-4ce4-9500-bb53eff77c24,39908,2022-10-18 10:50:50.628000+00:00,j6,0.0,0.0,-0.3301764300792632,0.6185771795319845,-0.6185771795319845,Normal
b0f4ef1f-861d-4ce4-9500-bb53eff77c24,39908,2022-10-18 10:50:50.628000+00:00,j7,0.0,0.0,-0.40158392869670473,0.8924952155130806,-0.8924952155130806,Normal
b0f4ef1f-861d-4ce4-9500-bb53eff77c24,39908,2022-10-18 10:50:50.628000+00:00,j8,0.0,0.0,-0.24160184644668103,0.1056453458975417,-0.1056453458975417,Normal
b0f4ef1f-861d-4ce4-9500-bb53eff77c24,39909,2022-10-18 10:50:52.628000+00:00,j1,0.0,0.0,-0.3356669120189621,0.7209930548614991,-0.7209930548614991,Normal
b0f4ef1f-861d-4ce4-9500-bb53eff77c24,39909,2022-10-18 10:50:52.628000+00:00,j2,0.0,0.0,-0.5252092255722672,3.701943161918824,-3.701943161918824,Normal
b0f4ef1f-861d-4ce4-9500-bb53eff77c24,39909,2022-10-18 10:50:52.628000+00:00,j3,0.0,0.0,-0.5302079500176364,2.6870166155935986,-2.6870166155935986,Normal
b0f4ef1f-861d-4ce4-9500-bb53eff77c24,39909,2022-10-18 10:50:52.628000+00:00,j4,0.0,0.0,-0.39382245731214677,0.6359240295135568,-0.6359240295135568,Normal
b0f4ef1f-861d-4ce4-9500-bb53eff77c24,39909,2022-10-18 10:50:52.628000+00:00,j5,0.0,0.0,-0.4544992706235773,0.9579039972778438,-0.9579039972778438,Normal
b0f4ef1f-861d-4ce4-9500-bb53eff77c24,39909,2022-10-18 10:50:52.628000+00:00,j6,0.0,0.0,-0.3301764300792632,0.6185781284230789,-0.6185781284230789,Normal
b0f4ef1f-861d-4ce4-9500-bb53eff77c24,39909,2022-10-18 10:50:52.628000+00:00,j7,0.0,0.0,-0.40158392869670473,0.8924963229503114,-0.8924963229503114,Normal
b0f4ef1f-861d-4ce4-9500-bb53eff77c24,39909,2022-10-18 10:50:52.628000+00:00,j8,0.0,0.0,-0.24160184644668103,0.10564551589731662,-0.10564551589731662,Normal
b0f4ef1f-861d-4ce4-9500-bb53eff77c24,39910,2022-10-18 10:50:54.628000+00:00,j1,0.0,0.0,-0.3356669120189621,0.7209928195157856,-0.7209928195157856,Normal
b0f4ef1f-861d-4ce4-9500-bb53eff77c24,39910,2022-10-18 10:50:54.628000+00:00,j2,0.0,0.0,-0.5252092255722672,3.701947550325659,-3.701947550325659,Normal
b0f4ef1f-861d-4ce4-9500-bb53eff77c24,39910,2022-10-18 10:50:54.628000+00:00,j3,0.0,0.0,-0.5302079500176364,2.687015460156407,-2.687015460156407,Normal
b0f4ef1f-861d-4ce4-9500-bb53eff77c24,39910,2022-10-18 10:50:54.628000+00:00,j4,0.0,0.0,-0.39382245731214677,0.6359248075204497,-0.6359248075204497,Normal
b0f4ef1f-861d-4ce4-9500-bb53eff77c24,39910,2022-10-18 10:50:54.628000+00:00,j5,0.0,0.0,-0.4544992706235773,0.9579041649014016,-0.9579041649014016,Normal
b0f4ef1f-861d-4ce4-9500-bb53eff77c24,39910,2022-10-18 10:50:54.628000+00:00,j6,0.0,0.0,-0.3301764300792632,0.6185790773141733,-0.6185790773141733,Normal
b0f4ef1f-861d-4ce4-9500-bb53eff77c24,39910,2022-10-18 10:50:54.628000+00:00,j7,0.0,0.0,-0.40158392869670473,0.8924974303875424,-0.8924974303875424,Normal
b0f4ef1f-861d-4ce4-9500-bb53eff77c24,39910,2022-10-18 10:50:54.628000+00:00,j8,0.0,0.0,-0.24160184644668103,0.10564568589709153,-0.10564568589709153,Normal
b0f4ef1f-861d-4ce4-9500-bb53eff77c24,39911,2022-10-18 10:50:56.628000+00:00,j1,0.0,0.0,-0.3356669120189621,0.7209925841700723,-0.7209925841700723,Normal
b0f4ef1f-861d-4ce4-9500-bb53eff77c24,39911,2022-10-18 10:50:56.628000+00:00,j2,0.0,0.0,-0.5252092255722672,3.7019519387324937,-3.7019519387324937,Normal
b0f4ef1f-861d-4ce4-9500-bb53eff77c24,39911,2022-10-18 10:50:56.628000+00:00,j3,0.0,0.0,-0.5302079500176364,2.6870143047192148,-2.6870143047192148,Normal
b0f4ef1f-861d-4ce4-9500-bb53eff77c24,39911,2022-10-18 10:50:56.628000+00:00,j4,0.0,0.0,-0.39382245731214677,0.6359255855273426,-0.6359255855273426,Normal
b0f4ef1f-861d-4ce4-9500-bb53eff77c24,39911,2022-10-18 10:50:56.628000+00:00,j5,0.0,0.0,-0.4544992706235773,0.9579043325249593,-0.9579043325249593,Normal
b0f4ef1f-861d-4ce4-9500-bb53eff77c24,39911,2022-10-18 10:50:56.628000+00:00,j6,0.0,0.0,-0.3301764300792632,0.6185800262052676,-0.6185800262052676,Normal
b0f4ef1f-861d-4ce4-9500-bb53eff77c24,39911,2022-10-18 10:50:56.628000+00:00,j7,0.0,0.0,-0.40158392869670473,0.8924985378247732,-0.8924985378247732,Normal
b0f4ef1f-861d-4ce4-9500-bb53eff77c24,39911,2022-10-18 10:50:56.628000+00:00,j8,0.0,0.0,-0.24160184644668103,0.10564585589686645,-0.10564585589686645,Normal
b0f4ef1f-861d-4ce4-9500-bb53eff77c24,39912,2022-10-18 10:50:58.628000+00:00,j1,0.0,0.0,-0.3356669120189621,0.7209923488243589,-0.7209923488243589,Normal
b0f4ef1f-861d-4ce4-9500-bb53eff77c24,39912,2022-10-18 10:50:58.628000+00:00,j2,0.0,0.0,-0.5252092255722672,3.7019563271393285,-3.7019563271393285,Normal
b0f4ef1f-861d-4ce4-9500-bb53eff77c24,39912,2022-10-18 10:50:58.628000+00:00,j3,0.0,0.0,-0.5302079500176364,2.6870131492820226,-2.6870131492820226,Normal
b0f4ef1f-861d-4ce4-9500-bb53eff77c24,39912,2022-10-18 10:50:58.628000+00:00,j4,0.0,0.0,-0.39382245731214677,0.6359263635342356,-0.6359263635342356,Normal
b0f4ef1f-861d-4ce4-9500-bb53eff77c24,39912,2022-10-18 10:50:58.628000+00:00,j5,0.0,0.0,-0.4544992706235773,0.957904500148517,-0.957904500148517,Normal
b0f4ef1f-861d-4ce4-9500-bb53eff77c24,39912,2022-10-18 10:50:58.628000+00:00,j6,0.0,0.0,-0.3301764300792632,0.618580975096362,-0.618580975096362,Normal
b0f4ef1f-861d-4ce4-9500-bb53eff77c24,39912,2022-10-18 10:50:58.628000+00:00,j7,0.0,0.0,-0.40158392869670473,0.892499645262004,-0.892499645262004,Normal
b0f4ef1f-861d-4ce4-9500-bb53eff77c24,39912,2022-10-18 10:50:58.628000+00:00,j8,0.0,0.0,-0.24160184644668103,0.10564602589664138,-0.10564602589664138,Normal
b0f4ef1f-861d-4ce4-9500-bb53eff77c24,39913,2022-10-18 10:51:00.628000+00:00,j1,0.0,0.0,-0.3356669120189621,0.7209921134786456,-0.7209921134786456,Normal
b0f4ef1f-861d-4ce4-9500-bb53eff77c24,39913,2022-10-18 10:51:00.628000+00:00,j2,0.0,0.0,-0.5252092255722672,3.7019607155461633,-3.7019607155461633,Normal
b0f4ef1f-861d-4ce4-9500-bb53eff77c24,39913,2022-10-18 10:51:00.628000+00:00,j3,0.0,0.0,-0.5302079500176364,2.6870119938448305,-2.6870119938448305,Normal
b0f4ef1f-861d-4ce4-9500-bb53eff77c24,39913,2022-10-18 10:51:00.628000+00:00,j4,0.0,0.0,-0.39382245731214677,0.6359271415411285,-0.6359271415411285,Normal
b0f4ef1f-861d-4ce4-9500-bb53eff77c24,39913,2022-10-18 10:51:00.628000+00:00,j5,0.0,0.0,-0.4544992706235773,0.9579046677720747,-0.9579046677720747,Normal
b0f4ef1f-861d-4ce4-9500-bb53eff77c24,39913,2022-10-18 10:51:00.628000+00:00,j6,0.0,0.0,-0.3301764300792632,0.6185819239874564,-0.6185819239874564,Normal
b0f4ef1f-861d-4ce4-9500-bb53eff77c24,39913,2022-10-18 10:51:00.628000+00:00,j7,0.0,0.0,-0.40158392869670473,0.8925007526992348,-0.8925007526992348,Normal
b0f4ef1f-861d-4ce4-9500-bb53eff77c24,39913,2022-10-18 10:51:00.628000+00:00,j8,0.0,0.0,-0.24160184644668103,0.10564619589641629,-0.10564619589641629,Normal
b0f4ef1f-861d-4ce4-9500-bb53eff77c24,39914,2022-10-18 10:51:02.628000+00:00,j1,0.0,0.0,-0.3356669120189621,0.7209918781329321,-0.7209918781329321,Normal
b0f4ef1f-861d-4ce4-9500-bb53eff77c24,39914,2022-10-18 10:51:02.628000+00:00,j2,0.0,0.0,-0.5252092255722672,3.701965103952998,-3.701965103952998,Normal
b0f4ef1f-861d-4ce4-9500-bb53eff77c24,39914,2022-10-18 10:51:02.628000+00:00,j3,0.0,0.0,-0.5302079500176364,2.6870108384076383,-2.6870108384076383,Normal
b0f4ef1f-861d-4ce4-9500-bb53eff77c24,39914,2022-10-18 10:51:02.628000+00:00,j4,0.0,0.0,-0.39382245731214677,0.6359279195480214,-0.6359279195480214,Normal
b0f4ef1f-861d-4ce4-9500-bb53eff77c24,39914,2022-10-18 10:51:02.628000+00:00,j5,0.0,0.0,-0.4544992706235773,0.9579048353956324,-0.9579048353956324,Normal
b0f4ef1f-861d-4ce4-9500-bb53eff77c24,39914,2022-10-18 10:51:02.628000+00:00,j6,0.0,0.0,-0.3301764300792632,0.6185828728785508,-0.6185828728785508,Normal
b0f4ef1f-861d-4ce4-9500-bb53eff77c24,39914,2022-10-18 10:51:02.628000+00:00,j7,0.0,0.0,-0.40158392869670473,0.8925018601364657,-0.8925018601364657,Normal
b0f4ef1f-861d-4ce4-9500-bb53eff77c24,39914,2022-10-18 10:51:02.628000+00:00,j8,0.0,0.0,-0.24160184644668103,0.10564636589619121,-0.10564636589619121,Normal
b0f4ef1f-861d-4ce4-9500-bb53eff77c24,39915,2022-10-18 10:51:04.628000+00:00,j1,0.0,0.0,-0.3356669120189621,0.7209916427872187,-0.7209916427872187,Normal
b0f4ef1f-861d-4ce4-9500-bb53eff77c24,39915,2022-10-18 10:51:04.628000+00:00,j2,0.0,0.0,-0.5252092255722672,3.701969492359833,-3.701969492359833,Normal
b0f4ef1f-861d-4ce4-9500-bb53eff77c24,39915,2022-10-18 10:51:04.628000+00:00,j3,0.0,0.0,-0.5302079500176364,2.687009682970446,-2.687009682970446,Normal
b0f4ef1f-861d-4ce4-9500-bb53eff77c24,39915,2022-10-18 10:51:04.628000+00:00,j4,0.0,0.0,-0.39382245731214677,0.6359286975549143,-0.6359286975549143,Normal
b0f4ef1f-861d-4ce4-9500-bb53eff77c24,39915,2022-10-18 10:51:04.628000+00:00,j5,0.0,0.0,-0.4544992706235773,0.9579050030191901,-0.9579050030191901,Normal
b0f4ef1f-861d-4ce4-9500-bb53eff77c24,39915,2022-10-18 10:51:04.628000+00:00,j6,0.0,0.0,-0.3301764300792632,0.6185838217696452,-0.6185838217696452,Normal
b0f4ef1f-861d-4ce4-9500-bb53eff77c24,39915,2022-10-18 10:51:04.628000+00:00,j7,0.0,0.0,-0.40158392869670473,0.8925029675736965,-0.8925029675736965,Normal
b0f4ef1f-861d-4ce4-9500-bb53eff77c24,39915,2022-10-18 10:51:04.628000+00:00,j8,0.0,0.0,-0.24160184644668103,0.10564653589596613,-0.10564653589596613,Normal
b0f4ef1f-861d-4ce4-9500-bb53eff77c24,39916,2022-10-18 10:51:06.628000+00:00,j1,0.0,0.0,-0.3356669120189621,0.7209914074415054,-0.7209914074415054,Normal
b0f4ef1f-861d-4ce4-9500-bb53eff77c24,39916,2022-10-18 10:51:06.628000+00:00,j2,0.0,0.0,-0.5252092255722672,3.7019738807666682,-3.7019738807666682,Normal
b0f4ef1f-861d-4ce4-9500-bb53eff77c24,39916,2022-10-18 10:51:06.628000+00:00,j3,0.0,0.0,-0.5302079500176364,2.687008527533254,-2.687008527533254,Normal
b0f4ef1f-861d-4ce4-9500-bb53eff77c24,39916,2022-10-18 10:51:06.628000+00:00,j4,0.0,0.0,-0.39382245731214677,0.6359294755618073,-0.6359294755618073,Normal
b0f4ef1f-861d-4ce4-9500-bb53eff77c24,39916,2022-10-18 10:51:06.628000+00:00,j5,0.0,0.0,-0.4544992706235773,0.9579051706427479,-0.9579051706427479,Normal
b0f4ef1f-861d-4ce4-9500-bb53eff77c24,39916,2022-10-18 10:51:06.628000+00:00,j6,0.0,0.0,-0.3301764300792632,0.6185847706607396,-0.6185847706607396,Normal
b0f4ef1f-861d-4ce4-9500-bb53eff77c24,39916,2022-10-18 10:51:06.628000+00:00,j7,0.0,0.0,-0.40158392869670473,0.8925040750109273,-0.8925040750109273,Normal
b0f4ef1f-861d-4ce4-9500-bb53eff77c24,39916,2022-10-18 10:51:06.628000+00:00,j8,0.0,0.0,-0.24160184644668103,0.10564670589574104,-0.10564670589574104,Normal
b0f4ef1f-861d-4ce4-9500-bb53eff77c24,39917,2022-10-18 10:51:08.628000+00:00,j1,0.0,0.0,-0.3356669120189621,0.720991172095792,-0.720991172095792,Normal
b0f4ef1f-861d-4ce4-9500-bb53eff77c24,39917,2022-10-18 10:51:08.628000+00:00,j2,0.0,0.0,-0.5252092255722672,3.701978269173503,-3.701978269173503,Normal
b0f4ef1f-861d-4ce4-9500-bb53eff77c24,39917,2022-10-18 10:51:08.628000+00:00,j3,0.0,0.0,-0.5302079500176364,2.6870073720960623,-2.6870073720960623,Normal
b0f4ef1f-861d-4ce4-9500-bb53eff77c24,39917,2022-10-18 10:51:08.628000+00:00,j4,0.0,0.0,-0.39382245731214677,0.6359302535687003,-0.6359302535687003,Normal
b0f4ef1f-861d-4ce4-9500-bb53eff77c24,39917,2022-10-18 10:51:08.628000+00:00,j5,0.0,0.0,-0.4544992706235773,0.9579053382663056,-0.9579053382663056,Normal
b0f4ef1f-861d-4ce4-9500-bb53eff77c24,39917,2022-10-18 10:51:08.628000+00:00,j6,0.0,0.0,-0.3301764300792632,0.618585719551834,-0.618585719551834,Normal
b0f4ef1f-861d-4ce4-9500-bb53eff77c24,39917,2022-10-18 10:51:08.628000+00:00,j7,0.0,0.0,-0.40158392869670473,0.8925051824481582,-0.8925051824481582,Normal
b0f4ef1f-861d-4ce4-9500-bb53eff77c24,39917,2022-10-18 10:51:08.628000+00:00,j8,0.0,0.0,-0.24160184644668103,0.10564687589551597,-0.10564687589551597,Normal
b0f4ef1f-861d-4ce4-9500-bb53eff77c24,39918,2022-10-18 10:51:10.628000+00:00,j1,0.0,0.0,-0.3356669120189621,0.7209909367500786,-0.7209909367500786,Normal
b0f4ef1f-861d-4ce4-9500-bb53eff77c24,39918,2022-10-18 10:51:10.628000+00:00,j2,0.0,0.0,-0.5252092255722672,3.701982657580338,-3.701982657580338,Normal
b0f4ef1f-861d-4ce4-9500-bb53eff77c24,39918,2022-10-18 10:51:10.628000+00:00,j3,0.0,0.0,-0.5302079500176364,2.68700621665887,-2.68700621665887,Normal
b0f4ef1f-861d-4ce4-9500-bb53eff77c24,39918,2022-10-18 10:51:10.628000+00:00,j4,0.0,0.0,-0.39382245731214677,0.6359310315755933,-0.6359310315755933,Normal
b0f4ef1f-861d-4ce4-9500-bb53eff77c24,39918,2022-10-18 10:51:10.628000+00:00,j5,0.0,0.0,-0.4544992706235773,0.9579055058898633,-0.9579055058898633,Normal
b0f4ef1f-861d-4ce4-9500-bb53eff77c24,39918,2022-10-18 10:51:10.628000+00:00,j6,0.0,0.0,-0.3301764300792632,0.6185866684429283,-0.6185866684429283,Normal
b0f4ef1f-861d-4ce4-9500-bb53eff77c24,39918,2022-10-18 10:51:10.628000+00:00,j7,0.0,0.0,-0.40158392869670473,0.892506289885389,-0.892506289885389,Normal
b0f4ef1f-861d-4ce4-9500-bb53eff77c24,39918,2022-10-18 10:51:10.628000+00:00,j8,0.0,0.0,-0.24160184644668103,0.10564704589529089,-0.10564704589529089,Normal
b0f4ef1f-861d-4ce4-9500-bb53eff77c24,39919,2022-10-18 10:51:12.628000+00:00,j1,0.0,0.0,-0.3356669120189621,0.7209907014043652,-0.7209907014043652,Normal
b0f4ef1f-861d-4ce4-9500-bb53eff77c24,39919,2022-10-18 10:51:12.628000+00:00,j2,0.0,0.0,-0.5252092255722672,3.7019870459871727,-3.7019870459871727,Normal
b0f4ef1f-861d-4ce4-9500-bb53eff77c24,39919,2022-10-18 10:51:12.628000+00:00,j3,0.0,0.0,-0.5302079500176364,2.687005061221678,-2.687005061221678,Normal
b0f4ef1f-861d-4ce4-9500-bb53eff77c24,39919,2022-10-18 10:51:12.628000+00:00,j4,0.0,0.0,-0.39382245731214677,0.6359318095824862,-0.6359318095824862,Normal
b0f4ef1f-861d-4ce4-9500-bb53eff77c24,39919,2022-10-18 10:51:12.628000+00:00,j5,0.0,0.0,-0.4544992706235773,0.957905673513421,-0.957905673513421,Normal
b0f4ef1f-861d-4ce4-9500-bb53eff77c24,39919,2022-10-18 10:51:12.628000+00:00,j6,0.0,0.0,-0.3301764300792632,0.6185876173340227,-0.6185876173340227,Normal
b0f4ef1f-861d-4ce4-9500-bb53eff77c24,39919,2022-10-18 10:51:12.628000+00:00,j7,0.0,0.0,-0.40158392869670473,0.8925073973226199,-0.8925073973226199,Normal
b0f4ef1f-861d-4ce4-9500-bb53eff77c24,39919,2022-10-18 10:51:12.628000+00:00,j8,0.0,0.0,-0.24160184644668103,0.1056472158950658,-0.1056472158950658,Normal
b0f4ef1f-861d-4ce4-9500-bb53eff77c24,39920,2022-10-18 10:51:14.628000+00:00,j1,0.0,0.0,-0.3356669120189621,0.7209904660586518,-0.7209904660586518,Normal
b0f4ef1f-861d-4ce4-9500-bb53eff77c24,39920,2022-10-18 10:51:14.628000+00:00,j2,0.0,0.0,-0.5252092255722672,3.7019914343940075,-3.7019914343940075,Normal
b0f4ef1f-861d-4ce4-9500-bb53eff77c24,39920,2022-10-18 10:51:14.628000+00:00,j3,0.0,0.0,-0.5302079500176364,2.687003905784486,-2.687003905784486,Normal
b0f4ef1f-861d-4ce4-9500-bb53eff77c24,39920,2022-10-18 10:51:14.628000+00:00,j4,0.0,0.0,-0.39382245731214677,0.6359325875893791,-0.6359325875893791,Normal
b0f4ef1f-861d-4ce4-9500-bb53eff77c24,39920,2022-10-18 10:51:14.628000+00:00,j5,0.0,0.0,-0.4544992706235773,0.9579058411369787,-0.9579058411369787,Normal
b0f4ef1f-861d-4ce4-9500-bb53eff77c24,39920,2022-10-18 10:51:14.628000+00:00,j6,0.0,0.0,-0.3301764300792632,0.618588566225117,-0.618588566225117,Normal
b0f4ef1f-861d-4ce4-9500-bb53eff77c24,39920,2022-10-18 10:51:14.628000+00:00,j7,0.0,0.0,-0.40158392869670473,0.8925085047598507,-0.8925085047598507,Normal
b0f4ef1f-861d-4ce4-9500-bb53eff77c24,39920,2022-10-18 10:51:14.628000+00:00,j8,0.0,0.0,-0.24160184644668103,0.10564738589484073,-0.10564738589484073,Normal
b0f4ef1f-861d-4ce4-9500-bb53eff77c24,39921,2022-10-18 10:51:16.628000+00:00,j1,0.0,0.0,-0.3356669120189621,0.7209902307129384,-0.7209902307129384,Normal
b0f4ef1f-861d-4ce4-9500-bb53eff77c24,39921,2022-10-18 10:51:16.628000+00:00,j2,0.0,0.0,-0.5252092255722672,3.7019958228008423,-3.7019958228008423,Normal
b0f4ef1f-861d-4ce4-9500-bb53eff77c24,39921,2022-10-18 10:51:16.628000+00:00,j3,0.0,0.0,-0.5302079500176364,2.6870027503472937,-2.6870027503472937,Normal
b0f4ef1f-861d-4ce4-9500-bb53eff77c24,39921,2022-10-18 10:51:16.628000+00:00,j4,0.0,0.0,-0.39382245731214677,0.635933365596272,-0.635933365596272,Normal
b0f4ef1f-861d-4ce4-9500-bb53eff77c24,39921,2022-10-18 10:51:16.628000+00:00,j5,0.0,0.0,-0.4544992706235773,0.9579060087605366,-0.9579060087605366,Normal
b0f4ef1f-861d-4ce4-9500-bb53eff77c24,39921,2022-10-18 10:51:16.628000+00:00,j6,0.0,0.0,-0.3301764300792632,0.6185895151162115,-0.6185895151162115,Normal
b0f4ef1f-861d-4ce4-9500-bb53eff77c24,39921,2022-10-18 10:51:16.628000+00:00,j7,0.0,0.0,-0.40158392869670473,0.8925096121970816,-0.8925096121970816,Normal
b0f4ef1f-861d-4ce4-9500-bb53eff77c24,39921,2022-10-18 10:51:16.628000+00:00,j8,0.0,0.0,-0.24160184644668103,0.10564755589461565,-0.10564755589461565,Normal
b0f4ef1f-861d-4ce4-9500-bb53eff77c24,39922,2022-10-18 10:51:18.628000+00:00,j1,0.0,0.0,-0.3356669120189621,0.7209899953672251,-0.7209899953672251,Normal
b0f4ef1f-861d-4ce4-9500-bb53eff77c24,39922,2022-10-18 10:51:18.628000+00:00,j2,0.0,0.0,-0.5252092255722672,3.702000211207677,-3.702000211207677,Normal
b0f4ef1f-861d-4ce4-9500-bb53eff77c24,39922,2022-10-18 10:51:18.628000+00:00,j3,0.0,0.0,-0.5302079500176364,2.6870015949101016,-2.6870015949101016,Normal
b0f4ef1f-861d-4ce4-9500-bb53eff77c24,39922,2022-10-18 10:51:18.628000+00:00,j4,0.0,0.0,-0.39382245731214677,0.635934143603165,-0.635934143603165,Normal
b0f4ef1f-861d-4ce4-9500-bb53eff77c24,39922,2022-10-18 10:51:18.628000+00:00,j5,0.0,0.0,-0.4544992706235773,0.9579061763840943,-0.9579061763840943,Normal
b0f4ef1f-861d-4ce4-9500-bb53eff77c24,39922,2022-10-18 10:51:18.628000+00:00,j6,0.0,0.0,-0.3301764300792632,0.6185904640073059,-0.6185904640073059,Normal
b0f4ef1f-861d-4ce4-9500-bb53eff77c24,39922,2022-10-18 10:51:18.628000+00:00,j7,0.0,0.0,-0.40158392869670473,0.8925107196343124,-0.8925107196343124,Normal
b0f4ef1f-861d-4ce4-9500-bb53eff77c24,39922,2022-10-18 10:51:18.628000+00:00,j8,0.0,0.0,-0.24160184644668103,0.10564772589439056,-0.10564772589439056,Normal
b0f4ef1f-861d-4ce4-9500-bb53eff77c24,39923,2022-10-18 10:51:20.628000+00:00,j1,0.0,0.0,-0.3356669120189621,0.7209897600215117,-0.7209897600215117,Normal
b0f4ef1f-861d-4ce4-9500-bb53eff77c24,39923,2022-10-18 10:51:20.628000+00:00,j2,0.0,0.0,-0.5252092255722672,3.702004599614512,-3.702004599614512,Normal
b0f4ef1f-861d-4ce4-9500-bb53eff77c24,39923,2022-10-18 10:51:20.628000+00:00,j3,0.0,0.0,-0.5302079500176364,2.68700043947291,-2.68700043947291,Normal
b0f4ef1f-861d-4ce4-9500-bb53eff77c24,39923,2022-10-18 10:51:20.628000+00:00,j4,0.0,0.0,-0.39382245731214677,0.6359349216100579,-0.6359349216100579,Normal
b0f4ef1f-861d-4ce4-9500-bb53eff77c24,39923,2022-10-18 10:51:20.628000+00:00,j5,0.0,0.0,-0.4544992706235773,0.957906344007652,-0.957906344007652,Normal
b0f4ef1f-861d-4ce4-9500-bb53eff77c24,39923,2022-10-18 10:51:20.628000+00:00,j6,0.0,0.0,-0.3301764300792632,0.6185914128984003,-0.6185914128984003,Normal
b0f4ef1f-861d-4ce4-9500-bb53eff77c24,39923,2022-10-18 10:51:20.628000+00:00,j7,0.0,0.0,-0.40158392869670473,0.8925118270715432,-0.8925118270715432,Normal
b0f4ef1f-861d-4ce4-9500-bb53eff77c24,39923,2022-10-18 10:51:20.628000+00:00,j8,0.0,0.0,-0.24160184644668103,0.10564789589416548,-0.10564789589416548,Normal
b0f4ef1f-861d-4ce4-9500-bb53eff77c24,39924,2022-10-18 10:51:22.628000+00:00,j1,0.0,0.0,-0.3356669120189621,0.7209895246757982,-0.7209895246757982,Normal
b0f4ef1f-861d-4ce4-9500-bb53eff77c24,39924,2022-10-18 10:51:22.628000+00:00,j2,0.0,0.0,-0.5252092255722672,3.7020089880213467,-3.7020089880213467,Normal
b0f4ef1f-861d-4ce4-9500-bb53eff77c24,39924,2022-10-18 10:51:22.628000+00:00,j3,0.0,0.0,-0.5302079500176364,2.6869992840357177,-2.6869992840357177,Normal
b0f4ef1f-861d-4ce4-9500-bb53eff77c24,39924,2022-10-18 10:51:22.628000+00:00,j4,0.0,0.0,-0.39382245731214677,0.6359356996169508,-0.6359356996169508,Normal
b0f4ef1f-861d-4ce4-9500-bb53eff77c24,39924,2022-10-18 10:51:22.628000+00:00,j5,0.0,0.0,-0.4544992706235773,0.9579065116312097,-0.9579065116312097,Normal
b0f4ef1f-861d-4ce4-9500-bb53eff77c24,39924,2022-10-18 10:51:22.628000+00:00,j6,0.0,0.0,-0.3301764300792632,0.6185923617894946,-0.6185923617894946,Normal
b0f4ef1f-861d-4ce4-9500-bb53eff77c24,39924,2022-10-18 10:51:22.628000+00:00,j7,0.0,0.0,-0.40158392869670473,0.8925129345087741,-0.8925129345087741,Normal
b0f4ef1f-861d-4ce4-9500-bb53eff77c24,39924,2022-10-18 10:51:22.628000+00:00,j8,0.0,0.0,-0.24160184644668103,0.10564806589394041,-0.10564806589394041,Normal
b0f4ef1f-861d-4ce4-9500-bb53eff77c24,39925,2022-10-18 10:51:24.628000+00:00,j1,0.0,0.0,-0.3356669120189621,0.7209892893300849,-0.7209892893300849,Normal
b0f4ef1f-861d-4ce4-9500-bb53eff77c24,39925,2022-10-18 10:51:24.628000+00:00,j2,0.0,0.0,-0.5252092255722672,3.702013376428182,-3.702013376428182,Normal
b0f4ef1f-861d-4ce4-9500-bb53eff77c24,39925,2022-10-18 10:51:24.628000+00:00,j3,0.0,0.0,-0.5302079500176364,2.6869981285985256,-2.6869981285985256,Normal
b0f4ef1f-861d-4ce4-9500-bb53eff77c24,39925,2022-10-18 10:51:24.628000+00:00,j4,0.0,0.0,-0.39382245731214677,0.6359364776238439,-0.6359364776238439,Normal
b0f4ef1f-861d-4ce4-9500-bb53eff77c24,39925,2022-10-18 10:51:24.628000+00:00,j5,0.0,0.0,-0.4544992706235773,0.9579066792547674,-0.9579066792547674,Normal
b0f4ef1f-861d-4ce4-9500-bb53eff77c24,39925,2022-10-18 10:51:24.628000+00:00,j6,0.0,0.0,-0.3301764300792632,0.618593310680589,-0.618593310680589,Normal
b0f4ef1f-861d-4ce4-9500-bb53eff77c24,39925,2022-10-18 10:51:24.628000+00:00,j7,0.0,0.0,-0.40158392869670473,0.8925140419460049,-0.8925140419460049,Normal
b0f4ef1f-861d-4ce4-9500-bb53eff77c24,39925,2022-10-18 10:51:24.628000+00:00,j8,0.0,0.0,-0.24160184644668103,0.10564823589371532,-0.10564823589371532,Normal
b0f4ef1f-861d-4ce4-9500-bb53eff77c24,39926,2022-10-18 10:51:26.628000+00:00,j1,0.0,0.0,-0.3356669120189621,0.7209890539843715,-0.7209890539843715,Normal
b0f4ef1f-861d-4ce4-9500-bb53eff77c24,39926,2022-10-18 10:51:26.628000+00:00,j2,0.0,0.0,-0.5252092255722672,3.7020177648350168,-3.7020177648350168,Normal
b0f4ef1f-861d-4ce4-9500-bb53eff77c24,39926,2022-10-18 10:51:26.628000+00:00,j3,0.0,0.0,-0.5302079500176364,2.6869969731613335,-2.6869969731613335,Normal
b0f4ef1f-861d-4ce4-9500-bb53eff77c24,39926,2022-10-18 10:51:26.628000+00:00,j4,0.0,0.0,-0.39382245731214677,0.6359372556307368,-0.6359372556307368,Normal
b0f4ef1f-861d-4ce4-9500-bb53eff77c24,39926,2022-10-18 10:51:26.628000+00:00,j5,0.0,0.0,-0.4544992706235773,0.9579068468783251,-0.9579068468783251,Normal
b0f4ef1f-861d-4ce4-9500-bb53eff77c24,39926,2022-10-18 10:51:26.628000+00:00,j6,0.0,0.0,-0.3301764300792632,0.6185942595716833,-0.6185942595716833,Normal
b0f4ef1f-861d-4ce4-9500-bb53eff77c24,39926,2022-10-18 10:51:26.628000+00:00,j7,0.0,0.0,-0.40158392869670473,0.8925151493832357,-0.8925151493832357,Normal
b0f4ef1f-861d-4ce4-9500-bb53eff77c24,39926,2022-10-18 10:51:26.628000+00:00,j8,0.0,0.0,-0.24160184644668103,0.10564840589349024,-0.10564840589349024,Normal
b0f4ef1f-861d-4ce4-9500-bb53eff77c24,39927,2022-10-18 10:51:28.628000+00:00,j1,0.0,0.0,-0.3356669120189621,0.7209888186386582,-0.7209888186386582,Normal
b0f4ef1f-861d-4ce4-9500-bb53eff77c24,39927,2022-10-18 10:51:28.628000+00:00,j2,0.0,0.0,-0.5252092255722672,3.7020221532418516,-3.7020221532418516,Normal
b0f4ef1f-861d-4ce4-9500-bb53eff77c24,39927,2022-10-18 10:51:28.628000+00:00,j3,0.0,0.0,-0.5302079500176364,2.6869958177241413,-2.6869958177241413,Normal
b0f4ef1f-861d-4ce4-9500-bb53eff77c24,39927,2022-10-18 10:51:28.628000+00:00,j4,0.0,0.0,-0.39382245731214677,0.6359380336376297,-0.6359380336376297,Normal
b0f4ef1f-861d-4ce4-9500-bb53eff77c24,39927,2022-10-18 10:51:28.628000+00:00,j5,0.0,0.0,-0.4544992706235773,0.9579070145018829,-0.9579070145018829,Normal
b0f4ef1f-861d-4ce4-9500-bb53eff77c24,39927,2022-10-18 10:51:28.628000+00:00,j6,0.0,0.0,-0.3301764300792632,0.6185952084627777,-0.6185952084627777,Normal
b0f4ef1f-861d-4ce4-9500-bb53eff77c24,39927,2022-10-18 10:51:28.628000+00:00,j7,0.0,0.0,-0.40158392869670473,0.8925162568204666,-0.8925162568204666,Normal
b0f4ef1f-861d-4ce4-9500-bb53eff77c24,39927,2022-10-18 10:51:28.628000+00:00,j8,0.0,0.0,-0.24160184644668103,0.10564857589326516,-0.10564857589326516,Normal
b0f4ef1f-861d-4ce4-9500-bb53eff77c24,39928,2022-10-18 10:51:30.628000+00:00,j1,0.0,0.0,-0.3356669120189621,0.7209885832929447,-0.7209885832929447,Normal
b0f4ef1f-861d-4ce4-9500-bb53eff77c24,39928,2022-10-18 10:51:30.628000+00:00,j2,0.0,0.0,-0.5252092255722672,3.7020265416486864,-3.7020265416486864,Normal
b0f4ef1f-861d-4ce4-9500-bb53eff77c24,39928,2022-10-18 10:51:30.628000+00:00,j3,0.0,0.0,-0.5302079500176364,2.686994662286949,-2.686994662286949,Normal
b0f4ef1f-861d-4ce4-9500-bb53eff77c24,39928,2022-10-18 10:51:30.628000+00:00,j4,0.0,0.0,-0.39382245731214677,0.6359388116445227,-0.6359388116445227,Normal
b0f4ef1f-861d-4ce4-9500-bb53eff77c24,39928,2022-10-18 10:51:30.628000+00:00,j5,0.0,0.0,-0.4544992706235773,0.9579071821254406,-0.9579071821254406,Normal
b0f4ef1f-861d-4ce4-9500-bb53eff77c24,39928,2022-10-18 10:51:30.628000+00:00,j6,0.0,0.0,-0.3301764300792632,0.6185961573538722,-0.6185961573538722,Normal
b0f4ef1f-861d-4ce4-9500-bb53eff77c24,39928,2022-10-18 10:51:30.628000+00:00,j7,0.0,0.0,-0.40158392869670473,0.8925173642576975,-0.8925173642576975,Normal
b0f4ef1f-861d-4ce4-9500-bb53eff77c24,39928,2022-10-18 10:51:30.628000+00:00,j8,0.0,0.0,-0.24160184644668103,0.10564874589304007,-0.10564874589304007,Normal
b0f4ef1f-861d-4ce4-9500-bb53eff77c24,39929,2022-10-18 10:51:32.628000+00:00,j1,0.0,0.0,-0.3356669120189621,0.7209883479472313,-0.7209883479472313,Normal
b0f4ef1f-861d-4ce4-9500-bb53eff77c24,39929,2022-10-18 10:51:32.628000+00:00,j2,0.0,0.0,-0.5252092255722672,3.702030930055521,-3.702030930055521,Normal
b0f4ef1f-861d-4ce4-9500-bb53eff77c24,39929,2022-10-18 10:51:32.628000+00:00,j3,0.0,0.0,-0.5302079500176364,2.6869935068497575,-2.6869935068497575,Normal
b0f4ef1f-861d-4ce4-9500-bb53eff77c24,39929,2022-10-18 10:51:32.628000+00:00,j4,0.0,0.0,-0.39382245731214677,0.6359395896514156,-0.6359395896514156,Normal
b0f4ef1f-861d-4ce4-9500-bb53eff77c24,39929,2022-10-18 10:51:32.628000+00:00,j5,0.0,0.0,-0.4544992706235773,0.9579073497489983,-0.9579073497489983,Normal
b0f4ef1f-861d-4ce4-9500-bb53eff77c24,39929,2022-10-18 10:51:32.628000+00:00,j6,0.0,0.0,-0.3301764300792632,0.6185971062449666,-0.6185971062449666,Normal
b0f4ef1f-861d-4ce4-9500-bb53eff77c24,39929,2022-10-18 10:51:32.628000+00:00,j7,0.0,0.0,-0.40158392869670473,0.8925184716949283,-0.8925184716949283,Normal
b0f4ef1f-861d-4ce4-9500-bb53eff77c24,39929,2022-10-18 10:51:32.628000+00:00,j8,0.0,0.0,-0.24160184644668103,0.105648915892815,-0.105648915892815,Normal
b0f4ef1f-861d-4ce4-9500-bb53eff77c24,39930,2022-10-18 10:51:34.628000+00:00,j1,0.0,0.0,-0.3356669120189621,0.720988112601518,-0.720988112601518,Normal
b0f4ef1f-861d-4ce4-9500-bb53eff77c24,39930,2022-10-18 10:51:34.628000+00:00,j2,0.0,0.0,-0.5252092255722672,3.702035318462356,-3.702035318462356,Normal
b0f4ef1f-861d-4ce4-9500-bb53eff77c24,39930,2022-10-18 10:51:34.628000+00:00,j3,0.0,0.0,-0.5302079500176364,2.6869923514125653,-2.6869923514125653,Normal
b0f4ef1f-861d-4ce4-9500-bb53eff77c24,39930,2022-10-18 10:51:34.628000+00:00,j4,0.0,0.0,-0.39382245731214677,0.6359403676583085,-0.6359403676583085,Normal
b0f4ef1f-861d-4ce4-9500-bb53eff77c24,39930,2022-10-18 10:51:34.628000+00:00,j5,0.0,0.0,-0.4544992706235773,0.957907517372556,-0.957907517372556,Normal
b0f4ef1f-861d-4ce4-9500-bb53eff77c24,39930,2022-10-18 10:51:34.628000+00:00,j6,0.0,0.0,-0.3301764300792632,0.6185980551360609,-0.6185980551360609,Normal
b0f4ef1f-861d-4ce4-9500-bb53eff77c24,39930,2022-10-18 10:51:34.628000+00:00,j7,0.0,0.0,-0.40158392869670473,0.8925195791321591,-0.8925195791321591,Normal
b0f4ef1f-861d-4ce4-9500-bb53eff77c24,39930,2022-10-18 10:51:34.628000+00:00,j8,0.0,0.0,-0.24160184644668103,0.10564908589258992,-0.10564908589258992,Normal
b0f4ef1f-861d-4ce4-9500-bb53eff77c24,39931,2022-10-18 10:51:36.628000+00:00,j1,0.0,0.0,-0.3356669120189621,0.7209878772558046,-0.7209878772558046,Normal
b0f4ef1f-861d-4ce4-9500-bb53eff77c24,39931,2022-10-18 10:51:36.628000+00:00,j2,0.0,0.0,-0.5252092255722672,3.702039706869191,-3.702039706869191,Normal
b0f4ef1f-861d-4ce4-9500-bb53eff77c24,39931,2022-10-18 10:51:36.628000+00:00,j3,0.0,0.0,-0.5302079500176364,2.686991195975373,-2.686991195975373,Normal
b0f4ef1f-861d-4ce4-9500-bb53eff77c24,39931,2022-10-18 10:51:36.628000+00:00,j4,0.0,0.0,-0.39382245731214677,0.6359411456652015,-0.6359411456652015,Normal
b0f4ef1f-861d-4ce4-9500-bb53eff77c24,39931,2022-10-18 10:51:36.628000+00:00,j5,0.0,0.0,-0.4544992706235773,0.9579076849961137,-0.9579076849961137,Normal
b0f4ef1f-861d-4ce4-9500-bb53eff77c24,39931,2022-10-18 10:51:36.628000+00:00,j6,0.0,0.0,-0.3301764300792632,0.6185990040271553,-0.6185990040271553,Normal
b0f4ef1f-861d-4ce4-9500-bb53eff77c24,39931,2022-10-18 10:51:36.628000+00:00,j7,0.0,0.0,-0.40158392869670473,0.89252068656939,-0.89252068656939,Normal
b0f4ef1f-861d-4ce4-9500-bb53eff77c24,39931,2022-10-18 10:51:36.628000+00:00,j8,0.0,0.0,-0.24160184644668103,0.10564925589236483,-0.10564925589236483,Normal
b0f4ef1f-861d-4ce4-9500-bb53eff77c24,39932,2022-10-18 10:51:38.628000+00:00,j1,0.7209876419100912,0.030538289653233734,-0.0021993945750208204,0.7209876419100912,0.0,Normal
b0f4ef1f-861d-4ce4-9500-bb53eff77c24,39932,2022-10-18 10:51:38.628000+00:00,j2,3.7020440952760256,0.0715879494527034,0.012888354585549334,3.7020440952760256,0.0,Normal
b0f4ef1f-861d-4ce4-9500-bb53eff77c24,39932,2022-10-18 10:51:38.628000+00:00,j3,2.686990040538181,0.06419672895400709,-0.0045671001628122595,2.686990040538181,0.0,Normal
b0f4ef1f-861d-4ce4-9500-bb53eff77c24,39932,2022-10-18 10:51:38.628000+00:00,j4,0.6359419236720945,0.040592987729846514,0.009981780192086709,0.6359419236720945,0.0,Normal
b0f4ef1f-861d-4ce4-9500-bb53eff77c24,39932,2022-10-18 10:51:38.628000+00:00,j5,0.9579078526196714,0.046162543088526464,0.0016127012914275956,0.9579078526196714,0.0,Normal
b0f4ef1f-861d-4ce4-9500-bb53eff77c24,39932,2022-10-18 10:51:38.628000+00:00,j6,0.6185999529182497,0.029553654406545265,0.010560810040536352,0.6185999529182497,0.0,Normal
b0f4ef1f-861d-4ce4-9500-bb53eff77c24,39932,2022-10-18 10:51:38.628000+00:00,j7,0.8925217940066208,0.11007263926242906,0.010327013886582703,0.8925217940066208,0.0,Normal
b0f4ef1f-861d-4ce4-9500-bb53eff77c24,39932,2022-10-18 10:51:38.628000+00:00,j8,0.1056494258921397,0.01788958112789464,0.00811908895106902,0.10564942589213976,-5.551115123125783e-17,Normal
b0f4ef1f-861d-4ce4-9500-bb53eff77c24,39933,2022-10-18 10:51:40.628000+00:00,j1,9.303312218214744,0.3940528612968086,3.967253483669079,0.7209874065643778,8.582324811650366,Normal
b0f4ef1f-861d-4ce4-9500-bb53eff77c24,39933,2022-10-18 10:51:40.628000+00:00,j2,27.412743174610146,0.5300914906032778,3.4592735056215664,3.7020484836828604,23.710694690927284,Normal
b0f4ef1f-861d-4ce4-9500-bb53eff77c24,39933,2022-10-18 10:51:40.628000+00:00,j3,21.515805380834102,0.5140489192077254,3.6788088513350856,2.686988885100989,18.828816495733115,Normal
b0f4ef1f-861d-4ce4-9500-bb53eff77c24,39933,2022-10-18 10:51:40.628000+00:00,j4,6.768495750581316,0.4320417552696754,3.9039713566767595,0.6359427016789874,6.132553048902329,Normal
b0f4ef1f-861d-4ce4-9500-bb53eff77c24,39933,2022-10-18 10:51:40.628000+00:00,j5,8.25358495522467,0.39774856223216254,3.4754809451145903,0.9579080202432292,7.29567693498144,Normal
b0f4ef1f-861d-4ce4-9500-bb53eff77c24,39933,2022-10-18 10:51:40.628000+00:00,j6,8.297745068465572,0.3964253294074445,4.2403876970413235,0.618600901809344,7.6791441666562275,Normal
b0f4ef1f-861d-4ce4-9500-bb53eff77c24,39933,2022-10-18 10:51:40.628000+00:00,j7,9.181115206989992,1.1322856080288772,3.835625564978637,0.8925229014438516,8.288592305546139,Normal
b0f4ef1f-861d-4ce4-9500-bb53eff77c24,39933,2022-10-18 10:51:40.628000+00:00,j8,2.09607032297234,0.35492687041071586,4.712827742659682,0.10564959589191468,1.9904207270804255,Normal
b0f4ef1f-861d-4ce4-9500-bb53eff77c24,39934,2022-10-18 10:51:42.628000+00:00,j1,9.303311982869031,0.39405285132846085,3.967253374818183,0.7209871712186644,8.582324811650366,Normal
b0f4ef1f-861d-4ce4-9500-bb53eff77c24,39934,2022-10-18 10:51:42.628000+00:00,j2,27.41274756301698,0.5300915754637059,3.4592741434829843,3.7020528720896957,23.710694690927284,Normal
b0f4ef1f-861d-4ce4-9500-bb53eff77c24,39934,2022-10-18 10:51:42.628000+00:00,j3,21.515804225396916,0.5140488916023801,3.678808625303364,2.6869877296637967,18.82881649573312,Normal
b0f4ef1f-861d-4ce4-9500-bb53eff77c24,39934,2022-10-18 10:51:42.628000+00:00,j4,6.7684965285882095,0.4320418049308522,3.9039718506880345,0.6359434796858804,6.132553048902329,Normal
b0f4ef1f-861d-4ce4-9500-bb53eff77c24,39934,2022-10-18 10:51:42.628000+00:00,j5,8.253585122848227,0.3977485703101104,3.475481024929273,0.9579081878667869,7.29567693498144,Normal
b0f4ef1f-861d-4ce4-9500-bb53eff77c24,39934,2022-10-18 10:51:42.628000+00:00,j6,8.297746017356666,0.3964253747407804,4.240388219709537,0.6186018507004384,7.6791441666562275,Normal
b0f4ef1f-861d-4ce4-9500-bb53eff77c24,39934,2022-10-18 10:51:42.628000+00:00,j7,9.181116314427223,1.1322857446065382,3.8356260760759757,0.8925240088810825,8.28859230554614,Normal
b0f4ef1f-861d-4ce4-9500-bb53eff77c24,39934,2022-10-18 10:51:42.628000+00:00,j8,2.0960704929721143,0.3549268991967195,4.712828144483944,0.10564976589168959,1.9904207270804248,Normal
b0f4ef1f-861d-4ce4-9500-bb53eff77c24,39935,2022-10-18 10:51:44.628000+00:00,j1,9.303311747523315,0.3940528413601129,3.967253265967286,0.720986935872951,8.582324811650365,Normal
b0f4ef1f-861d-4ce4-9500-bb53eff77c24,39935,2022-10-18 10:51:44.628000+00:00,j2,27.41275195142381,0.5300916603241339,3.4592747813444027,3.7020572604965305,23.71069469092728,Normal
b0f4ef1f-861d-4ce4-9500-bb53eff77c24,39935,2022-10-18 10:51:44.628000+00:00,j3,21.51580306995972,0.5140488639970346,3.6788083992716403,2.686986574226605,18.828816495733115,Normal
b0f4ef1f-861d-4ce4-9500-bb53eff77c24,39935,2022-10-18 10:51:44.628000+00:00,j4,6.768497306595102,0.4320418545920289,3.9039723446993086,0.6359442576927733,6.132553048902329,Normal
b0f4ef1f-861d-4ce4-9500-bb53eff77c24,39935,2022-10-18 10:51:44.628000+00:00,j5,8.253585290471785,0.3977485783880583,3.475481104743956,0.9579083554903446,7.29567693498144,Normal
b0f4ef1f-861d-4ce4-9500-bb53eff77c24,39935,2022-10-18 10:51:44.628000+00:00,j6,8.297746966247761,0.3964254200741164,4.240388742377752,0.6186027995915329,7.679144166656228,Normal
b0f4ef1f-861d-4ce4-9500-bb53eff77c24,39935,2022-10-18 10:51:44.628000+00:00,j7,9.181117421864457,1.1322858811841994,3.8356265871733157,0.8925251163183133,8.288592305546143,Normal
b0f4ef1f-861d-4ce4-9500-bb53eff77c24,39935,2022-10-18 10:51:44.628000+00:00,j8,2.096070662971889,0.35492692798272313,4.712828546308208,0.10564993589146451,1.9904207270804246,Normal
b0f4ef1f-861d-4ce4-9500-bb53eff77c24,39936,2022-10-18 10:51:46.628000+00:00,j1,9.303311512177604,0.3940528313917653,3.967253157116391,0.7209867005272377,8.582324811650366,Normal
b0f4ef1f-861d-4ce4-9500-bb53eff77c24,39936,2022-10-18 10:51:46.628000+00:00,j2,27.41275633983065,0.530091745184562,3.4592754192058224,3.7020616489033653,23.710694690927284,Normal
b0f4ef1f-861d-4ce4-9500-bb53eff77c24,39936,2022-10-18 10:51:46.628000+00:00,j3,21.515801914522527,0.5140488363916892,3.6788081732399176,2.686985418789413,18.828816495733115,Normal
b0f4ef1f-861d-4ce4-9500-bb53eff77c24,39936,2022-10-18 10:51:46.628000+00:00,j4,6.768498084601995,0.4320419042532056,3.903972838710583,0.6359450356996662,6.132553048902329,Normal
b0f4ef1f-861d-4ce4-9500-bb53eff77c24,39936,2022-10-18 10:51:46.628000+00:00,j5,8.253585458095342,0.3977485864660062,3.475481184558639,0.9579085231139023,7.29567693498144,Normal
b0f4ef1f-861d-4ce4-9500-bb53eff77c24,39936,2022-10-18 10:51:46.628000+00:00,j6,8.297747915138855,0.39642546540745227,4.240389265045966,0.6186037484826272,7.6791441666562275,Normal
b0f4ef1f-861d-4ce4-9500-bb53eff77c24,39936,2022-10-18 10:51:46.628000+00:00,j7,9.181118529301685,1.1322860177618597,3.835627098270653,0.8925262237555441,8.28859230554614,Normal
b0f4ef1f-861d-4ce4-9500-bb53eff77c24,39936,2022-10-18 10:51:46.628000+00:00,j8,2.096070832971664,0.3549269567687269,4.712828948132472,0.10565010589123944,1.9904207270804248,Normal
b0f4ef1f-861d-4ce4-9500-bb53eff77c24,39937,2022-10-18 10:51:48.628000+00:00,j1,9.303311276831892,0.3940528214234175,3.9672530482654955,0.7209864651815243,8.582324811650366,Alert
b0f4ef1f-861d-4ce4-9500-bb53eff77c24,39937,2022-10-18 10:51:48.628000+00:00,j2,27.412760728237483,0.53009183004499,3.4592760570672407,3.7020660373102,23.710694690927284,Alert
b0f4ef1f-861d-4ce4-9500-bb53eff77c24,39937,2022-10-18 10:51:48.628000+00:00,j3,21.515800759085337,0.5140488087863437,3.6788079472081954,2.6869842633522207,18.828816495733115,Alert
b0f4ef1f-861d-4ce4-9500-bb53eff77c24,39937,2022-10-18 10:51:48.628000+00:00,j4,6.768498862608888,0.4320419539143823,3.9039733327218573,0.6359458137065592,6.132553048902328,Alert
b0f4ef1f-861d-4ce4-9500-bb53eff77c24,39937,2022-10-18 10:51:48.628000+00:00,j5,8.2535856257189,0.39774859454395406,3.4754812643733217,0.95790869073746,7.29567693498144,Alert
b0f4ef1f-861d-4ce4-9500-bb53eff77c24,39937,2022-10-18 10:51:48.628000+00:00,j6,8.297748864029948,0.3964255107407882,4.24038978771418,0.6186046973737216,7.679144166656227,Alert
b0f4ef1f-861d-4ce4-9500-bb53eff77c24,39937,2022-10-18 10:51:48.628000+00:00,j7,9.181119636738917,1.1322861543395206,3.835627609367992,0.892527331192775,8.28859230554614,Alert
b0f4ef1f-861d-4ce4-9500-bb53eff77c24,39937,2022-10-18 10:51:48.628000+00:00,j8,2.09607100297144,0.3549269855547307,4.712829349956738,0.10565027589101436,1.9904207270804255,Alert
b0f4ef1f-861d-4ce4-9500-bb53eff77c24,39938,2022-10-18 10:51:50.628000+00:00,j1,9.303311041486175,0.3940528114550696,3.9672529394145983,0.7209862298358108,8.582324811650365,Alert
b0f4ef1f-861d-4ce4-9500-bb53eff77c24,39938,2022-10-18 10:51:50.628000+00:00,j2,27.41276511664432,0.5300919149054182,3.4592766949286595,3.702070425717035,23.710694690927284,Alert
b0f4ef1f-861d-4ce4-9500-bb53eff77c24,39938,2022-10-18 10:51:50.628000+00:00,j3,21.515799603648144,0.5140487811809983,3.6788077211764727,2.6869831079150286,18.828816495733115,Alert
b0f4ef1f-861d-4ce4-9500-bb53eff77c24,39938,2022-10-18 10:51:50.628000+00:00,j4,6.768499640615781,0.4320420035755591,3.9039738267331323,0.6359465917134521,6.132553048902329,Alert
b0f4ef1f-861d-4ce4-9500-bb53eff77c24,39938,2022-10-18 10:51:50.628000+00:00,j5,8.253585793342458,0.3977486026219019,3.4754813441880046,0.9579088583610178,7.29567693498144,Alert
b0f4ef1f-861d-4ce4-9500-bb53eff77c24,39938,2022-10-18 10:51:50.628000+00:00,j6,8.297749812921044,0.39642555607412416,4.240390310382395,0.618605646264816,7.6791441666562275,Alert
b0f4ef1f-861d-4ce4-9500-bb53eff77c24,39938,2022-10-18 10:51:50.628000+00:00,j7,9.181120744176146,1.1322862909171814,3.8356281204653304,0.8925284386300059,8.28859230554614,Alert
b0f4ef1f-861d-4ce4-9500-bb53eff77c24,39938,2022-10-18 10:51:50.628000+00:00,j8,2.096071172971214,0.3549270143407343,4.712829751781001,0.10565044589078927,1.9904207270804248,Alert
b0f4ef1f-861d-4ce4-9500-bb53eff77c24,39939,2022-10-18 10:51:52.628000+00:00,j1,9.303310806140464,0.39405280148672195,3.9672528305637034,0.7209859944900975,8.582324811650366,Alert
b0f4ef1f-861d-4ce4-9500-bb53eff77c24,39939,2022-10-18 10:51:52.628000+00:00,j2,27.412769505051152,0.5300919997658462,3.459277332790078,3.7020748141238697,23.710694690927284,Alert
b0f4ef1f-861d-4ce4-9500-bb53eff77c24,39939,2022-10-18 10:51:52.628000+00:00,j3,21.51579844821095,0.5140487535756528,3.67880749514475,2.6869819524778364,18.828816495733115,Alert
b0f4ef1f-861d-4ce4-9500-bb53eff77c24,39939,2022-10-18 10:51:52.628000+00:00,j4,6.768500418622674,0.4320420532367358,3.9039743207444064,0.635947369720345,6.132553048902329,Alert
b0f4ef1f-861d-4ce4-9500-bb53eff77c24,39939,2022-10-18 10:51:52.628000+00:00,j5,8.253585960966015,0.3977486106998498,3.4754814240026874,0.9579090259845755,7.29567693498144,Alert
b0f4ef1f-861d-4ce4-9500-bb53eff77c24,39939,2022-10-18 10:51:52.628000+00:00,j6,8.297750761812138,0.3964256014074601,4.240390833050609,0.6186065951559103,7.6791441666562275,Alert
b0f4ef1f-861d-4ce4-9500-bb53eff77c24,39939,2022-10-18 10:51:52.628000+00:00,j7,9.181121851613378,1.132286427494842,3.8356286315626695,0.8925295460672367,8.28859230554614,Alert
b0f4ef1f-861d-4ce4-9500-bb53eff77c24,39939,2022-10-18 10:51:52.628000+00:00,j8,2.096071342970989,0.354927043126738,4.712830153605266,0.1056506158905642,1.990420727080425,Alert
b0f4ef1f-861d-4ce4-9500-bb53eff77c24,39940,2022-10-18 10:51:54.628000+00:00,j1,9.30331057079475,0.3940527915183741,3.967252721712807,0.7209857591443841,8.582324811650366,Alert
b0f4ef1f-861d-4ce4-9500-bb53eff77c24,39940,2022-10-18 10:51:54.628000+00:00,j2,27.412773893457988,0.5300920846262743,3.4592779706514967,3.7020792025307045,23.710694690927284,Alert
b0f4ef1f-861d-4ce4-9500-bb53eff77c24,39940,2022-10-18 10:51:54.628000+00:00,j3,21.51579729277376,0.5140487259703075,3.678807269113028,2.6869807970406443,18.82881649573312,Alert
b0f4ef1f-861d-4ce4-9500-bb53eff77c24,39940,2022-10-18 10:51:54.628000+00:00,j4,6.768501196629567,0.43204210289791256,3.903974814755681,0.6359481477272381,6.132553048902329,Alert
b0f4ef1f-861d-4ce4-9500-bb53eff77c24,39940,2022-10-18 10:51:54.628000+00:00,j5,8.253586128589573,0.3977486187777977,3.4754815038173703,0.9579091936081332,7.29567693498144,Alert
b0f4ef1f-861d-4ce4-9500-bb53eff77c24,39940,2022-10-18 10:51:54.628000+00:00,j6,8.297751710703231,0.39642564674079595,4.240391355718822,0.6186075440470047,7.679144166656227,Alert
b0f4ef1f-861d-4ce4-9500-bb53eff77c24,39940,2022-10-18 10:51:54.628000+00:00,j7,9.181122959050608,1.1322865640725028,3.8356291426600078,0.8925306535044675,8.28859230554614,Alert
b0f4ef1f-861d-4ce4-9500-bb53eff77c24,39940,2022-10-18 10:51:54.628000+00:00,j8,2.096071512970764,0.3549270719127417,4.712830555429529,0.1056507858903391,1.9904207270804248,Alert
b0f4ef1f-861d-4ce4-9500-bb53eff77c24,39941,2022-10-18 10:51:56.628000+00:00,j1,9.303310335449035,0.39405278155002627,3.9672526128619103,0.7209855237986708,8.582324811650365,Alert
b0f4ef1f-861d-4ce4-9500-bb53eff77c24,39941,2022-10-18 10:51:56.628000+00:00,j2,27.412778281864824,0.5300921694867023,3.4592786085129155,3.7020835909375394,23.710694690927284,Alert
b0f4ef1f-861d-4ce4-9500-bb53eff77c24,39941,2022-10-18 10:51:56.628000+00:00,j3,21.515796137336565,0.5140486983649619,3.6788070430813042,2.686979641603452,18.828816495733115,Alert
b0f4ef1f-861d-4ce4-9500-bb53eff77c24,39941,2022-10-18 10:51:56.628000+00:00,j4,6.76850197463646,0.4320421525590893,3.9039753087669555,0.635948925734131,6.132553048902329,Alert
b0f4ef1f-861d-4ce4-9500-bb53eff77c24,39941,2022-10-18 10:51:56.628000+00:00,j5,8.25358629621313,0.3977486268557456,3.475481583632053,0.9579093612316909,7.29567693498144,Alert
b0f4ef1f-861d-4ce4-9500-bb53eff77c24,39941,2022-10-18 10:51:56.628000+00:00,j6,8.297752659594327,0.396425692074132,4.240391878387037,0.618608492938099,7.6791441666562275,Alert
b0f4ef1f-861d-4ce4-9500-bb53eff77c24,39941,2022-10-18 10:51:56.628000+00:00,j7,9.18112406648784,1.1322867006501638,3.835629653757347,0.8925317609416984,8.28859230554614,Alert
b0f4ef1f-861d-4ce4-9500-bb53eff77c24,39941,2022-10-18 10:51:56.628000+00:00,j8,2.096071682970539,0.35492710069874545,4.712830957253794,0.10565095589011403,1.990420727080425,Alert
b0f4ef1f-861d-4ce4-9500-bb53eff77c24,39942,2022-10-18 10:51:58.628000+00:00,j1,9.303310100103324,0.39405277158167856,3.967252504011016,0.7209852884529573,8.582324811650366,Alert
b0f4ef1f-861d-4ce4-9500-bb53eff77c24,39942,2022-10-18 10:51:58.628000+00:00,j2,27.412782670271657,0.5300922543471305,3.459279246374334,3.702087979344374,23.710694690927284,Alert
b0f4ef1f-861d-4ce4-9500-bb53eff77c24,39942,2022-10-18 10:51:58.628000+00:00,j3,21.515794981899376,0.5140486707596166,3.678806817049582,2.6869784861662604,18.828816495733115,Alert
b0f4ef1f-861d-4ce4-9500-bb53eff77c24,39942,2022-10-18 10:51:58.628000+00:00,j4,6.768502752643353,0.43204220222026596,3.9039758027782296,0.6359497037410239,6.132553048902329,Alert
b0f4ef1f-861d-4ce4-9500-bb53eff77c24,39942,2022-10-18 10:51:58.628000+00:00,j5,8.253586463836688,0.39774863493369345,3.475481663446736,0.9579095288552486,7.29567693498144,Alert
b0f4ef1f-861d-4ce4-9500-bb53eff77c24,39942,2022-10-18 10:51:58.628000+00:00,j6,8.29775360848542,0.39642573740746784,4.24039240105525,0.6186094418291934,7.6791441666562275,Alert
b0f4ef1f-861d-4ce4-9500-bb53eff77c24,39942,2022-10-18 10:51:58.628000+00:00,j7,9.18112517392507,1.1322868372278243,3.835630164854685,0.8925328683789292,8.28859230554614,Alert
b0f4ef1f-861d-4ce4-9500-bb53eff77c24,39942,2022-10-18 10:51:58.628000+00:00,j8,2.0960718529703137,0.3549271294847491,4.7128313590780575,0.10565112588988895,1.9904207270804248,Alert
b0f4ef1f-861d-4ce4-9500-bb53eff77c24,39943,2022-10-18 10:52:00.628000+00:00,j1,9.30330986475761,0.39405276161333075,3.967252395160119,0.7209850531072439,8.582324811650366,Alert
b0f4ef1f-861d-4ce4-9500-bb53eff77c24,39943,2022-10-18 10:52:00.628000+00:00,j2,27.412787058678493,0.5300923392075585,3.4592798842357526,3.702092367751209,23.710694690927284,Alert
b0f4ef1f-861d-4ce4-9500-bb53eff77c24,39943,2022-10-18 10:52:00.628000+00:00,j3,21.515793826462183,0.5140486431542711,3.6788065910178593,2.6869773307290683,18.828816495733115,Alert
b0f4ef1f-861d-4ce4-9500-bb53eff77c24,39943,2022-10-18 10:52:00.628000+00:00,j4,6.768503530650246,0.43204225188144274,3.9039762967895046,0.6359504817479169,6.132553048902329,Alert
b0f4ef1f-861d-4ce4-9500-bb53eff77c24,39943,2022-10-18 10:52:00.628000+00:00,j5,8.253586631460246,0.3977486430116413,3.475481743261419,0.9579096964788063,7.29567693498144,Alert
b0f4ef1f-861d-4ce4-9500-bb53eff77c24,39943,2022-10-18 10:52:00.628000+00:00,j6,8.297754557376516,0.3964257827408038,4.240392923723466,0.6186103907202879,7.679144166656228,Alert
b0f4ef1f-861d-4ce4-9500-bb53eff77c24,39943,2022-10-18 10:52:00.628000+00:00,j7,9.1811262813623,1.132286973805485,3.8356306759520233,0.89253397581616,8.288592305546139,Alert
b0f4ef1f-861d-4ce4-9500-bb53eff77c24,39943,2022-10-18 10:52:00.628000+00:00,j8,2.096072022970089,0.35492715827075283,4.712831760902322,0.10565129588966388,1.990420727080425,Alert
b0f4ef1f-861d-4ce4-9500-bb53eff77c24,39944,2022-10-18 10:52:02.628000+00:00,j1,0.7209848177615306,0.0305381700330603,-0.0022007007857721265,0.7209848177615306,0.0,Normal
b0f4ef1f-861d-4ce4-9500-bb53eff77c24,39944,2022-10-18 10:52:02.628000+00:00,j2,3.702096756158044,0.07158896777784028,0.012896008922573334,3.7020967561580442,-4.440892098500626e-16,Normal
b0f4ef1f-861d-4ce4-9500-bb53eff77c24,39944,2022-10-18 10:52:02.628000+00:00,j3,2.686976175291876,0.0641963976898619,-0.004569812543484008,2.686976175291876,0.0,Normal
b0f4ef1f-861d-4ce4-9500-bb53eff77c24,39944,2022-10-18 10:52:02.628000+00:00,j4,0.6359512597548098,0.04059358366396723,0.00998770832737992,0.6359512597548098,0.0,Normal
b0f4ef1f-861d-4ce4-9500-bb53eff77c24,39944,2022-10-18 10:52:02.628000+00:00,j5,0.957909864102364,0.046162640023901004,0.0016136590676217256,0.9579098641023641,-1.1102230246251565e-16,Normal
b0f4ef1f-861d-4ce4-9500-bb53eff77c24,39944,2022-10-18 10:52:02.628000+00:00,j6,0.6186113396113823,0.029554198406576443,0.010567082059106338,0.6186113396113823,0.0,Normal
b0f4ef1f-861d-4ce4-9500-bb53eff77c24,39944,2022-10-18 10:52:02.628000+00:00,j7,0.8925350832533909,0.11007427819435836,0.01033314705464657,0.8925350832533909,0.0,Normal
b0f4ef1f-861d-4ce4-9500-bb53eff77c24,39944,2022-10-18 10:52:02.628000+00:00,j8,0.1056514658894387,0.017889926559939092,0.008123910842237987,0.10565146588943879,-8.326672684688674e-17,Normal
b0f4ef1f-861d-4ce4-9500-bb53eff77c24,39945,2022-10-18 10:52:04.628000+00:00,j1,0.0,0.0,-0.3356669120189621,0.7209845824158172,-0.7209845824158172,Normal
b0f4ef1f-861d-4ce4-9500-bb53eff77c24,39945,2022-10-18 10:52:04.628000+00:00,j2,0.0,0.0,-0.5252092255722672,3.702101144564879,-3.702101144564879,Normal
b0f4ef1f-861d-4ce4-9500-bb53eff77c24,39945,2022-10-18 10:52:04.628000+00:00,j3,0.0,0.0,-0.5302079500176364,2.686975019854684,-2.686975019854684,Normal
b0f4ef1f-861d-4ce4-9500-bb53eff77c24,39945,2022-10-18 10:52:04.628000+00:00,j4,0.0,0.0,-0.39382245731214677,0.6359520377617027,-0.6359520377617027,Normal
b0f4ef1f-861d-4ce4-9500-bb53eff77c24,39945,2022-10-18 10:52:04.628000+00:00,j5,0.0,0.0,-0.4544992706235773,0.9579100317259218,-0.9579100317259218,Normal
b0f4ef1f-861d-4ce4-9500-bb53eff77c24,39945,2022-10-18 10:52:04.628000+00:00,j6,0.0,0.0,-0.3301764300792632,0.6186122885024766,-0.6186122885024766,Normal
b0f4ef1f-861d-4ce4-9500-bb53eff77c24,39945,2022-10-18 10:52:04.628000+00:00,j7,0.0,0.0,-0.40158392869670473,0.8925361906906217,-0.8925361906906217,Normal
b0f4ef1f-861d-4ce4-9500-bb53eff77c24,39945,2022-10-18 10:52:04.628000+00:00,j8,0.0,0.0,-0.24160184644668103,0.10565163588921371,-0.10565163588921371,Normal
b0f4ef1f-861d-4ce4-9500-bb53eff77c24,39946,2022-10-18 10:52:06.628000+00:00,j1,0.0,0.0,-0.3356669120189621,0.7209843470701038,-0.7209843470701038,Normal
b0f4ef1f-861d-4ce4-9500-bb53eff77c24,39946,2022-10-18 10:52:06.628000+00:00,j2,0.0,0.0,-0.5252092255722672,3.702105532971714,-3.702105532971714,Normal
b0f4ef1f-861d-4ce4-9500-bb53eff77c24,39946,2022-10-18 10:52:06.628000+00:00,j3,0.0,0.0,-0.5302079500176364,2.686973864417492,-2.686973864417492,Normal
b0f4ef1f-861d-4ce4-9500-bb53eff77c24,39946,2022-10-18 10:52:06.628000+00:00,j4,0.0,0.0,-0.39382245731214677,0.6359528157685956,-0.6359528157685956,Normal
b0f4ef1f-861d-4ce4-9500-bb53eff77c24,39946,2022-10-18 10:52:06.628000+00:00,j5,0.0,0.0,-0.4544992706235773,0.9579101993494795,-0.9579101993494795,Normal
b0f4ef1f-861d-4ce4-9500-bb53eff77c24,39946,2022-10-18 10:52:06.628000+00:00,j6,0.0,0.0,-0.3301764300792632,0.618613237393571,-0.618613237393571,Normal
b0f4ef1f-861d-4ce4-9500-bb53eff77c24,39946,2022-10-18 10:52:06.628000+00:00,j7,0.0,0.0,-0.40158392869670473,0.8925372981278525,-0.8925372981278525,Normal
b0f4ef1f-861d-4ce4-9500-bb53eff77c24,39946,2022-10-18 10:52:06.628000+00:00,j8,0.0,0.0,-0.24160184644668103,0.10565180588898863,-0.10565180588898863,Normal
b0f4ef1f-861d-4ce4-9500-bb53eff77c24,39947,2022-10-18 10:52:08.628000+00:00,j1,0.0,0.0,-0.3356669120189621,0.7209841117243904,-0.7209841117243904,Normal
b0f4ef1f-861d-4ce4-9500-bb53eff77c24,39947,2022-10-18 10:52:08.628000+00:00,j2,0.0,0.0,-0.5252092255722672,3.7021099213785487,-3.7021099213785487,Normal
b0f4ef1f-861d-4ce4-9500-bb53eff77c24,39947,2022-10-18 10:52:08.628000+00:00,j3,0.0,0.0,-0.5302079500176364,2.6869727089802997,-2.6869727089802997,Normal
b0f4ef1f-861d-4ce4-9500-bb53eff77c24,39947,2022-10-18 10:52:08.628000+00:00,j4,0.0,0.0,-0.39382245731214677,0.6359535937754887,-0.6359535937754887,Normal
b0f4ef1f-861d-4ce4-9500-bb53eff77c24,39947,2022-10-18 10:52:08.628000+00:00,j5,0.0,0.0,-0.4544992706235773,0.9579103669730372,-0.9579103669730372,Normal
b0f4ef1f-861d-4ce4-9500-bb53eff77c24,39947,2022-10-18 10:52:08.628000+00:00,j6,0.0,0.0,-0.3301764300792632,0.6186141862846654,-0.6186141862846654,Normal
b0f4ef1f-861d-4ce4-9500-bb53eff77c24,39947,2022-10-18 10:52:08.628000+00:00,j7,0.0,0.0,-0.40158392869670473,0.8925384055650833,-0.8925384055650833,Normal
b0f4ef1f-861d-4ce4-9500-bb53eff77c24,39947,2022-10-18 10:52:08.628000+00:00,j8,0.0,0.0,-0.24160184644668103,0.10565197588876354,-0.10565197588876354,Normal
b0f4ef1f-861d-4ce4-9500-bb53eff77c24,39948,2022-10-18 10:52:10.628000+00:00,j1,0.0,0.0,-0.3356669120189621,0.720983876378677,-0.720983876378677,Normal
b0f4ef1f-861d-4ce4-9500-bb53eff77c24,39948,2022-10-18 10:52:10.628000+00:00,j2,0.0,0.0,-0.5252092255722672,3.7021143097853835,-3.7021143097853835,Normal
b0f4ef1f-861d-4ce4-9500-bb53eff77c24,39948,2022-10-18 10:52:10.628000+00:00,j3,0.0,0.0,-0.5302079500176364,2.686971553543108,-2.686971553543108,Normal
b0f4ef1f-861d-4ce4-9500-bb53eff77c24,39948,2022-10-18 10:52:10.628000+00:00,j4,0.0,0.0,-0.39382245731214677,0.6359543717823816,-0.6359543717823816,Normal
b0f4ef1f-861d-4ce4-9500-bb53eff77c24,39948,2022-10-18 10:52:10.628000+00:00,j5,0.0,0.0,-0.4544992706235773,0.9579105345965949,-0.9579105345965949,Normal
b0f4ef1f-861d-4ce4-9500-bb53eff77c24,39948,2022-10-18 10:52:10.628000+00:00,j6,0.0,0.0,-0.3301764300792632,0.6186151351757597,-0.6186151351757597,Normal
b0f4ef1f-861d-4ce4-9500-bb53eff77c24,39948,2022-10-18 10:52:10.628000+00:00,j7,0.0,0.0,-0.40158392869670473,0.8925395130023143,-0.8925395130023143,Normal
b0f4ef1f-861d-4ce4-9500-bb53eff77c24,39948,2022-10-18 10:52:10.628000+00:00,j8,0.0,0.0,-0.24160184644668103,0.10565214588853847,-0.10565214588853847,Normal
b0f4ef1f-861d-4ce4-9500-bb53eff77c24,39949,2022-10-18 10:52:12.628000+00:00,j1,0.0,0.0,-0.3356669120189621,0.7209836410329636,-0.7209836410329636,Normal
b0f4ef1f-861d-4ce4-9500-bb53eff77c24,39949,2022-10-18 10:52:12.628000+00:00,j2,0.0,0.0,-0.5252092255722672,3.7021186981922183,-3.7021186981922183,Normal
b0f4ef1f-861d-4ce4-9500-bb53eff77c24,39949,2022-10-18 10:52:12.628000+00:00,j3,0.0,0.0,-0.5302079500176364,2.686970398105916,-2.686970398105916,Normal
b0f4ef1f-861d-4ce4-9500-bb53eff77c24,39949,2022-10-18 10:52:12.628000+00:00,j4,0.0,0.0,-0.39382245731214677,0.6359551497892746,-0.6359551497892746,Normal
b0f4ef1f-861d-4ce4-9500-bb53eff77c24,39949,2022-10-18 10:52:12.628000+00:00,j5,0.0,0.0,-0.4544992706235773,0.9579107022201527,-0.9579107022201527,Normal
b0f4ef1f-861d-4ce4-9500-bb53eff77c24,39949,2022-10-18 10:52:12.628000+00:00,j6,0.0,0.0,-0.3301764300792632,0.6186160840668542,-0.6186160840668542,Normal
b0f4ef1f-861d-4ce4-9500-bb53eff77c24,39949,2022-10-18 10:52:12.628000+00:00,j7,0.0,0.0,-0.40158392869670473,0.8925406204395451,-0.8925406204395451,Normal
b0f4ef1f-861d-4ce4-9500-bb53eff77c24,39949,2022-10-18 10:52:12.628000+00:00,j8,0.0,0.0,-0.24160184644668103,0.10565231588831339,-0.10565231588831339,Normal
b0f4ef1f-861d-4ce4-9500-bb53eff77c24,39950,2022-10-18 10:52:14.628000+00:00,j1,0.0,0.0,-0.3356669120189621,0.7209834056872503,-0.7209834056872503,Normal
b0f4ef1f-861d-4ce4-9500-bb53eff77c24,39950,2022-10-18 10:52:14.628000+00:00,j2,0.0,0.0,-0.5252092255722672,3.702123086599053,-3.702123086599053,Normal
b0f4ef1f-861d-4ce4-9500-bb53eff77c24,39950,2022-10-18 10:52:14.628000+00:00,j3,0.0,0.0,-0.5302079500176364,2.6869692426687237,-2.6869692426687237,Normal
b0f4ef1f-861d-4ce4-9500-bb53eff77c24,39950,2022-10-18 10:52:14.628000+00:00,j4,0.0,0.0,-0.39382245731214677,0.6359559277961675,-0.6359559277961675,Normal
b0f4ef1f-861d-4ce4-9500-bb53eff77c24,39950,2022-10-18 10:52:14.628000+00:00,j5,0.0,0.0,-0.4544992706235773,0.9579108698437104,-0.9579108698437104,Normal
b0f4ef1f-861d-4ce4-9500-bb53eff77c24,39950,2022-10-18 10:52:14.628000+00:00,j6,0.0,0.0,-0.3301764300792632,0.6186170329579486,-0.6186170329579486,Normal
b0f4ef1f-861d-4ce4-9500-bb53eff77c24,39950,2022-10-18 10:52:14.628000+00:00,j7,0.0,0.0,-0.40158392869670473,0.8925417278767759,-0.8925417278767759,Normal
b0f4ef1f-861d-4ce4-9500-bb53eff77c24,39950,2022-10-18 10:52:14.628000+00:00,j8,0.0,0.0,-0.24160184644668103,0.1056524858880883,-0.1056524858880883,Normal
b0f4ef1f-861d-4ce4-9500-bb53eff77c24,39951,2022-10-18 10:52:16.628000+00:00,j1,0.0,0.0,-0.3356669120189621,0.7209831703415369,-0.7209831703415369,Normal
b0f4ef1f-861d-4ce4-9500-bb53eff77c24,39951,2022-10-18 10:52:16.628000+00:00,j2,0.0,0.0,-0.5252092255722672,3.702127475005888,-3.702127475005888,Normal
b0f4ef1f-861d-4ce4-9500-bb53eff77c24,39951,2022-10-18 10:52:16.628000+00:00,j3,0.0,0.0,-0.5302079500176364,2.6869680872315316,-2.6869680872315316,Normal
b0f4ef1f-861d-4ce4-9500-bb53eff77c24,39951,2022-10-18 10:52:16.628000+00:00,j4,0.0,0.0,-0.39382245731214677,0.6359567058030604,-0.6359567058030604,Normal
b0f4ef1f-861d-4ce4-9500-bb53eff77c24,39951,2022-10-18 10:52:16.628000+00:00,j5,0.0,0.0,-0.4544992706235773,0.9579110374672681,-0.9579110374672681,Normal
b0f4ef1f-861d-4ce4-9500-bb53eff77c24,39951,2022-10-18 10:52:16.628000+00:00,j6,0.0,0.0,-0.3301764300792632,0.6186179818490429,-0.6186179818490429,Normal
b0f4ef1f-861d-4ce4-9500-bb53eff77c24,39951,2022-10-18 10:52:16.628000+00:00,j7,0.0,0.0,-0.40158392869670473,0.8925428353140068,-0.8925428353140068,Normal
b0f4ef1f-861d-4ce4-9500-bb53eff77c24,39951,2022-10-18 10:52:16.628000+00:00,j8,0.0,0.0,-0.24160184644668103,0.10565265588786323,-0.10565265588786323,Normal
b0f4ef1f-861d-4ce4-9500-bb53eff77c24,39952,2022-10-18 10:52:18.628000+00:00,j1,0.0,0.0,-0.3356669120189621,0.7209829349958234,-0.7209829349958234,Normal
b0f4ef1f-861d-4ce4-9500-bb53eff77c24,39952,2022-10-18 10:52:18.628000+00:00,j2,0.0,0.0,-0.5252092255722672,3.7021318634127227,-3.7021318634127227,Normal
b0f4ef1f-861d-4ce4-9500-bb53eff77c24,39952,2022-10-18 10:52:18.628000+00:00,j3,0.0,0.0,-0.5302079500176364,2.6869669317943394,-2.6869669317943394,Normal
b0f4ef1f-861d-4ce4-9500-bb53eff77c24,39952,2022-10-18 10:52:18.628000+00:00,j4,0.0,0.0,-0.39382245731214677,0.6359574838099533,-0.6359574838099533,Normal
b0f4ef1f-861d-4ce4-9500-bb53eff77c24,39952,2022-10-18 10:52:18.628000+00:00,j5,0.0,0.0,-0.4544992706235773,0.9579112050908258,-0.9579112050908258,Normal
b0f4ef1f-861d-4ce4-9500-bb53eff77c24,39952,2022-10-18 10:52:18.628000+00:00,j6,0.0,0.0,-0.3301764300792632,0.6186189307401373,-0.6186189307401373,Normal
b0f4ef1f-861d-4ce4-9500-bb53eff77c24,39952,2022-10-18 10:52:18.628000+00:00,j7,0.0,0.0,-0.40158392869670473,0.8925439427512376,-0.8925439427512376,Normal
b0f4ef1f-861d-4ce4-9500-bb53eff77c24,39952,2022-10-18 10:52:18.628000+00:00,j8,0.0,0.0,-0.24160184644668103,0.10565282588763815,-0.10565282588763815,Normal
b0f4ef1f-861d-4ce4-9500-bb53eff77c24,39953,2022-10-18 10:52:20.628000+00:00,j1,0.0,0.0,-0.3356669120189621,0.7209826996501101,-0.7209826996501101,Normal
b0f4ef1f-861d-4ce4-9500-bb53eff77c24,39953,2022-10-18 10:52:20.628000+00:00,j2,0.0,0.0,-0.5252092255722672,3.7021362518195575,-3.7021362518195575,Normal
b0f4ef1f-861d-4ce4-9500-bb53eff77c24,39953,2022-10-18 10:52:20.628000+00:00,j3,0.0,0.0,-0.5302079500176364,2.6869657763571473,-2.6869657763571473,Normal
b0f4ef1f-861d-4ce4-9500-bb53eff77c24,39953,2022-10-18 10:52:20.628000+00:00,j4,0.0,0.0,-0.39382245731214677,0.6359582618168463,-0.6359582618168463,Normal
b0f4ef1f-861d-4ce4-9500-bb53eff77c24,39953,2022-10-18 10:52:20.628000+00:00,j5,0.0,0.0,-0.4544992706235773,0.9579113727143835,-0.9579113727143835,Normal
b0f4ef1f-861d-4ce4-9500-bb53eff77c24,39953,2022-10-18 10:52:20.628000+00:00,j6,0.0,0.0,-0.3301764300792632,0.6186198796312317,-0.6186198796312317,Normal
b0f4ef1f-861d-4ce4-9500-bb53eff77c24,39953,2022-10-18 10:52:20.628000+00:00,j7,0.0,0.0,-0.40158392869670473,0.8925450501884684,-0.8925450501884684,Normal
b0f4ef1f-861d-4ce4-9500-bb53eff77c24,39953,2022-10-18 10:52:20.628000+00:00,j8,0.0,0.0,-0.24160184644668103,0.10565299588741306,-0.10565299588741306,Normal
b0f4ef1f-861d-4ce4-9500-bb53eff77c24,39954,2022-10-18 10:52:22.628000+00:00,j1,0.0,0.0,-0.3356669120189621,0.7209824643043967,-0.7209824643043967,Normal
b0f4ef1f-861d-4ce4-9500-bb53eff77c24,39954,2022-10-18 10:52:22.628000+00:00,j2,0.0,0.0,-0.5252092255722672,3.7021406402263928,-3.7021406402263928,Normal
b0f4ef1f-861d-4ce4-9500-bb53eff77c24,39954,2022-10-18 10:52:22.628000+00:00,j3,0.0,0.0,-0.5302079500176364,2.686964620919955,-2.686964620919955,Normal
b0f4ef1f-861d-4ce4-9500-bb53eff77c24,39954,2022-10-18 10:52:22.628000+00:00,j4,0.0,0.0,-0.39382245731214677,0.6359590398237392,-0.6359590398237392,Normal
b0f4ef1f-861d-4ce4-9500-bb53eff77c24,39954,2022-10-18 10:52:22.628000+00:00,j5,0.0,0.0,-0.4544992706235773,0.9579115403379412,-0.9579115403379412,Normal
b0f4ef1f-861d-4ce4-9500-bb53eff77c24,39954,2022-10-18 10:52:22.628000+00:00,j6,0.0,0.0,-0.3301764300792632,0.618620828522326,-0.618620828522326,Normal
b0f4ef1f-861d-4ce4-9500-bb53eff77c24,39954,2022-10-18 10:52:22.628000+00:00,j7,0.0,0.0,-0.40158392869670473,0.8925461576256993,-0.8925461576256993,Normal
b0f4ef1f-861d-4ce4-9500-bb53eff77c24,39954,2022-10-18 10:52:22.628000+00:00,j8,0.0,0.0,-0.24160184644668103,0.10565316588718798,-0.10565316588718798,Normal
b0f4ef1f-861d-4ce4-9500-bb53eff77c24,39955,2022-10-18 10:52:24.628000+00:00,j1,0.0,0.0,-0.3356669120189621,0.7209822289586834,-0.7209822289586834,Normal
b0f4ef1f-861d-4ce4-9500-bb53eff77c24,39955,2022-10-18 10:52:24.628000+00:00,j2,0.0,0.0,-0.5252092255722672,3.7021450286332276,-3.7021450286332276,Normal
b0f4ef1f-861d-4ce4-9500-bb53eff77c24,39955,2022-10-18 10:52:24.628000+00:00,j3,0.0,0.0,-0.5302079500176364,2.6869634654827634,-2.6869634654827634,Normal
b0f4ef1f-861d-4ce4-9500-bb53eff77c24,39955,2022-10-18 10:52:24.628000+00:00,j4,0.0,0.0,-0.39382245731214677,0.6359598178306322,-0.6359598178306322,Normal
b0f4ef1f-861d-4ce4-9500-bb53eff77c24,39955,2022-10-18 10:52:24.628000+00:00,j5,0.0,0.0,-0.4544992706235773,0.957911707961499,-0.957911707961499,Normal
b0f4ef1f-861d-4ce4-9500-bb53eff77c24,39955,2022-10-18 10:52:24.628000+00:00,j6,0.0,0.0,-0.3301764300792632,0.6186217774134204,-0.6186217774134204,Normal
b0f4ef1f-861d-4ce4-9500-bb53eff77c24,39955,2022-10-18 10:52:24.628000+00:00,j7,0.0,0.0,-0.40158392869670473,0.8925472650629301,-0.8925472650629301,Normal
b0f4ef1f-861d-4ce4-9500-bb53eff77c24,39955,2022-10-18 10:52:24.628000+00:00,j8,0.0,0.0,-0.24160184644668103,0.1056533358869629,-0.1056533358869629,Normal
b0f4ef1f-861d-4ce4-9500-bb53eff77c24,39956,2022-10-18 10:52:26.628000+00:00,j1,0.0,0.0,-0.3356669120189621,0.7209819936129699,-0.7209819936129699,Normal
b0f4ef1f-861d-4ce4-9500-bb53eff77c24,39956,2022-10-18 10:52:26.628000+00:00,j2,0.0,0.0,-0.5252092255722672,3.7021494170400624,-3.7021494170400624,Normal
b0f4ef1f-861d-4ce4-9500-bb53eff77c24,39956,2022-10-18 10:52:26.628000+00:00,j3,0.0,0.0,-0.5302079500176364,2.6869623100455713,-2.6869623100455713,Normal
b0f4ef1f-861d-4ce4-9500-bb53eff77c24,39956,2022-10-18 10:52:26.628000+00:00,j4,0.0,0.0,-0.39382245731214677,0.6359605958375252,-0.6359605958375252,Normal
b0f4ef1f-861d-4ce4-9500-bb53eff77c24,39956,2022-10-18 10:52:26.628000+00:00,j5,0.0,0.0,-0.4544992706235773,0.9579118755850567,-0.9579118755850567,Normal
b0f4ef1f-861d-4ce4-9500-bb53eff77c24,39956,2022-10-18 10:52:26.628000+00:00,j6,0.0,0.0,-0.3301764300792632,0.6186227263045148,-0.6186227263045148,Normal
b0f4ef1f-861d-4ce4-9500-bb53eff77c24,39956,2022-10-18 10:52:26.628000+00:00,j7,0.0,0.0,-0.40158392869670473,0.892548372500161,-0.892548372500161,Normal
b0f4ef1f-861d-4ce4-9500-bb53eff77c24,39956,2022-10-18 10:52:26.628000+00:00,j8,0.0,0.0,-0.24160184644668103,0.10565350588673782,-0.10565350588673782,Normal
b0f4ef1f-861d-4ce4-9500-bb53eff77c24,39957,2022-10-18 10:52:28.628000+00:00,j1,0.0,0.0,-0.3356669120189621,0.7209817582672565,-0.7209817582672565,Normal
b0f4ef1f-861d-4ce4-9500-bb53eff77c24,39957,2022-10-18 10:52:28.628000+00:00,j2,0.0,0.0,-0.5252092255722672,3.702153805446897,-3.702153805446897,Normal
b0f4ef1f-861d-4ce4-9500-bb53eff77c24,39957,2022-10-18 10:52:28.628000+00:00,j3,0.0,0.0,-0.5302079500176364,2.686961154608379,-2.686961154608379,Normal
b0f4ef1f-861d-4ce4-9500-bb53eff77c24,39957,2022-10-18 10:52:28.628000+00:00,j4,0.0,0.0,-0.39382245731214677,0.6359613738444181,-0.6359613738444181,Normal
b0f4ef1f-861d-4ce4-9500-bb53eff77c24,39957,2022-10-18 10:52:28.628000+00:00,j5,0.0,0.0,-0.4544992706235773,0.9579120432086144,-0.9579120432086144,Normal
b0f4ef1f-861d-4ce4-9500-bb53eff77c24,39957,2022-10-18 10:52:28.628000+00:00,j6,0.0,0.0,-0.3301764300792632,0.6186236751956092,-0.6186236751956092,Normal
b0f4ef1f-861d-4ce4-9500-bb53eff77c24,39957,2022-10-18 10:52:28.628000+00:00,j7,0.0,0.0,-0.40158392869670473,0.8925494799373919,-0.8925494799373919,Normal
b0f4ef1f-861d-4ce4-9500-bb53eff77c24,39957,2022-10-18 10:52:28.628000+00:00,j8,0.0,0.0,-0.24160184644668103,0.10565367588651274,-0.10565367588651274,Normal
b0f4ef1f-861d-4ce4-9500-bb53eff77c24,39958,2022-10-18 10:52:30.628000+00:00,j1,0.0,0.0,-0.3356669120189621,0.7209815229215432,-0.7209815229215432,Normal
b0f4ef1f-861d-4ce4-9500-bb53eff77c24,39958,2022-10-18 10:52:30.628000+00:00,j2,0.0,0.0,-0.5252092255722672,3.702158193853732,-3.702158193853732,Normal
b0f4ef1f-861d-4ce4-9500-bb53eff77c24,39958,2022-10-18 10:52:30.628000+00:00,j3,0.0,0.0,-0.5302079500176364,2.686959999171187,-2.686959999171187,Normal
b0f4ef1f-861d-4ce4-9500-bb53eff77c24,39958,2022-10-18 10:52:30.628000+00:00,j4,0.0,0.0,-0.39382245731214677,0.635962151851311,-0.635962151851311,Normal
b0f4ef1f-861d-4ce4-9500-bb53eff77c24,39958,2022-10-18 10:52:30.628000+00:00,j5,0.0,0.0,-0.4544992706235773,0.9579122108321722,-0.9579122108321722,Normal
b0f4ef1f-861d-4ce4-9500-bb53eff77c24,39958,2022-10-18 10:52:30.628000+00:00,j6,0.0,0.0,-0.3301764300792632,0.6186246240867036,-0.6186246240867036,Normal
b0f4ef1f-861d-4ce4-9500-bb53eff77c24,39958,2022-10-18 10:52:30.628000+00:00,j7,0.0,0.0,-0.40158392869670473,0.8925505873746227,-0.8925505873746227,Normal
b0f4ef1f-861d-4ce4-9500-bb53eff77c24,39958,2022-10-18 10:52:30.628000+00:00,j8,0.0,0.0,-0.24160184644668103,0.10565384588628766,-0.10565384588628766,Normal
b0f4ef1f-861d-4ce4-9500-bb53eff77c24,39959,2022-10-18 10:52:32.628000+00:00,j1,0.0,0.0,-0.3356669120189621,0.7209812875758298,-0.7209812875758298,Normal
b0f4ef1f-861d-4ce4-9500-bb53eff77c24,39959,2022-10-18 10:52:32.628000+00:00,j2,0.0,0.0,-0.5252092255722672,3.702162582260567,-3.702162582260567,Normal
b0f4ef1f-861d-4ce4-9500-bb53eff77c24,39959,2022-10-18 10:52:32.628000+00:00,j3,0.0,0.0,-0.5302079500176364,2.686958843733995,-2.686958843733995,Normal
b0f4ef1f-861d-4ce4-9500-bb53eff77c24,39959,2022-10-18 10:52:32.628000+00:00,j4,0.0,0.0,-0.39382245731214677,0.635962929858204,-0.635962929858204,Normal
b0f4ef1f-861d-4ce4-9500-bb53eff77c24,39959,2022-10-18 10:52:32.628000+00:00,j5,0.0,0.0,-0.4544992706235773,0.9579123784557299,-0.9579123784557299,Normal
b0f4ef1f-861d-4ce4-9500-bb53eff77c24,39959,2022-10-18 10:52:32.628000+00:00,j6,0.0,0.0,-0.3301764300792632,0.618625572977798,-0.618625572977798,Normal
b0f4ef1f-861d-4ce4-9500-bb53eff77c24,39959,2022-10-18 10:52:32.628000+00:00,j7,0.0,0.0,-0.40158392869670473,0.8925516948118535,-0.8925516948118535,Normal
b0f4ef1f-861d-4ce4-9500-bb53eff77c24,39959,2022-10-18 10:52:32.628000+00:00,j8,0.0,0.0,-0.24160184644668103,0.10565401588606257,-0.10565401588606257,Normal
b0f4ef1f-861d-4ce4-9500-bb53eff77c24,39960,2022-10-18 10:52:34.628000+00:00,j1,0.0,0.0,-0.3356669120189621,0.7209810522301164,-0.7209810522301164,Normal
b0f4ef1f-861d-4ce4-9500-bb53eff77c24,39960,2022-10-18 10:52:34.628000+00:00,j2,0.0,0.0,-0.5252092255722672,3.7021669706674016,-3.7021669706674016,Normal
b0f4ef1f-861d-4ce4-9500-bb53eff77c24,39960,2022-10-18 10:52:34.628000+00:00,j3,0.0,0.0,-0.5302079500176364,2.6869576882968027,-2.6869576882968027,Normal
b0f4ef1f-861d-4ce4-9500-bb53eff77c24,39960,2022-10-18 10:52:34.628000+00:00,j4,0.0,0.0,-0.39382245731214677,0.6359637078650969,-0.6359637078650969,Normal
b0f4ef1f-861d-4ce4-9500-bb53eff77c24,39960,2022-10-18 10:52:34.628000+00:00,j5,0.0,0.0,-0.4544992706235773,0.9579125460792877,-0.9579125460792877,Normal
b0f4ef1f-861d-4ce4-9500-bb53eff77c24,39960,2022-10-18 10:52:34.628000+00:00,j6,0.0,0.0,-0.3301764300792632,0.6186265218688923,-0.6186265218688923,Normal
b0f4ef1f-861d-4ce4-9500-bb53eff77c24,39960,2022-10-18 10:52:34.628000+00:00,j7,0.0,0.0,-0.40158392869670473,0.8925528022490843,-0.8925528022490843,Normal
b0f4ef1f-861d-4ce4-9500-bb53eff77c24,39960,2022-10-18 10:52:34.628000+00:00,j8,0.0,0.0,-0.24160184644668103,0.1056541858858375,-0.1056541858858375,Normal
b0f4ef1f-861d-4ce4-9500-bb53eff77c24,39961,2022-10-18 10:52:36.628000+00:00,j1,0.0,0.0,-0.3356669120189621,0.720980816884403,-0.720980816884403,Normal
b0f4ef1f-861d-4ce4-9500-bb53eff77c24,39961,2022-10-18 10:52:36.628000+00:00,j2,0.0,0.0,-0.5252092255722672,3.7021713590742364,-3.7021713590742364,Normal
b0f4ef1f-861d-4ce4-9500-bb53eff77c24,39961,2022-10-18 10:52:36.628000+00:00,j3,0.0,0.0,-0.5302079500176364,2.686956532859611,-2.686956532859611,Normal
b0f4ef1f-861d-4ce4-9500-bb53eff77c24,39961,2022-10-18 10:52:36.628000+00:00,j4,0.0,0.0,-0.39382245731214677,0.6359644858719898,-0.6359644858719898,Normal
b0f4ef1f-861d-4ce4-9500-bb53eff77c24,39961,2022-10-18 10:52:36.628000+00:00,j5,0.0,0.0,-0.4544992706235773,0.9579127137028454,-0.9579127137028454,Normal
b0f4ef1f-861d-4ce4-9500-bb53eff77c24,39961,2022-10-18 10:52:36.628000+00:00,j6,0.0,0.0,-0.3301764300792632,0.6186274707599867,-0.6186274707599867,Normal
b0f4ef1f-861d-4ce4-9500-bb53eff77c24,39961,2022-10-18 10:52:36.628000+00:00,j7,0.0,0.0,-0.40158392869670473,0.8925539096863152,-0.8925539096863152,Normal
b0f4ef1f-861d-4ce4-9500-bb53eff77c24,39961,2022-10-18 10:52:36.628000+00:00,j8,0.0,0.0,-0.24160184644668103,0.10565435588561242,-0.10565435588561242,Normal
b0f4ef1f-861d-4ce4-9500-bb53eff77c24,39962,2022-10-18 10:52:38.628000+00:00,j1,0.0,0.0,-0.3356669120189621,0.7209805815386896,-0.7209805815386896,Normal
b0f4ef1f-861d-4ce4-9500-bb53eff77c24,39962,2022-10-18 10:52:38.628000+00:00,j2,0.0,0.0,-0.5252092255722672,3.7021757474810713,-3.7021757474810713,Normal
b0f4ef1f-861d-4ce4-9500-bb53eff77c24,39962,2022-10-18 10:52:38.628000+00:00,j3,0.0,0.0,-0.5302079500176364,2.686955377422419,-2.686955377422419,Normal
b0f4ef1f-861d-4ce4-9500-bb53eff77c24,39962,2022-10-18 10:52:38.628000+00:00,j4,0.0,0.0,-0.39382245731214677,0.6359652638788829,-0.6359652638788829,Normal
b0f4ef1f-861d-4ce4-9500-bb53eff77c24,39962,2022-10-18 10:52:38.628000+00:00,j5,0.0,0.0,-0.4544992706235773,0.9579128813264031,-0.9579128813264031,Normal
b0f4ef1f-861d-4ce4-9500-bb53eff77c24,39962,2022-10-18 10:52:38.628000+00:00,j6,0.0,0.0,-0.3301764300792632,0.6186284196510811,-0.6186284196510811,Normal
b0f4ef1f-861d-4ce4-9500-bb53eff77c24,39962,2022-10-18 10:52:38.628000+00:00,j7,0.0,0.0,-0.40158392869670473,0.892555017123546,-0.892555017123546,Normal
b0f4ef1f-861d-4ce4-9500-bb53eff77c24,39962,2022-10-18 10:52:38.628000+00:00,j8,0.0,0.0,-0.24160184644668103,0.10565452588538733,-0.10565452588538733,Normal
b0f4ef1f-861d-4ce4-9500-bb53eff77c24,39963,2022-10-18 10:52:40.628000+00:00,j1,0.0,0.0,-0.3356669120189621,0.7209803461929762,-0.7209803461929762,Normal
b0f4ef1f-861d-4ce4-9500-bb53eff77c24,39963,2022-10-18 10:52:40.628000+00:00,j2,0.0,0.0,-0.5252092255722672,3.7021801358879065,-3.7021801358879065,Normal
b0f4ef1f-861d-4ce4-9500-bb53eff77c24,39963,2022-10-18 10:52:40.628000+00:00,j3,0.0,0.0,-0.5302079500176364,2.6869542219852267,-2.6869542219852267,Normal
b0f4ef1f-861d-4ce4-9500-bb53eff77c24,39963,2022-10-18 10:52:40.628000+00:00,j4,0.0,0.0,-0.39382245731214677,0.6359660418857758,-0.6359660418857758,Normal
b0f4ef1f-861d-4ce4-9500-bb53eff77c24,39963,2022-10-18 10:52:40.628000+00:00,j5,0.0,0.0,-0.4544992706235773,0.9579130489499608,-0.9579130489499608,Normal
b0f4ef1f-861d-4ce4-9500-bb53eff77c24,39963,2022-10-18 10:52:40.628000+00:00,j6,0.0,0.0,-0.3301764300792632,0.6186293685421754,-0.6186293685421754,Normal
b0f4ef1f-861d-4ce4-9500-bb53eff77c24,39963,2022-10-18 10:52:40.628000+00:00,j7,0.0,0.0,-0.40158392869670473,0.8925561245607768,-0.8925561245607768,Normal
b0f4ef1f-861d-4ce4-9500-bb53eff77c24,39963,2022-10-18 10:52:40.628000+00:00,j8,0.0,0.0,-0.24160184644668103,0.10565469588516226,-0.10565469588516226,Normal
b0f4ef1f-861d-4ce4-9500-bb53eff77c24,39964,2022-10-18 10:52:42.628000+00:00,j1,0.0,0.0,-0.3356669120189621,0.7209801108472629,-0.7209801108472629,Normal
b0f4ef1f-861d-4ce4-9500-bb53eff77c24,39964,2022-10-18 10:52:42.628000+00:00,j2,0.0,0.0,-0.5252092255722672,3.7021845242947413,-3.7021845242947413,Normal
b0f4ef1f-861d-4ce4-9500-bb53eff77c24,39964,2022-10-18 10:52:42.628000+00:00,j3,0.0,0.0,-0.5302079500176364,2.6869530665480346,-2.6869530665480346,Normal
b0f4ef1f-861d-4ce4-9500-bb53eff77c24,39964,2022-10-18 10:52:42.628000+00:00,j4,0.0,0.0,-0.39382245731214677,0.6359668198926687,-0.6359668198926687,Normal
b0f4ef1f-861d-4ce4-9500-bb53eff77c24,39964,2022-10-18 10:52:42.628000+00:00,j5,0.0,0.0,-0.4544992706235773,0.9579132165735185,-0.9579132165735185,Normal
b0f4ef1f-861d-4ce4-9500-bb53eff77c24,39964,2022-10-18 10:52:42.628000+00:00,j6,0.0,0.0,-0.3301764300792632,0.6186303174332699,-0.6186303174332699,Normal
b0f4ef1f-861d-4ce4-9500-bb53eff77c24,39964,2022-10-18 10:52:42.628000+00:00,j7,0.0,0.0,-0.40158392869670473,0.8925572319980077,-0.8925572319980077,Normal
b0f4ef1f-861d-4ce4-9500-bb53eff77c24,39964,2022-10-18 10:52:42.628000+00:00,j8,0.0,0.0,-0.24160184644668103,0.10565486588493718,-0.10565486588493718,Normal
b0f4ef1f-861d-4ce4-9500-bb53eff77c24,39965,2022-10-18 10:52:44.628000+00:00,j1,0.0,0.0,-0.3356669120189621,0.7209798755015495,-0.7209798755015495,Normal
b0f4ef1f-861d-4ce4-9500-bb53eff77c24,39965,2022-10-18 10:52:44.628000+00:00,j2,0.0,0.0,-0.5252092255722672,3.702188912701576,-3.702188912701576,Normal
b0f4ef1f-861d-4ce4-9500-bb53eff77c24,39965,2022-10-18 10:52:44.628000+00:00,j3,0.0,0.0,-0.5302079500176364,2.6869519111108424,-2.6869519111108424,Normal
b0f4ef1f-861d-4ce4-9500-bb53eff77c24,39965,2022-10-18 10:52:44.628000+00:00,j4,0.0,0.0,-0.39382245731214677,0.6359675978995617,-0.6359675978995617,Normal
b0f4ef1f-861d-4ce4-9500-bb53eff77c24,39965,2022-10-18 10:52:44.628000+00:00,j5,0.0,0.0,-0.4544992706235773,0.9579133841970762,-0.9579133841970762,Normal
b0f4ef1f-861d-4ce4-9500-bb53eff77c24,39965,2022-10-18 10:52:44.628000+00:00,j6,0.0,0.0,-0.3301764300792632,0.6186312663243643,-0.6186312663243643,Normal
b0f4ef1f-861d-4ce4-9500-bb53eff77c24,39965,2022-10-18 10:52:44.628000+00:00,j7,0.0,0.0,-0.40158392869670473,0.8925583394352385,-0.8925583394352385,Normal
b0f4ef1f-861d-4ce4-9500-bb53eff77c24,39965,2022-10-18 10:52:44.628000+00:00,j8,0.0,0.0,-0.24160184644668103,0.10565503588471209,-0.10565503588471209,Normal
b0f4ef1f-861d-4ce4-9500-bb53eff77c24,39966,2022-10-18 10:52:46.628000+00:00,j1,0.0,0.0,-0.3356669120189621,0.720979640155836,-0.720979640155836,Normal
b0f4ef1f-861d-4ce4-9500-bb53eff77c24,39966,2022-10-18 10:52:46.628000+00:00,j2,0.0,0.0,-0.5252092255722672,3.702193301108411,-3.702193301108411,Normal
b0f4ef1f-861d-4ce4-9500-bb53eff77c24,39966,2022-10-18 10:52:46.628000+00:00,j3,0.0,0.0,-0.5302079500176364,2.6869507556736503,-2.6869507556736503,Normal
b0f4ef1f-861d-4ce4-9500-bb53eff77c24,39966,2022-10-18 10:52:46.628000+00:00,j4,0.0,0.0,-0.39382245731214677,0.6359683759064546,-0.6359683759064546,Normal
b0f4ef1f-861d-4ce4-9500-bb53eff77c24,39966,2022-10-18 10:52:46.628000+00:00,j5,0.0,0.0,-0.4544992706235773,0.957913551820634,-0.957913551820634,Normal
b0f4ef1f-861d-4ce4-9500-bb53eff77c24,39966,2022-10-18 10:52:46.628000+00:00,j6,0.0,0.0,-0.3301764300792632,0.6186322152154586,-0.6186322152154586,Normal
b0f4ef1f-861d-4ce4-9500-bb53eff77c24,39966,2022-10-18 10:52:46.628000+00:00,j7,0.0,0.0,-0.40158392869670473,0.8925594468724694,-0.8925594468724694,Normal
b0f4ef1f-861d-4ce4-9500-bb53eff77c24,39966,2022-10-18 10:52:46.628000+00:00,j8,0.0,0.0,-0.24160184644668103,0.10565520588448701,-0.10565520588448701,Normal
b0f4ef1f-861d-4ce4-9500-bb53eff77c24,39967,2022-10-18 10:52:48.628000+00:00,j1,0.0,0.0,-0.3356669120189621,0.7209794048101227,-0.7209794048101227,Normal
b0f4ef1f-861d-4ce4-9500-bb53eff77c24,39967,2022-10-18 10:52:48.628000+00:00,j2,0.0,0.0,-0.5252092255722672,3.7021976895152457,-3.7021976895152457,Normal
b0f4ef1f-861d-4ce4-9500-bb53eff77c24,39967,2022-10-18 10:52:48.628000+00:00,j3,0.0,0.0,-0.5302079500176364,2.6869496002364586,-2.6869496002364586,Normal
b0f4ef1f-861d-4ce4-9500-bb53eff77c24,39967,2022-10-18 10:52:48.628000+00:00,j4,0.0,0.0,-0.39382245731214677,0.6359691539133475,-0.6359691539133475,Normal
b0f4ef1f-861d-4ce4-9500-bb53eff77c24,39967,2022-10-18 10:52:48.628000+00:00,j5,0.0,0.0,-0.4544992706235773,0.9579137194441917,-0.9579137194441917,Normal
b0f4ef1f-861d-4ce4-9500-bb53eff77c24,39967,2022-10-18 10:52:48.628000+00:00,j6,0.0,0.0,-0.3301764300792632,0.618633164106553,-0.618633164106553,Normal
b0f4ef1f-861d-4ce4-9500-bb53eff77c24,39967,2022-10-18 10:52:48.628000+00:00,j7,0.0,0.0,-0.40158392869670473,0.8925605543097002,-0.8925605543097002,Normal
b0f4ef1f-861d-4ce4-9500-bb53eff77c24,39967,2022-10-18 10:52:48.628000+00:00,j8,0.0,0.0,-0.24160184644668103,0.10565537588426194,-0.10565537588426194,Normal
b0f4ef1f-861d-4ce4-9500-bb53eff77c24,39968,2022-10-18 10:52:50.628000+00:00,j1,0.0,0.0,-0.3356669120189621,0.7209791694644093,-0.7209791694644093,Normal
b0f4ef1f-861d-4ce4-9500-bb53eff77c24,39968,2022-10-18 10:52:50.628000+00:00,j2,0.0,0.0,-0.5252092255722672,3.7022020779220806,-3.7022020779220806,Normal
b0f4ef1f-861d-4ce4-9500-bb53eff77c24,39968,2022-10-18 10:52:50.628000+00:00,j3,0.0,0.0,-0.5302079500176364,2.6869484447992664,-2.6869484447992664,Normal
b0f4ef1f-861d-4ce4-9500-bb53eff77c24,39968,2022-10-18 10:52:50.628000+00:00,j4,0.0,0.0,-0.39382245731214677,0.6359699319202405,-0.6359699319202405,Normal
b0f4ef1f-861d-4ce4-9500-bb53eff77c24,39968,2022-10-18 10:52:50.628000+00:00,j5,0.0,0.0,-0.4544992706235773,0.9579138870677494,-0.9579138870677494,Normal
b0f4ef1f-861d-4ce4-9500-bb53eff77c24,39968,2022-10-18 10:52:50.628000+00:00,j6,0.0,0.0,-0.3301764300792632,0.6186341129976474,-0.6186341129976474,Normal
b0f4ef1f-861d-4ce4-9500-bb53eff77c24,39968,2022-10-18 10:52:50.628000+00:00,j7,0.0,0.0,-0.40158392869670473,0.8925616617469311,-0.8925616617469311,Normal
b0f4ef1f-861d-4ce4-9500-bb53eff77c24,39968,2022-10-18 10:52:50.628000+00:00,j8,0.0,0.0,-0.24160184644668103,0.10565554588403685,-0.10565554588403685,Normal
b0f4ef1f-861d-4ce4-9500-bb53eff77c24,39969,2022-10-18 10:52:52.628000+00:00,j1,0.0,0.0,-0.3356669120189621,0.720978934118696,-0.720978934118696,Normal
b0f4ef1f-861d-4ce4-9500-bb53eff77c24,39969,2022-10-18 10:52:52.628000+00:00,j2,0.0,0.0,-0.5252092255722672,3.7022064663289154,-3.7022064663289154,Normal
b0f4ef1f-861d-4ce4-9500-bb53eff77c24,39969,2022-10-18 10:52:52.628000+00:00,j3,0.0,0.0,-0.5302079500176364,2.6869472893620743,-2.6869472893620743,Normal
b0f4ef1f-861d-4ce4-9500-bb53eff77c24,39969,2022-10-18 10:52:52.628000+00:00,j4,0.0,0.0,-0.39382245731214677,0.6359707099271334,-0.6359707099271334,Normal
b0f4ef1f-861d-4ce4-9500-bb53eff77c24,39969,2022-10-18 10:52:52.628000+00:00,j5,0.0,0.0,-0.4544992706235773,0.9579140546913071,-0.9579140546913071,Normal
b0f4ef1f-861d-4ce4-9500-bb53eff77c24,39969,2022-10-18 10:52:52.628000+00:00,j6,0.0,0.0,-0.3301764300792632,0.6186350618887417,-0.6186350618887417,Normal
b0f4ef1f-861d-4ce4-9500-bb53eff77c24,39969,2022-10-18 10:52:52.628000+00:00,j7,0.0,0.0,-0.40158392869670473,0.8925627691841619,-0.8925627691841619,Normal
b0f4ef1f-861d-4ce4-9500-bb53eff77c24,39969,2022-10-18 10:52:52.628000+00:00,j8,0.0,0.0,-0.24160184644668103,0.10565571588381177,-0.10565571588381177,Normal
b0f4ef1f-861d-4ce4-9500-bb53eff77c24,39970,2022-10-18 10:52:54.628000+00:00,j1,0.0,0.0,-0.3356669120189621,0.7209786987729825,-0.7209786987729825,Normal
b0f4ef1f-861d-4ce4-9500-bb53eff77c24,39970,2022-10-18 10:52:54.628000+00:00,j2,0.0,0.0,-0.5252092255722672,3.70221085473575,-3.70221085473575,Normal
b0f4ef1f-861d-4ce4-9500-bb53eff77c24,39970,2022-10-18 10:52:54.628000+00:00,j3,0.0,0.0,-0.5302079500176364,2.686946133924882,-2.686946133924882,Normal
b0f4ef1f-861d-4ce4-9500-bb53eff77c24,39970,2022-10-18 10:52:54.628000+00:00,j4,0.0,0.0,-0.39382245731214677,0.6359714879340264,-0.6359714879340264,Normal
b0f4ef1f-861d-4ce4-9500-bb53eff77c24,39970,2022-10-18 10:52:54.628000+00:00,j5,0.0,0.0,-0.4544992706235773,0.9579142223148648,-0.9579142223148648,Normal
b0f4ef1f-861d-4ce4-9500-bb53eff77c24,39970,2022-10-18 10:52:54.628000+00:00,j6,0.0,0.0,-0.3301764300792632,0.6186360107798361,-0.6186360107798361,Normal
b0f4ef1f-861d-4ce4-9500-bb53eff77c24,39970,2022-10-18 10:52:54.628000+00:00,j7,0.0,0.0,-0.40158392869670473,0.8925638766213927,-0.8925638766213927,Normal
b0f4ef1f-861d-4ce4-9500-bb53eff77c24,39970,2022-10-18 10:52:54.628000+00:00,j8,0.0,0.0,-0.24160184644668103,0.1056558858835867,-0.1056558858835867,Normal
b0f4ef1f-861d-4ce4-9500-bb53eff77c24,39971,2022-10-18 10:52:56.628000+00:00,j1,0.0,0.0,-0.3356669120189621,0.7209784634272691,-0.7209784634272691,Normal
b0f4ef1f-861d-4ce4-9500-bb53eff77c24,39971,2022-10-18 10:52:56.628000+00:00,j2,0.0,0.0,-0.5252092255722672,3.702215243142585,-3.702215243142585,Normal
b0f4ef1f-861d-4ce4-9500-bb53eff77c24,39971,2022-10-18 10:52:56.628000+00:00,j3,0.0,0.0,-0.5302079500176364,2.68694497848769,-2.68694497848769,Normal
b0f4ef1f-861d-4ce4-9500-bb53eff77c24,39971,2022-10-18 10:52:56.628000+00:00,j4,0.0,0.0,-0.39382245731214677,0.6359722659409194,-0.6359722659409194,Normal
b0f4ef1f-861d-4ce4-9500-bb53eff77c24,39971,2022-10-18 10:52:56.628000+00:00,j5,0.0,0.0,-0.4544992706235773,0.9579143899384226,-0.9579143899384226,Normal
b0f4ef1f-861d-4ce4-9500-bb53eff77c24,39971,2022-10-18 10:52:56.628000+00:00,j6,0.0,0.0,-0.3301764300792632,0.6186369596709306,-0.6186369596709306,Normal
b0f4ef1f-861d-4ce4-9500-bb53eff77c24,39971,2022-10-18 10:52:56.628000+00:00,j7,0.0,0.0,-0.40158392869670473,0.8925649840586236,-0.8925649840586236,Normal
b0f4ef1f-861d-4ce4-9500-bb53eff77c24,39971,2022-10-18 10:52:56.628000+00:00,j8,0.0,0.0,-0.24160184644668103,0.1056560558833616,-0.1056560558833616,Normal
b0f4ef1f-861d-4ce4-9500-bb53eff77c24,39972,2022-10-18 10:52:58.628000+00:00,j1,0.0,0.0,-0.3356669120189621,0.7209782280815558,-0.7209782280815558,Normal
b0f4ef1f-861d-4ce4-9500-bb53eff77c24,39972,2022-10-18 10:52:58.628000+00:00,j2,0.0,0.0,-0.5252092255722672,3.7022196315494202,-3.7022196315494202,Normal
b0f4ef1f-861d-4ce4-9500-bb53eff77c24,39972,2022-10-18 10:52:58.628000+00:00,j3,0.0,0.0,-0.5302079500176364,2.686943823050498,-2.686943823050498,Normal
b0f4ef1f-861d-4ce4-9500-bb53eff77c24,39972,2022-10-18 10:52:58.628000+00:00,j4,0.0,0.0,-0.39382245731214677,0.6359730439478123,-0.6359730439478123,Normal
b0f4ef1f-861d-4ce4-9500-bb53eff77c24,39972,2022-10-18 10:52:58.628000+00:00,j5,0.0,0.0,-0.4544992706235773,0.9579145575619803,-0.9579145575619803,Normal
b0f4ef1f-861d-4ce4-9500-bb53eff77c24,39972,2022-10-18 10:52:58.628000+00:00,j6,0.0,0.0,-0.3301764300792632,0.6186379085620249,-0.6186379085620249,Normal
b0f4ef1f-861d-4ce4-9500-bb53eff77c24,39972,2022-10-18 10:52:58.628000+00:00,j7,0.0,0.0,-0.40158392869670473,0.8925660914958544,-0.8925660914958544,Normal
b0f4ef1f-861d-4ce4-9500-bb53eff77c24,39972,2022-10-18 10:52:58.628000+00:00,j8,0.0,0.0,-0.24160184644668103,0.10565622588313653,-0.10565622588313653,Normal
b0f4ef1f-861d-4ce4-9500-bb53eff77c24,39973,2022-10-18 10:53:00.628000+00:00,j1,0.0,0.0,-0.3356669120189621,0.7209779927358424,-0.7209779927358424,Normal
b0f4ef1f-861d-4ce4-9500-bb53eff77c24,39973,2022-10-18 10:53:00.628000+00:00,j2,0.0,0.0,-0.5252092255722672,3.702224019956255,-3.702224019956255,Normal
b0f4ef1f-861d-4ce4-9500-bb53eff77c24,39973,2022-10-18 10:53:00.628000+00:00,j3,0.0,0.0,-0.5302079500176364,2.6869426676133057,-2.6869426676133057,Normal
b0f4ef1f-861d-4ce4-9500-bb53eff77c24,39973,2022-10-18 10:53:00.628000+00:00,j4,0.0,0.0,-0.39382245731214677,0.6359738219547052,-0.6359738219547052,Normal
b0f4ef1f-861d-4ce4-9500-bb53eff77c24,39973,2022-10-18 10:53:00.628000+00:00,j5,0.0,0.0,-0.4544992706235773,0.957914725185538,-0.957914725185538,Normal
b0f4ef1f-861d-4ce4-9500-bb53eff77c24,39973,2022-10-18 10:53:00.628000+00:00,j6,0.0,0.0,-0.3301764300792632,0.6186388574531193,-0.6186388574531193,Normal
b0f4ef1f-861d-4ce4-9500-bb53eff77c24,39973,2022-10-18 10:53:00.628000+00:00,j7,0.0,0.0,-0.40158392869670473,0.8925671989330852,-0.8925671989330852,Normal
b0f4ef1f-861d-4ce4-9500-bb53eff77c24,39973,2022-10-18 10:53:00.628000+00:00,j8,0.0,0.0,-0.24160184644668103,0.10565639588291145,-0.10565639588291145,Normal
b0f4ef1f-861d-4ce4-9500-bb53eff77c24,39974,2022-10-18 10:53:02.628000+00:00,j1,0.0,0.0,-0.3356669120189621,0.720977757390129,-0.720977757390129,Normal
b0f4ef1f-861d-4ce4-9500-bb53eff77c24,39974,2022-10-18 10:53:02.628000+00:00,j2,0.0,0.0,-0.5252092255722672,3.70222840836309,-3.70222840836309,Normal
b0f4ef1f-861d-4ce4-9500-bb53eff77c24,39974,2022-10-18 10:53:02.628000+00:00,j3,0.0,0.0,-0.5302079500176364,2.686941512176114,-2.686941512176114,Normal
b0f4ef1f-861d-4ce4-9500-bb53eff77c24,39974,2022-10-18 10:53:02.628000+00:00,j4,0.0,0.0,-0.39382245731214677,0.6359745999615982,-0.6359745999615982,Normal
b0f4ef1f-861d-4ce4-9500-bb53eff77c24,39974,2022-10-18 10:53:02.628000+00:00,j5,0.0,0.0,-0.4544992706235773,0.9579148928090957,-0.9579148928090957,Normal
b0f4ef1f-861d-4ce4-9500-bb53eff77c24,39974,2022-10-18 10:53:02.628000+00:00,j6,0.0,0.0,-0.3301764300792632,0.6186398063442137,-0.6186398063442137,Normal
b0f4ef1f-861d-4ce4-9500-bb53eff77c24,39974,2022-10-18 10:53:02.628000+00:00,j7,0.0,0.0,-0.40158392869670473,0.8925683063703161,-0.8925683063703161,Normal
b0f4ef1f-861d-4ce4-9500-bb53eff77c24,39974,2022-10-18 10:53:02.628000+00:00,j8,0.0,0.0,-0.24160184644668103,0.10565656588268636,-0.10565656588268636,Normal
b0f4ef1f-861d-4ce4-9500-bb53eff77c24,39975,2022-10-18 10:53:04.628000+00:00,j1,0.0,0.0,-0.3356669120189621,0.7209775220444156,-0.7209775220444156,Normal
b0f4ef1f-861d-4ce4-9500-bb53eff77c24,39975,2022-10-18 10:53:04.628000+00:00,j2,0.0,0.0,-0.5252092255722672,3.7022327967699247,-3.7022327967699247,Normal
b0f4ef1f-861d-4ce4-9500-bb53eff77c24,39975,2022-10-18 10:53:04.628000+00:00,j3,0.0,0.0,-0.5302079500176364,2.686940356738922,-2.686940356738922,Normal
b0f4ef1f-861d-4ce4-9500-bb53eff77c24,39975,2022-10-18 10:53:04.628000+00:00,j4,0.0,0.0,-0.39382245731214677,0.6359753779684911,-0.6359753779684911,Normal
b0f4ef1f-861d-4ce4-9500-bb53eff77c24,39975,2022-10-18 10:53:04.628000+00:00,j5,0.0,0.0,-0.4544992706235773,0.9579150604326534,-0.9579150604326534,Normal
b0f4ef1f-861d-4ce4-9500-bb53eff77c24,39975,2022-10-18 10:53:04.628000+00:00,j6,0.0,0.0,-0.3301764300792632,0.618640755235308,-0.618640755235308,Normal
b0f4ef1f-861d-4ce4-9500-bb53eff77c24,39975,2022-10-18 10:53:04.628000+00:00,j7,0.0,0.0,-0.40158392869670473,0.892569413807547,-0.892569413807547,Normal
b0f4ef1f-861d-4ce4-9500-bb53eff77c24,39975,2022-10-18 10:53:04.628000+00:00,j8,0.0,0.0,-0.24160184644668103,0.10565673588246129,-0.10565673588246129,Normal
b0f4ef1f-861d-4ce4-9500-bb53eff77c24,39976,2022-10-18 10:53:06.628000+00:00,j1,0.0,0.0,-0.3356669120189621,0.7209772866987022,-0.7209772866987022,Normal
b0f4ef1f-861d-4ce4-9500-bb53eff77c24,39976,2022-10-18 10:53:06.628000+00:00,j2,0.0,0.0,-0.5252092255722672,3.7022371851767595,-3.7022371851767595,Normal
b0f4ef1f-861d-4ce4-9500-bb53eff77c24,39976,2022-10-18 10:53:06.628000+00:00,j3,0.0,0.0,-0.5302079500176364,2.6869392013017297,-2.6869392013017297,Normal
b0f4ef1f-861d-4ce4-9500-bb53eff77c24,39976,2022-10-18 10:53:06.628000+00:00,j4,0.0,0.0,-0.39382245731214677,0.635976155975384,-0.635976155975384,Normal
b0f4ef1f-861d-4ce4-9500-bb53eff77c24,39976,2022-10-18 10:53:06.628000+00:00,j5,0.0,0.0,-0.4544992706235773,0.9579152280562111,-0.9579152280562111,Normal
b0f4ef1f-861d-4ce4-9500-bb53eff77c24,39976,2022-10-18 10:53:06.628000+00:00,j6,0.0,0.0,-0.3301764300792632,0.6186417041264024,-0.6186417041264024,Normal
b0f4ef1f-861d-4ce4-9500-bb53eff77c24,39976,2022-10-18 10:53:06.628000+00:00,j7,0.0,0.0,-0.40158392869670473,0.8925705212447778,-0.8925705212447778,Normal
b0f4ef1f-861d-4ce4-9500-bb53eff77c24,39976,2022-10-18 10:53:06.628000+00:00,j8,0.0,0.0,-0.24160184644668103,0.10565690588223621,-0.10565690588223621,Normal
b0f4ef1f-861d-4ce4-9500-bb53eff77c24,39977,2022-10-18 10:53:08.628000+00:00,j1,0.0,0.0,-0.3356669120189621,0.7209770513529888,-0.7209770513529888,Normal
b0f4ef1f-861d-4ce4-9500-bb53eff77c24,39977,2022-10-18 10:53:08.628000+00:00,j2,0.0,0.0,-0.5252092255722672,3.7022415735835943,-3.7022415735835943,Normal
b0f4ef1f-861d-4ce4-9500-bb53eff77c24,39977,2022-10-18 10:53:08.628000+00:00,j3,0.0,0.0,-0.5302079500176364,2.6869380458645375,-2.6869380458645375,Normal
b0f4ef1f-861d-4ce4-9500-bb53eff77c24,39977,2022-10-18 10:53:08.628000+00:00,j4,0.0,0.0,-0.39382245731214677,0.635976933982277,-0.635976933982277,Normal
b0f4ef1f-861d-4ce4-9500-bb53eff77c24,39977,2022-10-18 10:53:08.628000+00:00,j5,0.0,0.0,-0.4544992706235773,0.9579153956797689,-0.9579153956797689,Normal
b0f4ef1f-861d-4ce4-9500-bb53eff77c24,39977,2022-10-18 10:53:08.628000+00:00,j6,0.0,0.0,-0.3301764300792632,0.6186426530174968,-0.6186426530174968,Normal
b0f4ef1f-861d-4ce4-9500-bb53eff77c24,39977,2022-10-18 10:53:08.628000+00:00,j7,0.0,0.0,-0.40158392869670473,0.8925716286820087,-0.8925716286820087,Normal
b0f4ef1f-861d-4ce4-9500-bb53eff77c24,39977,2022-10-18 10:53:08.628000+00:00,j8,0.0,0.0,-0.24160184644668103,0.10565707588201112,-0.10565707588201112,Normal
b0f4ef1f-861d-4ce4-9500-bb53eff77c24,39978,2022-10-18 10:53:10.628000+00:00,j1,0.0,0.0,-0.3356669120189621,0.7209768160072755,-0.7209768160072755,Normal
b0f4ef1f-861d-4ce4-9500-bb53eff77c24,39978,2022-10-18 10:53:10.628000+00:00,j2,0.0,0.0,-0.5252092255722672,3.702245961990429,-3.702245961990429,Normal
b0f4ef1f-861d-4ce4-9500-bb53eff77c24,39978,2022-10-18 10:53:10.628000+00:00,j3,0.0,0.0,-0.5302079500176364,2.6869368904273454,-2.6869368904273454,Normal
b0f4ef1f-861d-4ce4-9500-bb53eff77c24,39978,2022-10-18 10:53:10.628000+00:00,j4,0.0,0.0,-0.39382245731214677,0.63597771198917,-0.63597771198917,Normal
b0f4ef1f-861d-4ce4-9500-bb53eff77c24,39978,2022-10-18 10:53:10.628000+00:00,j5,0.0,0.0,-0.4544992706235773,0.9579155633033266,-0.9579155633033266,Normal
b0f4ef1f-861d-4ce4-9500-bb53eff77c24,39978,2022-10-18 10:53:10.628000+00:00,j6,0.0,0.0,-0.3301764300792632,0.6186436019085912,-0.6186436019085912,Normal
b0f4ef1f-861d-4ce4-9500-bb53eff77c24,39978,2022-10-18 10:53:10.628000+00:00,j7,0.0,0.0,-0.40158392869670473,0.8925727361192395,-0.8925727361192395,Normal
b0f4ef1f-861d-4ce4-9500-bb53eff77c24,39978,2022-10-18 10:53:10.628000+00:00,j8,0.0,0.0,-0.24160184644668103,0.10565724588178604,-0.10565724588178604,Normal
b0f4ef1f-861d-4ce4-9500-bb53eff77c24,39979,2022-10-18 10:53:12.628000+00:00,j1,0.0,0.0,-0.3356669120189621,0.7209765806615621,-0.7209765806615621,Normal
b0f4ef1f-861d-4ce4-9500-bb53eff77c24,39979,2022-10-18 10:53:12.628000+00:00,j2,0.0,0.0,-0.5252092255722672,3.702250350397264,-3.702250350397264,Normal
b0f4ef1f-861d-4ce4-9500-bb53eff77c24,39979,2022-10-18 10:53:12.628000+00:00,j3,0.0,0.0,-0.5302079500176364,2.6869357349901533,-2.6869357349901533,Normal
b0f4ef1f-861d-4ce4-9500-bb53eff77c24,39979,2022-10-18 10:53:12.628000+00:00,j4,0.0,0.0,-0.39382245731214677,0.6359784899960629,-0.6359784899960629,Normal
b0f4ef1f-861d-4ce4-9500-bb53eff77c24,39979,2022-10-18 10:53:12.628000+00:00,j5,0.0,0.0,-0.4544992706235773,0.9579157309268843,-0.9579157309268843,Normal
b0f4ef1f-861d-4ce4-9500-bb53eff77c24,39979,2022-10-18 10:53:12.628000+00:00,j6,0.0,0.0,-0.3301764300792632,0.6186445507996856,-0.6186445507996856,Normal
b0f4ef1f-861d-4ce4-9500-bb53eff77c24,39979,2022-10-18 10:53:12.628000+00:00,j7,0.0,0.0,-0.40158392869670473,0.8925738435564703,-0.8925738435564703,Normal
b0f4ef1f-861d-4ce4-9500-bb53eff77c24,39979,2022-10-18 10:53:12.628000+00:00,j8,0.0,0.0,-0.24160184644668103,0.10565741588156097,-0.10565741588156097,Normal
b0f4ef1f-861d-4ce4-9500-bb53eff77c24,39980,2022-10-18 10:53:14.628000+00:00,j1,0.0,0.0,-0.3356669120189621,0.7209763453158486,-0.7209763453158486,Normal
b0f4ef1f-861d-4ce4-9500-bb53eff77c24,39980,2022-10-18 10:53:14.628000+00:00,j2,0.0,0.0,-0.5252092255722672,3.7022547388040987,-3.7022547388040987,Normal
b0f4ef1f-861d-4ce4-9500-bb53eff77c24,39980,2022-10-18 10:53:14.628000+00:00,j3,0.0,0.0,-0.5302079500176364,2.6869345795529616,-2.6869345795529616,Normal
b0f4ef1f-861d-4ce4-9500-bb53eff77c24,39980,2022-10-18 10:53:14.628000+00:00,j4,0.0,0.0,-0.39382245731214677,0.6359792680029559,-0.6359792680029559,Normal
b0f4ef1f-861d-4ce4-9500-bb53eff77c24,39980,2022-10-18 10:53:14.628000+00:00,j5,0.0,0.0,-0.4544992706235773,0.957915898550442,-0.957915898550442,Normal
b0f4ef1f-861d-4ce4-9500-bb53eff77c24,39980,2022-10-18 10:53:14.628000+00:00,j6,0.0,0.0,-0.3301764300792632,0.61864549969078,-0.61864549969078,Normal
b0f4ef1f-861d-4ce4-9500-bb53eff77c24,39980,2022-10-18 10:53:14.628000+00:00,j7,0.0,0.0,-0.40158392869670473,0.8925749509937011,-0.8925749509937011,Normal
b0f4ef1f-861d-4ce4-9500-bb53eff77c24,39980,2022-10-18 10:53:14.628000+00:00,j8,0.0,0.0,-0.24160184644668103,0.10565758588133588,-0.10565758588133588,Normal
b0f4ef1f-861d-4ce4-9500-bb53eff77c24,39981,2022-10-18 10:53:16.628000+00:00,j1,0.0,0.0,-0.3356669120189621,0.7209761099701353,-0.7209761099701353,Normal
b0f4ef1f-861d-4ce4-9500-bb53eff77c24,39981,2022-10-18 10:53:16.628000+00:00,j2,0.0,0.0,-0.5252092255722672,3.702259127210934,-3.702259127210934,Normal
b0f4ef1f-861d-4ce4-9500-bb53eff77c24,39981,2022-10-18 10:53:16.628000+00:00,j3,0.0,0.0,-0.5302079500176364,2.6869334241157694,-2.6869334241157694,Normal
b0f4ef1f-861d-4ce4-9500-bb53eff77c24,39981,2022-10-18 10:53:16.628000+00:00,j4,0.0,0.0,-0.39382245731214677,0.6359800460098488,-0.6359800460098488,Normal
b0f4ef1f-861d-4ce4-9500-bb53eff77c24,39981,2022-10-18 10:53:16.628000+00:00,j5,0.0,0.0,-0.4544992706235773,0.9579160661739997,-0.9579160661739997,Normal
b0f4ef1f-861d-4ce4-9500-bb53eff77c24,39981,2022-10-18 10:53:16.628000+00:00,j6,0.0,0.0,-0.3301764300792632,0.6186464485818743,-0.6186464485818743,Normal
b0f4ef1f-861d-4ce4-9500-bb53eff77c24,39981,2022-10-18 10:53:16.628000+00:00,j7,0.0,0.0,-0.40158392869670473,0.892576058430932,-0.892576058430932,Normal
b0f4ef1f-861d-4ce4-9500-bb53eff77c24,39981,2022-10-18 10:53:16.628000+00:00,j8,0.0,0.0,-0.24160184644668103,0.1056577558811108,-0.1056577558811108,Normal
b0f4ef1f-861d-4ce4-9500-bb53eff77c24,39982,2022-10-18 10:53:18.628000+00:00,j1,0.0,0.0,-0.3356669120189621,0.7209758746244219,-0.7209758746244219,Normal
b0f4ef1f-861d-4ce4-9500-bb53eff77c24,39982,2022-10-18 10:53:18.628000+00:00,j2,0.0,0.0,-0.5252092255722672,3.702263515617769,-3.702263515617769,Normal
b0f4ef1f-861d-4ce4-9500-bb53eff77c24,39982,2022-10-18 10:53:18.628000+00:00,j3,0.0,0.0,-0.5302079500176364,2.6869322686785773,-2.6869322686785773,Normal
b0f4ef1f-861d-4ce4-9500-bb53eff77c24,39982,2022-10-18 10:53:18.628000+00:00,j4,0.0,0.0,-0.39382245731214677,0.6359808240167417,-0.6359808240167417,Normal
b0f4ef1f-861d-4ce4-9500-bb53eff77c24,39982,2022-10-18 10:53:18.628000+00:00,j5,0.0,0.0,-0.4544992706235773,0.9579162337975574,-0.9579162337975574,Normal
b0f4ef1f-861d-4ce4-9500-bb53eff77c24,39982,2022-10-18 10:53:18.628000+00:00,j6,0.0,0.0,-0.3301764300792632,0.6186473974729687,-0.6186473974729687,Normal
b0f4ef1f-861d-4ce4-9500-bb53eff77c24,39982,2022-10-18 10:53:18.628000+00:00,j7,0.0,0.0,-0.40158392869670473,0.8925771658681628,-0.8925771658681628,Normal
b0f4ef1f-861d-4ce4-9500-bb53eff77c24,39982,2022-10-18 10:53:18.628000+00:00,j8,0.0,0.0,-0.24160184644668103,0.10565792588088573,-0.10565792588088573,Normal
b0f4ef1f-861d-4ce4-9500-bb53eff77c24,39983,2022-10-18 10:53:20.628000+00:00,j1,0.0,0.0,-0.3356669120189621,0.7209756392787086,-0.7209756392787086,Normal
b0f4ef1f-861d-4ce4-9500-bb53eff77c24,39983,2022-10-18 10:53:20.628000+00:00,j2,0.0,0.0,-0.5252092255722672,3.7022679040246036,-3.7022679040246036,Normal
b0f4ef1f-861d-4ce4-9500-bb53eff77c24,39983,2022-10-18 10:53:20.628000+00:00,j3,0.0,0.0,-0.5302079500176364,2.686931113241385,-2.686931113241385,Normal
b0f4ef1f-861d-4ce4-9500-bb53eff77c24,39983,2022-10-18 10:53:20.628000+00:00,j4,0.0,0.0,-0.39382245731214677,0.6359816020236346,-0.6359816020236346,Normal
b0f4ef1f-861d-4ce4-9500-bb53eff77c24,39983,2022-10-18 10:53:20.628000+00:00,j5,0.0,0.0,-0.4544992706235773,0.9579164014211152,-0.9579164014211152,Normal
b0f4ef1f-861d-4ce4-9500-bb53eff77c24,39983,2022-10-18 10:53:20.628000+00:00,j6,0.0,0.0,-0.3301764300792632,0.6186483463640631,-0.6186483463640631,Normal
b0f4ef1f-861d-4ce4-9500-bb53eff77c24,39983,2022-10-18 10:53:20.628000+00:00,j7,0.0,0.0,-0.40158392869670473,0.8925782733053936,-0.8925782733053936,Normal
b0f4ef1f-861d-4ce4-9500-bb53eff77c24,39983,2022-10-18 10:53:20.628000+00:00,j8,0.0,0.0,-0.24160184644668103,0.10565809588066064,-0.10565809588066064,Normal
b0f4ef1f-861d-4ce4-9500-bb53eff77c24,39984,2022-10-18 10:53:22.628000+00:00,j1,0.0,0.0,-0.3356669120189621,0.7209754039329951,-0.7209754039329951,Normal
b0f4ef1f-861d-4ce4-9500-bb53eff77c24,39984,2022-10-18 10:53:22.628000+00:00,j2,0.0,0.0,-0.5252092255722672,3.7022722924314384,-3.7022722924314384,Normal
b0f4ef1f-861d-4ce4-9500-bb53eff77c24,39984,2022-10-18 10:53:22.628000+00:00,j3,0.0,0.0,-0.5302079500176364,2.686929957804193,-2.686929957804193,Normal
b0f4ef1f-861d-4ce4-9500-bb53eff77c24,39984,2022-10-18 10:53:22.628000+00:00,j4,0.0,0.0,-0.39382245731214677,0.6359823800305276,-0.6359823800305276,Normal
b0f4ef1f-861d-4ce4-9500-bb53eff77c24,39984,2022-10-18 10:53:22.628000+00:00,j5,0.0,0.0,-0.4544992706235773,0.9579165690446729,-0.9579165690446729,Normal
b0f4ef1f-861d-4ce4-9500-bb53eff77c24,39984,2022-10-18 10:53:22.628000+00:00,j6,0.0,0.0,-0.3301764300792632,0.6186492952551574,-0.6186492952551574,Normal
b0f4ef1f-861d-4ce4-9500-bb53eff77c24,39984,2022-10-18 10:53:22.628000+00:00,j7,0.0,0.0,-0.40158392869670473,0.8925793807426246,-0.8925793807426246,Normal
b0f4ef1f-861d-4ce4-9500-bb53eff77c24,39984,2022-10-18 10:53:22.628000+00:00,j8,0.0,0.0,-0.24160184644668103,0.10565826588043556,-0.10565826588043556,Normal
b0f4ef1f-861d-4ce4-9500-bb53eff77c24,39985,2022-10-18 10:53:24.628000+00:00,j1,0.0,0.0,-0.3356669120189621,0.7209751685872817,-0.7209751685872817,Normal
b0f4ef1f-861d-4ce4-9500-bb53eff77c24,39985,2022-10-18 10:53:24.628000+00:00,j2,0.0,0.0,-0.5252092255722672,3.702276680838273,-3.702276680838273,Normal
b0f4ef1f-861d-4ce4-9500-bb53eff77c24,39985,2022-10-18 10:53:24.628000+00:00,j3,0.0,0.0,-0.5302079500176364,2.686928802367001,-2.686928802367001,Normal
b0f4ef1f-861d-4ce4-9500-bb53eff77c24,39985,2022-10-18 10:53:24.628000+00:00,j4,0.0,0.0,-0.39382245731214677,0.6359831580374206,-0.6359831580374206,Normal
b0f4ef1f-861d-4ce4-9500-bb53eff77c24,39985,2022-10-18 10:53:24.628000+00:00,j5,0.0,0.0,-0.4544992706235773,0.9579167366682306,-0.9579167366682306,Normal
b0f4ef1f-861d-4ce4-9500-bb53eff77c24,39985,2022-10-18 10:53:24.628000+00:00,j6,0.0,0.0,-0.3301764300792632,0.6186502441462519,-0.6186502441462519,Normal
b0f4ef1f-861d-4ce4-9500-bb53eff77c24,39985,2022-10-18 10:53:24.628000+00:00,j7,0.0,0.0,-0.40158392869670473,0.8925804881798554,-0.8925804881798554,Normal
b0f4ef1f-861d-4ce4-9500-bb53eff77c24,39985,2022-10-18 10:53:24.628000+00:00,j8,0.0,0.0,-0.24160184644668103,0.10565843588021048,-0.10565843588021048,Normal
b0f4ef1f-861d-4ce4-9500-bb53eff77c24,39986,2022-10-18 10:53:26.628000+00:00,j1,0.0,0.0,-0.3356669120189621,0.7209749332415684,-0.7209749332415684,Normal
b0f4ef1f-861d-4ce4-9500-bb53eff77c24,39986,2022-10-18 10:53:26.628000+00:00,j2,0.0,0.0,-0.5252092255722672,3.702281069245108,-3.702281069245108,Normal
b0f4ef1f-861d-4ce4-9500-bb53eff77c24,39986,2022-10-18 10:53:26.628000+00:00,j3,0.0,0.0,-0.5302079500176364,2.686927646929809,-2.686927646929809,Normal
b0f4ef1f-861d-4ce4-9500-bb53eff77c24,39986,2022-10-18 10:53:26.628000+00:00,j4,0.0,0.0,-0.39382245731214677,0.6359839360443135,-0.6359839360443135,Normal
b0f4ef1f-861d-4ce4-9500-bb53eff77c24,39986,2022-10-18 10:53:26.628000+00:00,j5,0.0,0.0,-0.4544992706235773,0.9579169042917883,-0.9579169042917883,Normal
b0f4ef1f-861d-4ce4-9500-bb53eff77c24,39986,2022-10-18 10:53:26.628000+00:00,j6,0.0,0.0,-0.3301764300792632,0.6186511930373463,-0.6186511930373463,Normal
b0f4ef1f-861d-4ce4-9500-bb53eff77c24,39986,2022-10-18 10:53:26.628000+00:00,j7,0.0,0.0,-0.40158392869670473,0.8925815956170862,-0.8925815956170862,Normal
b0f4ef1f-861d-4ce4-9500-bb53eff77c24,39986,2022-10-18 10:53:26.628000+00:00,j8,0.0,0.0,-0.24160184644668103,0.10565860587998539,-0.10565860587998539,Normal
b0f4ef1f-861d-4ce4-9500-bb53eff77c24,39987,2022-10-18 10:53:28.628000+00:00,j1,0.0,0.0,-0.3356669120189621,0.720974697895855,-0.720974697895855,Normal
b0f4ef1f-861d-4ce4-9500-bb53eff77c24,39987,2022-10-18 10:53:28.628000+00:00,j2,0.0,0.0,-0.5252092255722672,3.702285457651943,-3.702285457651943,Normal
b0f4ef1f-861d-4ce4-9500-bb53eff77c24,39987,2022-10-18 10:53:28.628000+00:00,j3,0.0,0.0,-0.5302079500176364,2.686926491492617,-2.686926491492617,Normal
b0f4ef1f-861d-4ce4-9500-bb53eff77c24,39987,2022-10-18 10:53:28.628000+00:00,j4,0.0,0.0,-0.39382245731214677,0.6359847140512065,-0.6359847140512065,Normal
b0f4ef1f-861d-4ce4-9500-bb53eff77c24,39987,2022-10-18 10:53:28.628000+00:00,j5,0.0,0.0,-0.4544992706235773,0.957917071915346,-0.957917071915346,Normal
b0f4ef1f-861d-4ce4-9500-bb53eff77c24,39987,2022-10-18 10:53:28.628000+00:00,j6,0.0,0.0,-0.3301764300792632,0.6186521419284406,-0.6186521419284406,Normal
b0f4ef1f-861d-4ce4-9500-bb53eff77c24,39987,2022-10-18 10:53:28.628000+00:00,j7,0.0,0.0,-0.40158392869670473,0.892582703054317,-0.892582703054317,Normal
b0f4ef1f-861d-4ce4-9500-bb53eff77c24,39987,2022-10-18 10:53:28.628000+00:00,j8,0.0,0.0,-0.24160184644668103,0.10565877587976032,-0.10565877587976032,Normal
b0f4ef1f-861d-4ce4-9500-bb53eff77c24,39988,2022-10-18 10:53:30.628000+00:00,j1,0.0,0.0,-0.3356669120189621,0.7209744625501416,-0.7209744625501416,Normal
b0f4ef1f-861d-4ce4-9500-bb53eff77c24,39988,2022-10-18 10:53:30.628000+00:00,j2,0.0,0.0,-0.5252092255722672,3.7022898460587776,-3.7022898460587776,Normal
b0f4ef1f-861d-4ce4-9500-bb53eff77c24,39988,2022-10-18 10:53:30.628000+00:00,j3,0.0,0.0,-0.5302079500176364,2.686925336055425,-2.686925336055425,Normal
b0f4ef1f-861d-4ce4-9500-bb53eff77c24,39988,2022-10-18 10:53:30.628000+00:00,j4,0.0,0.0,-0.39382245731214677,0.6359854920580994,-0.6359854920580994,Normal
b0f4ef1f-861d-4ce4-9500-bb53eff77c24,39988,2022-10-18 10:53:30.628000+00:00,j5,0.0,0.0,-0.4544992706235773,0.9579172395389038,-0.9579172395389038,Normal
b0f4ef1f-861d-4ce4-9500-bb53eff77c24,39988,2022-10-18 10:53:30.628000+00:00,j6,0.0,0.0,-0.3301764300792632,0.618653090819535,-0.618653090819535,Normal
b0f4ef1f-861d-4ce4-9500-bb53eff77c24,39988,2022-10-18 10:53:30.628000+00:00,j7,0.0,0.0,-0.40158392869670473,0.8925838104915479,-0.8925838104915479,Normal
b0f4ef1f-861d-4ce4-9500-bb53eff77c24,39988,2022-10-18 10:53:30.628000+00:00,j8,0.0,0.0,-0.24160184644668103,0.10565894587953524,-0.10565894587953524,Normal
b0f4ef1f-861d-4ce4-9500-bb53eff77c24,39989,2022-10-18 10:53:32.628000+00:00,j1,21.89746718336358,0.927493283721397,9.792237639300676,0.7209742272044282,21.17649295615915,Normal
b0f4ef1f-861d-4ce4-9500-bb53eff77c24,39989,2022-10-18 10:53:32.628000+00:00,j2,12.914015996006269,0.24972363930866953,1.3518620838801363,3.7022942344656125,9.211721761540655,Normal
b0f4ef1f-861d-4ce4-9500-bb53eff77c24,39989,2022-10-18 10:53:32.628000+00:00,j3,4.525295082884467,0.10811694032726996,0.35505024496057014,2.6869241806182327,1.8383709022662345,Normal
b0f4ef1f-861d-4ce4-9500-bb53eff77c24,39989,2022-10-18 10:53:32.628000+00:00,j4,3.3652395498152354,0.21480755186708,1.7430047274496312,0.6359862700649923,2.7292532797502433,Normal
b0f4ef1f-861d-4ce4-9500-bb53eff77c24,39989,2022-10-18 10:53:32.628000+00:00,j5,9.692008211982571,0.46706762605237456,4.160392407416531,0.9579174071624615,8.73409080482011,Normal
b0f4ef1f-861d-4ce4-9500-bb53eff77c24,39989,2022-10-18 10:53:32.628000+00:00,j6,1.0717644048024535,0.05120361661093483,0.2601728637223949,0.6186540397106294,0.4531103650918241,Normal
b0f4ef1f-861d-4ce4-9500-bb53eff77c24,39989,2022-10-18 10:53:32.628000+00:00,j7,0.0570396108513819,0.007034562686395218,-0.3752593727831689,0.8925849179287787,-0.8355453070773968,Normal
b0f4ef1f-861d-4ce4-9500-bb53eff77c24,39989,2022-10-18 10:53:32.628000+00:00,j8,0.1769614759313982,0.02996482615455703,0.17667761816745645,0.10565911587931015,0.07130236005208804,Normal
b0f4ef1f-861d-4ce4-9500-bb53eff77c24,39990,2022-10-18 10:53:34.628000+00:00,j1,2.8978239676567457,0.12274078298199208,1.0046198117922491,0.7209739918587148,2.1768499757980306,Normal
b0f4ef1f-861d-4ce4-9500-bb53eff77c24,39990,2022-10-18 10:53:34.628000+00:00,j2,0.689856211137966,0.013340033317160153,-0.42493760580851025,3.7022986228724473,-3.0124424117344812,Normal
b0f4ef1f-861d-4ce4-9500-bb53eff77c24,39990,2022-10-18 10:53:34.628000+00:00,j3,2.8179123133609387,0.06732468310926766,0.021044492628092104,2.6869230251810405,0.1309892881798982,Normal
b0f4ef1f-861d-4ce4-9500-bb53eff77c24,39990,2022-10-18 10:53:34.628000+00:00,j4,1.7058534584078269,0.10888681171736957,0.6893438341769302,0.6359870480718853,1.0698664103359414,Normal
b0f4ef1f-861d-4ce4-9500-bb53eff77c24,39990,2022-10-18 10:53:34.628000+00:00,j5,1.1870107110985442,0.057203240319802465,0.11070101940719147,0.9579175747860192,0.22909313631252493,Normal
b0f4ef1f-861d-4ce4-9500-bb53eff77c24,39990,2022-10-18 10:53:34.628000+00:00,j6,2.7144904082480807,0.12968496204500607,1.1650192382598057,0.6186549886017237,2.095835419646357,Normal
b0f4ef1f-861d-4ce4-9500-bb53eff77c24,39990,2022-10-18 10:53:34.628000+00:00,j7,1.4780229152921247,0.1822811322580958,0.2805437417825231,0.8925860253660095,0.5854368899261152,Normal
b0f4ef1f-861d-4ce4-9500-bb53eff77c24,39990,2022-10-18 10:53:34.628000+00:00,j8,0.2053352662047873,0.034769350350645704,0.24374404458688737,0.10565928587908507,0.09967598032570221,Normal
b0f4ef1f-861d-4ce4-9500-bb53eff77c24,39991,2022-10-18 10:53:36.628000+00:00,j1,0.7001894452780869,0.029657357282006958,-0.011818870131926828,0.7209737565130014,-0.020784311234914532,Normal
b0f4ef1f-861d-4ce4-9500-bb53eff77c24,39991,2022-10-18 10:53:36.628000+00:00,j2,7.807984772703014,0.15098621325148348,0.6096928998405066,3.7023030112792825,4.105681761423732,Normal
b0f4ef1f-861d-4ce4-9500-bb53eff77c24,39991,2022-10-18 10:53:36.628000+00:00,j3,0.7532937487240987,0.017997459566282206,-0.38284530248420756,2.6869218697438484,-1.9336281210197497,Normal
b0f4ef1f-861d-4ce4-9500-bb53eff77c24,39991,2022-10-18 10:53:36.628000+00:00,j4,1.3085951289735571,0.08352930359903468,0.43709659140492485,0.6359878260787782,0.6726073028947789,Normal
b0f4ef1f-861d-4ce4-9500-bb53eff77c24,39991,2022-10-18 10:53:36.628000+00:00,j5,0.8551023078202352,0.041208240460601696,-0.04733860402883976,0.9579177424095769,-0.10281543458934173,Normal
b0f4ef1f-861d-4ce4-9500-bb53eff77c24,39991,2022-10-18 10:53:36.628000+00:00,j6,1.0333311018555844,0.04936746297458961,0.23900303092007172,0.6186559374928181,0.4146751643627663,Normal
b0f4ef1f-861d-4ce4-9500-bb53eff77c24,39991,2022-10-18 10:53:36.628000+00:00,j7,7.4409792793664495,0.9176786869260884,3.032529175642581,0.8925871328032404,6.548392146563209,Normal
b0f4ef1f-861d-4ce4-9500-bb53eff77c24,39991,2022-10-18 10:53:36.628000+00:00,j8,0.2136150851850136,0.036171369264806796,0.26331484796046245,0.10565945587886,0.1079556293061536,Normal
b0f4ef1f-861d-4ce4-9500-bb53eff77c24,39992,2022-10-18 10:53:38.628000+00:00,j1,1.2701043180917595,0.05379678000159935,0.25177524264380136,0.7209735211672881,0.5491307969244714,Normal
b0f4ef1f-861d-4ce4-9500-bb53eff77c24,39992,2022-10-18 10:53:38.628000+00:00,j2,13.919673941296477,0.2691704606596122,1.4980359523971711,3.7023073996861173,10.21736654161036,Normal
b0f4ef1f-861d-4ce4-9500-bb53eff77c24,39992,2022-10-18 10:53:38.628000+00:00,j3,0.7939792859051263,0.01896950574559572,-0.3748862181489519,2.6869207143066562,-1.8929414284015298,Normal
b0f4ef1f-861d-4ce4-9500-bb53eff77c24,39992,2022-10-18 10:53:38.628000+00:00,j4,0.6774473674543011,0.04324233338148134,0.03633650450711811,0.6359886040856711,0.04145876336862997,Normal
b0f4ef1f-861d-4ce4-9500-bb53eff77c24,39992,2022-10-18 10:53:38.628000+00:00,j5,0.3063630438218079,0.014763943287947424,-0.3086231807081429,0.9579179100331346,-0.6515548662113267,Normal
b0f4ef1f-861d-4ce4-9500-bb53eff77c24,39992,2022-10-18 10:53:38.628000+00:00,j6,0.5901235516749702,0.028193192419576418,-0.005124561939214425,0.6186568863839126,-0.02853333470894237,Normal
b0f4ef1f-861d-4ce4-9500-bb53eff77c24,39992,2022-10-18 10:53:38.628000+00:00,j7,8.25904401719185,1.0185687104354764,3.4100771744865304,0.8925882402404712,7.36645577695138,Normal
b0f4ef1f-861d-4ce4-9500-bb53eff77c24,39992,2022-10-18 10:53:38.628000+00:00,j8,0.2085641772898302,0.03531610075958409,0.25137614187150753,0.10565962587863491,0.1029045514111953,Normal
b0f4ef1f-861d-4ce4-9500-bb53eff77c24,39993,2022-10-18 10:53:40.628000+00:00,j1,0.3855794967857733,0.016331678482029256,-0.157330654784653,0.7209732858215747,-0.3353937890358014,Normal
b0f4ef1f-861d-4ce4-9500-bb53eff77c24,39993,2022-10-18 10:53:40.628000+00:00,j2,11.23733974834346,0.2173010610310642,1.108154713477198,3.702311788092952,7.535027960250508,Normal
b0f4ef1f-861d-4ce4-9500-bb53eff77c24,39993,2022-10-18 10:53:40.628000+00:00,j3,1.5350731604143604,0.03667548971783822,-0.22991016384946714,2.6869195588694645,-1.1518463984551042,Normal
b0f4ef1f-861d-4ce4-9500-bb53eff77c24,39993,2022-10-18 10:53:40.628000+00:00,j4,1.9611448840242152,0.12518239048302504,0.8514463086719891,0.6359893820925642,1.325155501931651,Normal
b0f4ef1f-861d-4ce4-9500-bb53eff77c24,39993,2022-10-18 10:53:40.628000+00:00,j5,1.359603603774015,0.06552066544907342,0.1928818726087149,0.9579180776566923,0.40168552611732256,Normal
b0f4ef1f-861d-4ce4-9500-bb53eff77c24,39993,2022-10-18 10:53:40.628000+00:00,j6,0.4760137585608473,0.0227415893695147,-0.06797852077468473,0.618657835275007,-0.14264407671415963,Normal
b0f4ef1f-861d-4ce4-9500-bb53eff77c24,39993,2022-10-18 10:53:40.628000+00:00,j7,6.500645451925495,0.801709500661714,2.598552329581071,0.892589347677702,5.608056104247793,Normal
b0f4ef1f-861d-4ce4-9500-bb53eff77c24,39993,2022-10-18 10:53:40.628000+00:00,j8,0.169155098672485,0.028642974965030883,0.1582258772829036,0.10565979587840983,0.06349530279407516,Normal
b0f4ef1f-861d-4ce4-9500-bb53eff77c24,39994,2022-10-18 10:53:42.628000+00:00,j1,10.373697282817808,0.4393902946219417,4.462322510451049,0.7209730504758612,9.652724232341948,Normal
b0f4ef1f-861d-4ce4-9500-bb53eff77c24,39994,2022-10-18 10:53:42.628000+00:00,j2,0.6321859643958772,0.012224840034085612,-0.4333200613980103,3.702316176499787,-3.07013021210391,Normal
b0f4ef1f-861d-4ce4-9500-bb53eff77c24,39994,2022-10-18 10:53:42.628000+00:00,j3,11.471523219972571,0.27407405897741116,1.7139020479740172,2.6869184034322724,8.784604816540298,Normal
b0f4ef1f-861d-4ce4-9500-bb53eff77c24,39994,2022-10-18 10:53:42.628000+00:00,j4,1.8682725741168256,0.1192542319575666,0.792475149684919,0.6359901600994571,1.2322824140173685,Normal
b0f4ef1f-861d-4ce4-9500-bb53eff77c24,39994,2022-10-18 10:53:42.628000+00:00,j5,0.1591179770802799,0.007668055390755804,-0.37873455683118656,0.9579182452802502,-0.7988002681999703,Normal
b0f4ef1f-861d-4ce4-9500-bb53eff77c24,39994,2022-10-18 10:53:42.628000+00:00,j6,0.4187259931984284,0.02000466252162674,-0.09953376899307721,0.6186587841661013,-0.1999327909676729,Normal
b0f4ef1f-861d-4ce4-9500-bb53eff77c24,39994,2022-10-18 10:53:42.628000+00:00,j7,7.445634307367834,0.9182527807144908,3.034677534354579,0.892590455114933,6.553043852252902,Normal
b0f4ef1f-861d-4ce4-9500-bb53eff77c24,39994,2022-10-18 10:53:42.628000+00:00,j8,0.1785593483464864,0.030235393343733517,0.18045446968153342,0.10565996587818476,0.07289938246830165,Normal
b0f4ef1f-861d-4ce4-9500-bb53eff77c24,39995,2022-10-18 10:53:44.628000+00:00,j1,0.3410838223013976,0.014447011232920824,-0.17791056662334828,0.7209728151301479,-0.37988899282875027,Normal
b0f4ef1f-861d-4ce4-9500-bb53eff77c24,39995,2022-10-18 10:53:44.628000+00:00,j2,11.15058490460542,0.2156234469323502,1.0955447687328936,3.7023205649066218,7.448264339698799,Normal
b0f4ef1f-861d-4ce4-9500-bb53eff77c24,39995,2022-10-18 10:53:44.628000+00:00,j3,6.144669710883075,0.1468065344456764,0.6718394562536785,2.6869172479950802,3.4577524628879943,Normal
b0f4ef1f-861d-4ce4-9500-bb53eff77c24,39995,2022-10-18 10:53:44.628000+00:00,j4,0.9637342316757592,0.06151639070334152,0.21812016211990318,0.63599093810635,0.32774329356940923,Normal
b0f4ef1f-861d-4ce4-9500-bb53eff77c24,39995,2022-10-18 10:53:44.628000+00:00,j5,3.272649110818129,0.1577122529882341,1.103786774572677,0.9579184129038079,2.314730697914321,Normal
b0f4ef1f-861d-4ce4-9500-bb53eff77c24,39995,2022-10-18 10:53:44.628000+00:00,j6,0.8310775778027599,0.03970478724342447,0.1275977402064943,0.6186597330571957,0.21241784474556424,Normal
b0f4ef1f-861d-4ce4-9500-bb53eff77c24,39995,2022-10-18 10:53:44.628000+00:00,j7,0.1456309178027335,0.01796032274886705,-0.33437328014536166,0.8925915625521638,-0.7469606447494302,Normal
b0f4ef1f-861d-4ce4-9500-bb53eff77c24,39995,2022-10-18 10:53:44.628000+00:00,j8,0.1682063976764386,0.028482331750062415,0.15598345619878576,0.10566013587795967,0.06254626179847894,Normal
b0f4ef1f-861d-4ce4-9500-bb53eff77c24,39996,2022-10-18 10:53:46.628000+00:00,j1,0.1878588768161749,0.007956986306928834,-0.24877938490998988,0.7209725797844345,-0.5331137029682596,Normal
b0f4ef1f-861d-4ce4-9500-bb53eff77c24,39996,2022-10-18 10:53:46.628000+00:00,j2,14.762800431785688,0.2854743444141023,1.620585633768638,3.7023249533134566,11.060475478472231,Normal
b0f4ef1f-861d-4ce4-9500-bb53eff77c24,39996,2022-10-18 10:53:46.628000+00:00,j3,7.433035555198068,0.17758776982551586,0.9238752684869165,2.686916092557888,4.746119462640181,Normal
b0f4ef1f-861d-4ce4-9500-bb53eff77c24,39996,2022-10-18 10:53:46.628000+00:00,j4,2.5106851674444566,0.1602602508214739,1.2003880702766083,0.635991716113243,1.8746934513312135,Normal
b0f4ef1f-861d-4ce4-9500-bb53eff77c24,39996,2022-10-18 10:53:46.628000+00:00,j5,1.6723736108906784,0.08059336674370858,0.3418086658401434,0.9579185805273656,0.7144550303633128,Normal
b0f4ef1f-861d-4ce4-9500-bb53eff77c24,39996,2022-10-18 10:53:46.628000+00:00,j6,0.2331071082631028,0.011136707794459372,-0.20177636741004776,0.61866068194829,-0.3855535736851873,Normal
b0f4ef1f-861d-4ce4-9500-bb53eff77c24,39996,2022-10-18 10:53:46.628000+00:00,j7,4.220232810683465,0.5204715076911411,1.5461108913545434,0.8925926699893946,3.32764014069407,Normal
b0f4ef1f-861d-4ce4-9500-bb53eff77c24,39996,2022-10-18 10:53:46.628000+00:00,j8,0.1739816381603938,0.029460251244639666,0.169634249315945,0.10566030587773459,0.06832133228265921,Normal
b0f4ef1f-861d-4ce4-9500-bb53eff77c24,39997,2022-10-18 10:53:48.628000+00:00,j1,1.3779316104700663,0.0583639333004395,0.3016469705514205,0.7209723444387212,0.6569592660313451,Normal
b0f4ef1f-861d-4ce4-9500-bb53eff77c24,39997,2022-10-18 10:53:48.628000+00:00,j2,20.67810106381801,0.3998609459091611,2.48038332231164,3.7023293417202914,16.97577172209772,Normal
b0f4ef1f-861d-4ce4-9500-bb53eff77c24,39997,2022-10-18 10:53:48.628000+00:00,j3,22.144222985212807,0.5290628768367407,3.8017426764129016,2.686914937120696,19.45730804809211,Normal
b0f4ef1f-861d-4ce4-9500-bb53eff77c24,39997,2022-10-18 10:53:48.628000+00:00,j4,6.673806224536477,0.42599760151002325,3.843846319403877,0.6359924941201359,6.0378137304163415,Normal
b0f4ef1f-861d-4ce4-9500-bb53eff77c24,39997,2022-10-18 10:53:48.628000+00:00,j5,3.9560872400893623,0.1906478239876208,1.4292087992186862,0.9579187481509233,2.998168491938439,Normal
b0f4ef1f-861d-4ce4-9500-bb53eff77c24,39997,2022-10-18 10:53:48.628000+00:00,j6,5.227489114649749,0.24974364446605862,2.5492292428103402,0.6186616308393844,4.608827483810364,Normal
b0f4ef1f-861d-4ce4-9500-bb53eff77c24,39997,2022-10-18 10:53:48.628000+00:00,j7,0.5694184216788135,0.07022505101804698,-0.1387895853282469,0.8925937774266254,-0.32317535574781187,Normal
b0f4ef1f-861d-4ce4-9500-bb53eff77c24,39997,2022-10-18 10:53:48.628000+00:00,j8,0.178100824151254,0.030157751598684307,0.1793706673800156,0.10566047587750951,0.07244034827374449,Normal
b0f4ef1f-861d-4ce4-9500-bb53eff77c24,39998,2022-10-18 10:53:50.628000+00:00,j1,0.7766229963073119,0.032894791302889616,0.023532785055415322,0.7209721090930077,0.05565088721430422,Normal
b0f4ef1f-861d-4ce4-9500-bb53eff77c24,39998,2022-10-18 10:53:50.628000+00:00,j2,9.771992245411338,0.188965033617342,0.8951642884241212,3.702333730127126,6.069658515284212,Normal
b0f4ef1f-861d-4ce4-9500-bb53eff77c24,39998,2022-10-18 10:53:50.628000+00:00,j3,12.135703962747783,0.28994245836748533,1.8438320160135135,2.686913781683504,9.448790181064279,Normal
b0f4ef1f-861d-4ce4-9500-bb53eff77c24,39998,2022-10-18 10:53:50.628000+00:00,j4,1.686562393641861,0.10765543833846287,0.6770945808905842,0.6359932721270288,1.0505691215148323,Normal
b0f4ef1f-861d-4ce4-9500-bb53eff77c24,39998,2022-10-18 10:53:50.628000+00:00,j5,1.7211298277123868,0.082942977881889,0.36502414960181007,0.957918915774481,0.7632109119379058,Normal
b0f4ef1f-861d-4ce4-9500-bb53eff77c24,39998,2022-10-18 10:53:50.628000+00:00,j6,1.1557413026507282,0.055215618560552904,0.30642902050297083,0.6186625797304788,0.5370787229202494,Normal
b0f4ef1f-861d-4ce4-9500-bb53eff77c24,39998,2022-10-18 10:53:50.628000+00:00,j7,3.598117823674186,0.44374751170061294,1.2589963666281245,0.8925948848638563,2.7055229388103297,Normal
b0f4ef1f-861d-4ce4-9500-bb53eff77c24,39998,2022-10-18 10:53:50.628000+00:00,j8,2.988965338595218,0.5061204778136185,6.823341610865405,0.10566064587728444,2.8833046927179335,Normal
b0f4ef1f-861d-4ce4-9500-bb53eff77c24,39999,2022-10-18 10:53:52.628000+00:00,j1,0.2173530597136672,0.009206247525918481,-0.2351378862515554,0.7209718737472943,-0.5036188140336271,Normal
b0f4ef1f-861d-4ce4-9500-bb53eff77c24,39999,2022-10-18 10:53:52.628000+00:00,j2,0.2607814447102239,0.0050428380650410715,-0.4873042571987968,3.702338118533961,-3.441556673823737,Normal
b0f4ef1f-861d-4ce4-9500-bb53eff77c24,39999,2022-10-18 10:53:52.628000+00:00,j3,5.285630815978064,0.1262826447902755,0.5037904765537843,2.686912626246312,2.598718189731752,Normal
b0f4ef1f-861d-4ce4-9500-bb53eff77c24,39999,2022-10-18 10:53:52.628000+00:00,j4,3.9519488753863303,0.2522579597854203,2.1155477271009926,0.6359940501339219,3.3159548252524083,Normal
b0f4ef1f-861d-4ce4-9500-bb53eff77c24,39999,2022-10-18 10:53:52.628000+00:00,j5,5.852248490699504,0.28202574222339344,2.332074189370153,0.9579190833980388,4.8943294073014645,Normal
b0f4ef1f-861d-4ce4-9500-bb53eff77c24,39999,2022-10-18 10:53:52.628000+00:00,j6,0.1550193735557013,0.007406061010466624,-0.24478865521557777,0.6186635286215731,-0.46364415506587187,Normal
b0f4ef1f-861d-4ce4-9500-bb53eff77c24,39999,2022-10-18 10:53:52.628000+00:00,j7,1.5558002433775344,0.191873229431106,0.31643903614777535,0.8925959923010871,0.6632042510764473,Normal
b0f4ef1f-861d-4ce4-9500-bb53eff77c24,39999,2022-10-18 10:53:52.628000+00:00,j8,0.9289713551844851,0.15730240163377468,1.9541847734562356,0.10566081587705935,0.8233105393074258,Normal
b0f4ef1f-861d-4ce4-9500-bb53eff77c24,40000,2022-10-18 10:53:54.628000+00:00,j1,0.1559294247816977,0.006604576365317806,-0.26354723179717726,0.720971638401581,-0.5650422136198833,Normal
b0f4ef1f-861d-4ce4-9500-bb53eff77c24,40000,2022-10-18 10:53:54.628000+00:00,j2,4.010885736028212,0.07756014729747517,0.05777894347744909,3.702342506940796,0.30854322908741594,Normal
b0f4ef1f-861d-4ce4-9500-bb53eff77c24,40000,2022-10-18 10:53:54.628000+00:00,j3,6.639216029045519,0.1586220810101578,0.7685847895260769,2.68691147080912,3.952304558236399,Normal
b0f4ef1f-861d-4ce4-9500-bb53eff77c24,40000,2022-10-18 10:53:54.628000+00:00,j4,0.8472231338807287,0.05407933806200115,0.14413907476802998,0.6359948281408148,0.2112283057399139,Normal
b0f4ef1f-861d-4ce4-9500-bb53eff77c24,40000,2022-10-18 10:53:54.628000+00:00,j5,0.7993493045160667,0.03852144714295123,-0.07388563797130468,0.9579192510215965,-0.1585699465055298,Normal
b0f4ef1f-861d-4ce4-9500-bb53eff77c24,40000,2022-10-18 10:53:54.628000+00:00,j6,0.8469719190224845,0.040464140465505186,0.13635266159823103,0.6186644775126676,0.22830744150981686,Normal
b0f4ef1f-861d-4ce4-9500-bb53eff77c24,40000,2022-10-18 10:53:54.628000+00:00,j7,0.750762991732034,0.09258985552557741,-0.055096600703572356,0.8925970997383179,-0.14183410800628393,Normal
b0f4ef1f-861d-4ce4-9500-bb53eff77c24,40000,2022-10-18 10:53:54.628000+00:00,j8,0.0781130933503852,0.013226863362884497,-0.05696785933742178,0.10566098587683427,-0.02754789252644907,Normal
b0f4ef1f-861d-4ce4-9500-bb53eff77c24,40001,2022-10-18 10:53:56.628000+00:00,j1,0.2547600127955736,0.010790663543416094,-0.2178366135885202,0.7209714030558676,-0.466211390260294,Normal
b0f4ef1f-861d-4ce4-9500-bb53eff77c24,40001,2022-10-18 10:53:56.628000+00:00,j2,0.0,0.0,-0.5252092255722672,3.702346895347631,-3.702346895347631,Normal
b0f4ef1f-861d-4ce4-9500-bb53eff77c24,40001,2022-10-18 10:53:56.628000+00:00,j3,0.0,0.0,-0.5302079500176364,2.686910315371928,-2.686910315371928,Normal
b0f4ef1f-861d-4ce4-9500-bb53eff77c24,40001,2022-10-18 10:53:56.628000+00:00,j4,0.0,0.0,-0.39382245731214677,0.6359956061477077,-0.6359956061477077,Normal
b0f4ef1f-861d-4ce4-9500-bb53eff77c24,40001,2022-10-18 10:53:56.628000+00:00,j5,0.0,0.0,-0.4544992706235773,0.9579194186451542,-0.9579194186451542,Normal
b0f4ef1f-861d-4ce4-9500-bb53eff77c24,40001,2022-10-18 10:53:56.628000+00:00,j6,0.0,0.0,-0.3301764300792632,0.618665426403762,-0.618665426403762,Normal
b0f4ef1f-861d-4ce4-9500-bb53eff77c24,40001,2022-10-18 10:53:56.628000+00:00,j7,0.0,0.0,-0.40158392869670473,0.8925982071755488,-0.8925982071755488,Normal
b0f4ef1f-861d-4ce4-9500-bb53eff77c24,40001,2022-10-18 10:53:56.628000+00:00,j8,0.0,0.0,-0.24160184644668103,0.10566115587660918,-0.10566115587660918,Normal
b0f4ef1f-861d-4ce4-9500-bb53eff77c24,40002,2022-10-18 10:53:58.628000+00:00,j1,0.0,0.0,-0.3356669120189621,0.7209711677101542,-0.7209711677101542,Normal
b0f4ef1f-861d-4ce4-9500-bb53eff77c24,40002,2022-10-18 10:53:58.628000+00:00,j2,0.0,0.0,-0.5252092255722672,3.702351283754466,-3.702351283754466,Normal
b0f4ef1f-861d-4ce4-9500-bb53eff77c24,40002,2022-10-18 10:53:58.628000+00:00,j3,0.0,0.0,-0.5302079500176364,2.6869091599347357,-2.6869091599347357,Normal
b0f4ef1f-861d-4ce4-9500-bb53eff77c24,40002,2022-10-18 10:53:58.628000+00:00,j4,0.0,0.0,-0.39382245731214677,0.6359963841546007,-0.6359963841546007,Normal
b0f4ef1f-861d-4ce4-9500-bb53eff77c24,40002,2022-10-18 10:53:58.628000+00:00,j5,0.0,0.0,-0.4544992706235773,0.9579195862687119,-0.9579195862687119,Normal
b0f4ef1f-861d-4ce4-9500-bb53eff77c24,40002,2022-10-18 10:53:58.628000+00:00,j6,0.0,0.0,-0.3301764300792632,0.6186663752948564,-0.6186663752948564,Normal
b0f4ef1f-861d-4ce4-9500-bb53eff77c24,40002,2022-10-18 10:53:58.628000+00:00,j7,0.0,0.0,-0.40158392869670473,0.8925993146127796,-0.8925993146127796,Normal
b0f4ef1f-861d-4ce4-9500-bb53eff77c24,40002,2022-10-18 10:53:58.628000+00:00,j8,0.0,0.0,-0.24160184644668103,0.1056613258763841,-0.1056613258763841,Normal
b0f4ef1f-861d-4ce4-9500-bb53eff77c24,40003,2022-10-18 10:54:00.628000+00:00,j1,0.0,0.0,-0.3356669120189621,0.7209709323644408,-0.7209709323644408,Normal
b0f4ef1f-861d-4ce4-9500-bb53eff77c24,40003,2022-10-18 10:54:00.628000+00:00,j2,0.0,0.0,-0.5252092255722672,3.7023556721613007,-3.7023556721613007,Normal
b0f4ef1f-861d-4ce4-9500-bb53eff77c24,40003,2022-10-18 10:54:00.628000+00:00,j3,0.0,0.0,-0.5302079500176364,2.6869080044975435,-2.6869080044975435,Normal
b0f4ef1f-861d-4ce4-9500-bb53eff77c24,40003,2022-10-18 10:54:00.628000+00:00,j4,0.0,0.0,-0.39382245731214677,0.6359971621614936,-0.6359971621614936,Normal
b0f4ef1f-861d-4ce4-9500-bb53eff77c24,40003,2022-10-18 10:54:00.628000+00:00,j5,0.0,0.0,-0.4544992706235773,0.9579197538922696,-0.9579197538922696,Normal
b0f4ef1f-861d-4ce4-9500-bb53eff77c24,40003,2022-10-18 10:54:00.628000+00:00,j6,0.0,0.0,-0.3301764300792632,0.6186673241859507,-0.6186673241859507,Normal
b0f4ef1f-861d-4ce4-9500-bb53eff77c24,40003,2022-10-18 10:54:00.628000+00:00,j7,0.0,0.0,-0.40158392869670473,0.8926004220500104,-0.8926004220500104,Normal
b0f4ef1f-861d-4ce4-9500-bb53eff77c24,40003,2022-10-18 10:54:00.628000+00:00,j8,0.0,0.0,-0.24160184644668103,0.10566149587615903,-0.10566149587615903,Normal
b0f4ef1f-861d-4ce4-9500-bb53eff77c24,40004,2022-10-18 10:54:02.628000+00:00,j1,0.0,0.0,-0.3356669120189621,0.7209706970187274,-0.7209706970187274,Normal
b0f4ef1f-861d-4ce4-9500-bb53eff77c24,40004,2022-10-18 10:54:02.628000+00:00,j2,0.0,0.0,-0.5252092255722672,3.7023600605681355,-3.7023600605681355,Normal
b0f4ef1f-861d-4ce4-9500-bb53eff77c24,40004,2022-10-18 10:54:02.628000+00:00,j3,0.0,0.0,-0.5302079500176364,2.6869068490603514,-2.6869068490603514,Normal
b0f4ef1f-861d-4ce4-9500-bb53eff77c24,40004,2022-10-18 10:54:02.628000+00:00,j4,0.0,0.0,-0.39382245731214677,0.6359979401683865,-0.6359979401683865,Normal
b0f4ef1f-861d-4ce4-9500-bb53eff77c24,40004,2022-10-18 10:54:02.628000+00:00,j5,0.0,0.0,-0.4544992706235773,0.9579199215158273,-0.9579199215158273,Normal
b0f4ef1f-861d-4ce4-9500-bb53eff77c24,40004,2022-10-18 10:54:02.628000+00:00,j6,0.0,0.0,-0.3301764300792632,0.6186682730770451,-0.6186682730770451,Normal
b0f4ef1f-861d-4ce4-9500-bb53eff77c24,40004,2022-10-18 10:54:02.628000+00:00,j7,0.0,0.0,-0.40158392869670473,0.8926015294872414,-0.8926015294872414,Normal
b0f4ef1f-861d-4ce4-9500-bb53eff77c24,40004,2022-10-18 10:54:02.628000+00:00,j8,0.0,0.0,-0.24160184644668103,0.10566166587593395,-0.10566166587593395,Normal
b0f4ef1f-861d-4ce4-9500-bb53eff77c24,40005,2022-10-18 10:54:04.628000+00:00,j1,0.0,0.0,-0.3356669120189621,0.720970461673014,-0.720970461673014,Normal
b0f4ef1f-861d-4ce4-9500-bb53eff77c24,40005,2022-10-18 10:54:04.628000+00:00,j2,0.0,0.0,-0.5252092255722672,3.7023644489749703,-3.7023644489749703,Normal
b0f4ef1f-861d-4ce4-9500-bb53eff77c24,40005,2022-10-18 10:54:04.628000+00:00,j3,0.0,0.0,-0.5302079500176364,2.6869056936231597,-2.6869056936231597,Normal
b0f4ef1f-861d-4ce4-9500-bb53eff77c24,40005,2022-10-18 10:54:04.628000+00:00,j4,0.0,0.0,-0.39382245731214677,0.6359987181752795,-0.6359987181752795,Normal
b0f4ef1f-861d-4ce4-9500-bb53eff77c24,40005,2022-10-18 10:54:04.628000+00:00,j5,0.0,0.0,-0.4544992706235773,0.9579200891393851,-0.9579200891393851,Normal
b0f4ef1f-861d-4ce4-9500-bb53eff77c24,40005,2022-10-18 10:54:04.628000+00:00,j6,0.0,0.0,-0.3301764300792632,0.6186692219681394,-0.6186692219681394,Normal
b0f4ef1f-861d-4ce4-9500-bb53eff77c24,40005,2022-10-18 10:54:04.628000+00:00,j7,0.0,0.0,-0.40158392869670473,0.8926026369244722,-0.8926026369244722,Normal
b0f4ef1f-861d-4ce4-9500-bb53eff77c24,40005,2022-10-18 10:54:04.628000+00:00,j8,0.0,0.0,-0.24160184644668103,0.10566183587570886,-0.10566183587570886,Normal
b0f4ef1f-861d-4ce4-9500-bb53eff77c24,40006,2022-10-18 10:54:06.628000+00:00,j1,0.0,0.0,-0.3356669120189621,0.7209702263273007,-0.7209702263273007,Normal
b0f4ef1f-861d-4ce4-9500-bb53eff77c24,40006,2022-10-18 10:54:06.628000+00:00,j2,0.0,0.0,-0.5252092255722672,3.702368837381805,-3.702368837381805,Normal
b0f4ef1f-861d-4ce4-9500-bb53eff77c24,40006,2022-10-18 10:54:06.628000+00:00,j3,0.0,0.0,-0.5302079500176364,2.6869045381859675,-2.6869045381859675,Normal
b0f4ef1f-861d-4ce4-9500-bb53eff77c24,40006,2022-10-18 10:54:06.628000+00:00,j4,0.0,0.0,-0.39382245731214677,0.6359994961821724,-0.6359994961821724,Normal
b0f4ef1f-861d-4ce4-9500-bb53eff77c24,40006,2022-10-18 10:54:06.628000+00:00,j5,0.0,0.0,-0.4544992706235773,0.9579202567629428,-0.9579202567629428,Normal
b0f4ef1f-861d-4ce4-9500-bb53eff77c24,40006,2022-10-18 10:54:06.628000+00:00,j6,0.0,0.0,-0.3301764300792632,0.6186701708592339,-0.6186701708592339,Normal
b0f4ef1f-861d-4ce4-9500-bb53eff77c24,40006,2022-10-18 10:54:06.628000+00:00,j7,0.0,0.0,-0.40158392869670473,0.892603744361703,-0.892603744361703,Normal
b0f4ef1f-861d-4ce4-9500-bb53eff77c24,40006,2022-10-18 10:54:06.628000+00:00,j8,0.0,0.0,-0.24160184644668103,0.10566200587548379,-0.10566200587548379,Normal
b0f4ef1f-861d-4ce4-9500-bb53eff77c24,40007,2022-10-18 10:54:08.628000+00:00,j1,0.0,0.0,-0.3356669120189621,0.7209699909815873,-0.7209699909815873,Normal
b0f4ef1f-861d-4ce4-9500-bb53eff77c24,40007,2022-10-18 10:54:08.628000+00:00,j2,0.0,0.0,-0.5252092255722672,3.70237322578864,-3.70237322578864,Normal
b0f4ef1f-861d-4ce4-9500-bb53eff77c24,40007,2022-10-18 10:54:08.628000+00:00,j3,0.0,0.0,-0.5302079500176364,2.6869033827487754,-2.6869033827487754,Normal
b0f4ef1f-861d-4ce4-9500-bb53eff77c24,40007,2022-10-18 10:54:08.628000+00:00,j4,0.0,0.0,-0.39382245731214677,0.6360002741890654,-0.6360002741890654,Normal
b0f4ef1f-861d-4ce4-9500-bb53eff77c24,40007,2022-10-18 10:54:08.628000+00:00,j5,0.0,0.0,-0.4544992706235773,0.9579204243865005,-0.9579204243865005,Normal
b0f4ef1f-861d-4ce4-9500-bb53eff77c24,40007,2022-10-18 10:54:08.628000+00:00,j6,0.0,0.0,-0.3301764300792632,0.6186711197503283,-0.6186711197503283,Normal
b0f4ef1f-861d-4ce4-9500-bb53eff77c24,40007,2022-10-18 10:54:08.628000+00:00,j7,0.0,0.0,-0.40158392869670473,0.8926048517989338,-0.8926048517989338,Normal
b0f4ef1f-861d-4ce4-9500-bb53eff77c24,40007,2022-10-18 10:54:08.628000+00:00,j8,0.0,0.0,-0.24160184644668103,0.10566217587525871,-0.10566217587525871,Normal
b0f4ef1f-861d-4ce4-9500-bb53eff77c24,40008,2022-10-18 10:54:10.628000+00:00,j1,0.0,0.0,-0.3356669120189621,0.7209697556358738,-0.7209697556358738,Normal
b0f4ef1f-861d-4ce4-9500-bb53eff77c24,40008,2022-10-18 10:54:10.628000+00:00,j2,0.0,0.0,-0.5252092255722672,3.7023776141954747,-3.7023776141954747,Normal
b0f4ef1f-861d-4ce4-9500-bb53eff77c24,40008,2022-10-18 10:54:10.628000+00:00,j3,0.0,0.0,-0.5302079500176364,2.6869022273115832,-2.6869022273115832,Normal
b0f4ef1f-861d-4ce4-9500-bb53eff77c24,40008,2022-10-18 10:54:10.628000+00:00,j4,0.7965736094993819,0.05084631403071446,0.11197813080216629,0.6360010521959583,0.16057255730342368,Normal
b0f4ef1f-861d-4ce4-9500-bb53eff77c24,40008,2022-10-18 10:54:10.628000+00:00,j5,0.6428902587231021,0.03098152832585901,-0.14838429011765375,0.9579205920100582,-0.31503033328695607,Normal
b0f4ef1f-861d-4ce4-9500-bb53eff77c24,40008,2022-10-18 10:54:10.628000+00:00,j6,0.4163967480748337,0.019893382678998067,-0.10081676384497151,0.6186720686414227,-0.20227532056658898,Normal
b0f4ef1f-861d-4ce4-9500-bb53eff77c24,40008,2022-10-18 10:54:10.628000+00:00,j7,0.0363876218689142,0.004487600865873037,-0.3847905464812364,0.8926059592361647,-0.8562183373672505,Normal
b0f4ef1f-861d-4ce4-9500-bb53eff77c24,40008,2022-10-18 10:54:10.628000+00:00,j8,0.0597816540439743,0.010122807019048621,-0.1002974291114928,0.10566234587503362,-0.04588069183105932,Normal
b0f4ef1f-861d-4ce4-9500-bb53eff77c24,40009,2022-10-18 10:54:12.628000+00:00,j1,7.48740127324308,0.31713779202445985,3.127367638864966,0.7209695202901605,6.766431752952919,Normal
b0f4ef1f-861d-4ce4-9500-bb53eff77c24,40009,2022-10-18 10:54:12.628000+00:00,j2,16.71894950216291,0.323301203621644,1.9049147919602192,3.7023820026023095,13.016567499560601,Normal
b0f4ef1f-861d-4ce4-9500-bb53eff77c24,40009,2022-10-18 10:54:12.628000+00:00,j3,26.38150421889425,0.6302986800055775,4.6306583311579805,2.686901071874391,23.69460314701986,Normal
b0f4ef1f-861d-4ce4-9500-bb53eff77c24,40009,2022-10-18 10:54:12.628000+00:00,j4,2.2929592191353367,0.14636252459963978,1.06213855838064,0.6360018302028513,1.6569573889324856,Normal
b0f4ef1f-861d-4ce4-9500-bb53eff77c24,40009,2022-10-18 10:54:12.628000+00:00,j5,4.075062871075766,0.19638137933626365,1.485859561095869,0.9579207596336159,3.11714211144215,Normal
b0f4ef1f-861d-4ce4-9500-bb53eff77c24,40009,2022-10-18 10:54:12.628000+00:00,j6,2.7990975590113005,0.13372707437007622,1.2116225509653098,0.618673017532517,2.1804245414787835,Normal
b0f4ef1f-861d-4ce4-9500-bb53eff77c24,40009,2022-10-18 10:54:12.628000+00:00,j7,0.0837427920133996,0.01032780397971008,-0.36293549162275274,0.8926070666733955,-0.8088642746599959,Normal
b0f4ef1f-861d-4ce4-9500-bb53eff77c24,40009,2022-10-18 10:54:12.628000+00:00,j8,0.0601712179312327,0.010188771738750196,-0.0993766265846275,0.10566251587480854,-0.04549129794357584,Normal
b0f4ef1f-861d-4ce4-9500-bb53eff77c24,40010,2022-10-18 10:54:14.628000+00:00,j1,1.016440455897195,0.04305254522146759,0.13445193018429064,0.7209692849444471,0.2954711709527478,Normal
b0f4ef1f-861d-4ce4-9500-bb53eff77c24,40010,2022-10-18 10:54:14.628000+00:00,j2,8.692509738103139,0.16809063634399046,0.7382599107192617,3.702386391009145,4.990123347093994,Normal
b0f4ef1f-861d-4ce4-9500-bb53eff77c24,40010,2022-10-18 10:54:14.628000+00:00,j3,0.1066149681100193,0.002547211603667931,-0.5093514594467331,2.686899916437199,-2.5802849483271797,Normal
b0f4ef1f-861d-4ce4-9500-bb53eff77c24,40010,2022-10-18 10:54:14.628000+00:00,j4,10.047347560785973,0.6413350670410992,5.985944892033359,0.6360026082097442,9.41134495257623,Normal
b0f4ef1f-861d-4ce4-9500-bb53eff77c24,40010,2022-10-18 10:54:14.628000+00:00,j5,5.56634890533838,0.2682479535852364,2.1959418638107344,0.9579209272571737,4.608427978081206,Normal
b0f4ef1f-861d-4ce4-9500-bb53eff77c24,40010,2022-10-18 10:54:14.628000+00:00,j6,4.948506011106094,0.2364152079078292,2.395559763378479,0.6186739664236114,4.329832044682482,Normal
b0f4ef1f-861d-4ce4-9500-bb53eff77c24,40010,2022-10-18 10:54:14.628000+00:00,j7,1.6492938565562678,0.20340357953109187,0.35958760976085136,0.8926081741106263,0.7566856824456415,Normal
b0f4ef1f-861d-4ce4-9500-bb53eff77c24,40010,2022-10-18 10:54:14.628000+00:00,j8,0.06048883157954,0.010242553149115083,-0.09862589105832785,0.10566268587458347,-0.04517385429504347,Normal
b0f4ef1f-861d-4ce4-9500-bb53eff77c24,40011,2022-10-18 10:54:16.628000+00:00,j1,3.710462760758591,0.15716106622214934,1.3804773510371533,0.7209690495987338,2.989493711159857,Normal
b0f4ef1f-861d-4ce4-9500-bb53eff77c24,40011,2022-10-18 10:54:16.628000+00:00,j2,12.032008226795533,0.23266789227428905,1.223660951187441,3.7023907794159796,8.329617447379553,Normal
b0f4ef1f-861d-4ce4-9500-bb53eff77c24,40011,2022-10-18 10:54:16.628000+00:00,j3,3.1171304931581845,0.07447351064370383,0.07957887345859779,2.686898761000007,0.43023173215817767,Normal
b0f4ef1f-861d-4ce4-9500-bb53eff77c24,40011,2022-10-18 10:54:16.628000+00:00,j4,0.3887411324802183,0.024813844524885793,-0.14698338169138828,0.6360033862166372,-0.2472622537364189,Normal
b0f4ef1f-861d-4ce4-9500-bb53eff77c24,40011,2022-10-18 10:54:16.628000+00:00,j5,3.629653039113699,0.17491663144452055,1.2737757409132078,0.9579210948807314,2.6717319442329677,Normal
b0f4ef1f-861d-4ce4-9500-bb53eff77c24,40011,2022-10-18 10:54:16.628000+00:00,j6,0.2819969997183347,0.013472425650927395,-0.17484683628799513,0.6186749153147058,-0.33667791559637106,Normal
b0f4ef1f-861d-4ce4-9500-bb53eff77c24,40011,2022-10-18 10:54:16.628000+00:00,j7,7.9488358474817,0.9803114575705557,3.26691188660181,0.8926092815478572,7.056226565933843,Normal
b0f4ef1f-861d-4ce4-9500-bb53eff77c24,40011,2022-10-18 10:54:16.628000+00:00,j8,0.0571252675081606,0.0096730019960852,-0.10657626427694485,0.10566285587435838,-0.04853758836619778,Normal
b0f4ef1f-861d-4ce4-9500-bb53eff77c24,40012,2022-10-18 10:54:18.628000+00:00,j1,0.104812273069686,0.00443944856771213,-0.2871896754249912,0.7209688142530203,-0.6161565411833343,Normal
b0f4ef1f-861d-4ce4-9500-bb53eff77c24,40012,2022-10-18 10:54:18.628000+00:00,j2,11.138668187956425,0.21539300848073933,1.093812656357346,3.7023951678228144,7.43627302013361,Normal
b0f4ef1f-861d-4ce4-9500-bb53eff77c24,40012,2022-10-18 10:54:18.628000+00:00,j3,2.784968954556362,0.06653761064375587,0.014599967394332117,2.686897605562815,0.09807134899354697,Normal
b0f4ef1f-861d-4ce4-9500-bb53eff77c24,40012,2022-10-18 10:54:18.628000+00:00,j4,3.315798722870324,0.21165168054169295,1.7116112704641429,0.6360041642235301,2.679794558646794,Normal
b0f4ef1f-861d-4ce4-9500-bb53eff77c24,40012,2022-10-18 10:54:18.628000+00:00,j5,5.046024423625917,0.24317299335667306,1.9481871087573246,0.9579212625042891,4.088103161121627,Normal
b0f4ef1f-861d-4ce4-9500-bb53eff77c24,40012,2022-10-18 10:54:18.628000+00:00,j6,0.1792241914175332,0.008562447813742843,-0.23145615689103785,0.6186758642058001,-0.4394516727882669,Normal
b0f4ef1f-861d-4ce4-9500-bb53eff77c24,40012,2022-10-18 10:54:18.628000+00:00,j7,5.475407693877731,0.675269309892573,2.1253911651980104,0.892610388985088,4.582797304892643,Normal
b0f4ef1f-861d-4ce4-9500-bb53eff77c24,40012,2022-10-18 10:54:18.628000+00:00,j8,0.0570213062145058,0.009655398265811292,-0.10682199501591867,0.1056630258741333,-0.0486417196596275,Normal
b0f4ef1f-861d-4ce4-9500-bb53eff77c24,40013,2022-10-18 10:54:20.628000+00:00,j1,1.569166426701085,0.06646391153914283,0.39009591989604525,0.7209685789073069,0.848197847793778,Normal
b0f4ef1f-861d-4ce4-9500-bb53eff77c24,40013,2022-10-18 10:54:20.628000+00:00,j2,14.459078641711937,0.27960115122787604,1.5764392227390038,3.7023995562296492,10.756679085482288,Normal
b0f4ef1f-861d-4ce4-9500-bb53eff77c24,40013,2022-10-18 10:54:20.628000+00:00,j3,2.591169744821616,0.061907420300232906,-0.023311889281460278,2.686896450125623,-0.09572670530400673,Normal
b0f4ef1f-861d-4ce4-9500-bb53eff77c24,40013,2022-10-18 10:54:20.628000+00:00,j4,3.66522330269238,0.23395589913970627,1.9334855026354383,0.636004942230423,3.0292183604619574,Normal
b0f4ef1f-861d-4ce4-9500-bb53eff77c24,40013,2022-10-18 10:54:20.628000+00:00,j5,9.501527169918438,0.45788815300829644,4.069694034425123,0.9579214301278468,8.543605739790591,Normal
b0f4ef1f-861d-4ce4-9500-bb53eff77c24,40013,2022-10-18 10:54:20.628000+00:00,j6,1.7859570902506403,0.08532422025121279,0.6535644949460124,0.6186768130968945,1.1672802771537458,Normal
b0f4ef1f-861d-4ce4-9500-bb53eff77c24,40013,2022-10-18 10:54:20.628000+00:00,j7,0.1554090262153125,0.01916623414194923,-0.3298605501706389,0.8926114964223189,-0.7372024702070064,Normal
b0f4ef1f-861d-4ce4-9500-bb53eff77c24,40013,2022-10-18 10:54:20.628000+00:00,j8,0.0590581103186943,0.01000028960767915,-0.10200765152256921,0.10566319587390822,-0.04660508555521393,Normal
b0f4ef1f-861d-4ce4-9500-bb53eff77c24,40014,2022-10-18 10:54:22.628000+00:00,j1,2.8609975747605323,0.12118095728211054,0.9875870568576689,0.7209683435615936,2.140029231198939,Normal
b0f4ef1f-861d-4ce4-9500-bb53eff77c24,40014,2022-10-18 10:54:22.628000+00:00,j2,0.3116895977808827,0.006027269961301637,-0.4799046819175135,3.702403944636484,-3.390714346855601,Normal
b0f4ef1f-861d-4ce4-9500-bb53eff77c24,40014,2022-10-18 10:54:22.628000+00:00,j3,11.20817706631426,0.26778227471605354,1.6623851112059045,2.686895294688431,8.52128177162583,Normal
b0f4ef1f-861d-4ce4-9500-bb53eff77c24,40014,2022-10-18 10:54:22.628000+00:00,j4,2.3251280282390177,0.14841590089804343,1.0825647969222414,0.6360057202373159,1.6891223080017017,Normal
b0f4ef1f-861d-4ce4-9500-bb53eff77c24,40014,2022-10-18 10:54:22.628000+00:00,j5,1.5234911741087225,0.07341857233704802,0.2709176488822828,0.9579215977514045,0.565569576357318,Normal
b0f4ef1f-861d-4ce4-9500-bb53eff77c24,40014,2022-10-18 10:54:22.628000+00:00,j6,5.886606077154744,0.28123300173398386,2.9122840630711777,0.618677761987989,5.267928315166755,Normal
b0f4ef1f-861d-4ce4-9500-bb53eff77c24,40014,2022-10-18 10:54:22.628000+00:00,j7,0.3444249570683168,0.04247712975407435,-0.24262712823770524,0.8926126038595497,-0.5481876467912329,Normal
b0f4ef1f-861d-4ce4-9500-bb53eff77c24,40014,2022-10-18 10:54:22.628000+00:00,j8,0.0585902235171923,0.009921062495714656,-0.10311358398500045,0.10566336587368313,-0.047073142356490835,Normal
b0f4ef1f-861d-4ce4-9500-bb53eff77c24,40015,2022-10-18 10:54:24.628000+00:00,j1,1.490240905006739,0.06312092713493152,0.3535916911790937,0.7209681082158802,0.7692727967908587,Normal
b0f4ef1f-861d-4ce4-9500-bb53eff77c24,40015,2022-10-18 10:54:24.628000+00:00,j2,23.561474270610287,0.45561791964281256,2.899485878990162,3.702408333043319,19.859065937566967,Normal
b0f4ef1f-861d-4ce4-9500-bb53eff77c24,40015,2022-10-18 10:54:24.628000+00:00,j3,15.74384727214902,0.376147094248626,2.5496729335227553,2.6868941392512387,13.056953132897782,Normal
b0f4ef1f-861d-4ce4-9500-bb53eff77c24,40015,2022-10-18 10:54:24.628000+00:00,j4,1.112864420810575,0.07103556173509858,0.31281340386236267,0.636006498244209,0.47685792256636594,Normal
b0f4ef1f-861d-4ce4-9500-bb53eff77c24,40015,2022-10-18 10:54:24.628000+00:00,j5,4.37736813661158,0.2109497742064185,1.6298035223096157,0.9579217653749622,3.419446371236618,Normal
b0f4ef1f-861d-4ce4-9500-bb53eff77c24,40015,2022-10-18 10:54:24.628000+00:00,j6,1.2113168122115971,0.05787074227222029,0.3370411239418545,0.6186787108790833,0.5926381013325138,Normal
b0f4ef1f-861d-4ce4-9500-bb53eff77c24,40015,2022-10-18 10:54:24.628000+00:00,j7,0.4383566955301701,0.05406151282733263,-0.19927635384975587,0.8926137112967806,-0.4542570157666105,Normal
b0f4ef1f-861d-4ce4-9500-bb53eff77c24,40015,2022-10-18 10:54:24.628000+00:00,j8,0.059709143787035,0.01011052888205766,-0.1004688198127286,0.10566353587345806,-0.04595439208642306,Normal
b0f4ef1f-861d-4ce4-9500-bb53eff77c24,40016,2022-10-18 10:54:26.628000+00:00,j1,3.307981872922941,0.14011350920708962,1.19432394883789,0.7209678728701668,2.587014000052774,Normal
b0f4ef1f-861d-4ce4-9500-bb53eff77c24,40016,2022-10-18 10:54:26.628000+00:00,j2,5.786069134834669,0.11188759887623861,0.315804473873748,3.7024127214501537,2.0836564133845155,Normal
b0f4ef1f-861d-4ce4-9500-bb53eff77c24,40016,2022-10-18 10:54:26.628000+00:00,j3,6.723836433263456,0.1606438053454178,0.7851386064428177,2.6868929838140465,4.036943449449409,Normal
b0f4ef1f-861d-4ce4-9500-bb53eff77c24,40016,2022-10-18 10:54:26.628000+00:00,j4,0.947726439387414,0.060494592813070985,0.207955689361453,0.6360072762511019,0.3117191631363121,Normal
b0f4ef1f-861d-4ce4-9500-bb53eff77c24,40016,2022-10-18 10:54:26.628000+00:00,j5,1.0420154226664116,0.05021577150265395,0.04166088496805681,0.95792193299852,0.08409348966789154,Normal
b0f4ef1f-861d-4ce4-9500-bb53eff77c24,40016,2022-10-18 10:54:26.628000+00:00,j6,0.6512834107888185,0.031115108807181668,0.028563513047306678,0.6186796597701777,0.03260375101864077,Normal
b0f4ef1f-861d-4ce4-9500-bb53eff77c24,40016,2022-10-18 10:54:26.628000+00:00,j7,8.168584551160473,1.0074125546539514,3.368328901033961,0.8926148187340114,7.275969732426462,Normal
b0f4ef1f-861d-4ce4-9500-bb53eff77c24,40016,2022-10-18 10:54:26.628000+00:00,j8,0.0579609670499198,0.009814510713473865,-0.10460094193593526,0.10566370587323298,-0.04770273882331318,Normal
b0f4ef1f-861d-4ce4-9500-bb53eff77c24,40017,2022-10-18 10:54:28.628000+00:00,j1,0.4985424575151657,0.021116359126071745,-0.10508360381197437,0.7209676375244534,-0.22242518000928768,Normal
b0f4ef1f-861d-4ce4-9500-bb53eff77c24,40017,2022-10-18 10:54:28.628000+00:00,j2,11.449164444531014,0.22139720231227122,1.1389437461042362,3.7024171098569885,7.746747334674026,Normal
b0f4ef1f-861d-4ce4-9500-bb53eff77c24,40017,2022-10-18 10:54:28.628000+00:00,j3,6.597989147184477,0.1576371011923978,0.7605198049554746,2.6868918283768544,3.911097318807623,Normal
b0f4ef1f-861d-4ce4-9500-bb53eff77c24,40017,2022-10-18 10:54:28.628000+00:00,j4,0.0253976729681342,0.001621166003978872,-0.3776956891505821,0.6360080542579948,-0.6106103812898606,Normal
b0f4ef1f-861d-4ce4-9500-bb53eff77c24,40017,2022-10-18 10:54:28.628000+00:00,j5,0.2858783889794561,0.013776767163200582,-0.3183770378130737,0.9579221006220777,-0.6720437116426217,Normal
b0f4ef1f-861d-4ce4-9500-bb53eff77c24,40017,2022-10-18 10:54:28.628000+00:00,j6,0.0781580263427601,0.0037340049716053716,-0.28712542423354803,0.6186806086612721,-0.5405225823185119,Normal
b0f4ef1f-861d-4ce4-9500-bb53eff77c24,40017,2022-10-18 10:54:28.628000+00:00,j7,0.6662559421647366,0.08216779743734172,-0.09409775302942787,0.8926159261712422,-0.2263599840065056,Normal
b0f4ef1f-861d-4ce4-9500-bb53eff77c24,40017,2022-10-18 10:54:28.628000+00:00,j8,0.0584468150205531,0.00989677918406017,-0.10345255510218652,0.10566387587300789,-0.04721706085245479,Normal
b0f4ef1f-861d-4ce4-9500-bb53eff77c24,40018,2022-10-18 10:54:30.628000+00:00,j1,0.3900775595784981,0.016522199284963894,-0.15525023378211944,0.72096740217874,-0.3308898426002419,Normal
b0f4ef1f-861d-4ce4-9500-bb53eff77c24,40018,2022-10-18 10:54:30.628000+00:00,j2,10.81463803212503,0.2091271040723047,1.046714394352978,3.7024214982638233,7.112216533861207,Normal
b0f4ef1f-861d-4ce4-9500-bb53eff77c24,40018,2022-10-18 10:54:30.628000+00:00,j3,24.922843626496864,0.5954488155575237,4.345308708766401,2.6868906729396627,22.235952953557202,Normal
b0f4ef1f-861d-4ce4-9500-bb53eff77c24,40018,2022-10-18 10:54:30.628000+00:00,j4,4.459463845833716,0.2846532905557609,2.437804662891815,0.6360088322648878,3.8234550135688288,Normal
b0f4ef1f-861d-4ce4-9500-bb53eff77c24,40018,2022-10-18 10:54:30.628000+00:00,j5,1.0267542458490038,0.049480320038832494,0.0343942095431763,0.9579222682456354,0.06883197760336834,Normal
b0f4ef1f-861d-4ce4-9500-bb53eff77c24,40018,2022-10-18 10:54:30.628000+00:00,j6,0.5258276568647602,0.02512145171540011,-0.040540028179250065,0.6186815575523664,-0.09285390068760624,Normal
b0f4ef1f-861d-4ce4-9500-bb53eff77c24,40018,2022-10-18 10:54:30.628000+00:00,j7,1.419963568293316,0.17512080788178747,0.2537485637727052,0.8926170336084731,0.5273465346848429,Normal
b0f4ef1f-861d-4ce4-9500-bb53eff77c24,40018,2022-10-18 10:54:30.628000+00:00,j8,0.0396625172914096,0.006716040478493372,-0.14785253513142532,0.10566404587278282,-0.06600152858137322,Normal
b0f4ef1f-861d-4ce4-9500-bb53eff77c24,40019,2022-10-18 10:54:32.628000+00:00,j1,0.9823412037718624,0.041608230814630776,0.1186805184541189,0.7209671668330266,0.26137403693883576,Normal
b0f4ef1f-861d-4ce4-9500-bb53eff77c24,40019,2022-10-18 10:54:32.628000+00:00,j2,17.91062711488972,0.3463451637983108,2.07812689404047,3.7024258866706585,14.208201228219062,Normal
b0f4ef1f-861d-4ce4-9500-bb53eff77c24,40019,2022-10-18 10:54:32.628000+00:00,j3,6.443619854920853,0.15394895815325021,0.7303214027460317,2.6868895175024705,3.7567303374183827,Normal
b0f4ef1f-861d-4ce4-9500-bb53eff77c24,40019,2022-10-18 10:54:32.628000+00:00,j4,0.864951341847598,0.05521095228915558,0.15539596039532408,0.6360096102717807,0.22894173157581732,Normal
b0f4ef1f-861d-4ce4-9500-bb53eff77c24,40019,2022-10-18 10:54:32.628000+00:00,j5,0.2348528622125365,0.011317795695797961,-0.342673063331618,0.9579224358691931,-0.7230695736566566,Normal
b0f4ef1f-861d-4ce4-9500-bb53eff77c24,40019,2022-10-18 10:54:32.628000+00:00,j6,0.0,0.0,-0.3301764300792632,0.6186825064434608,-0.6186825064434608,Normal
b0f4ef1f-861d-4ce4-9500-bb53eff77c24,40019,2022-10-18 10:54:32.628000+00:00,j7,7.398740626593014,0.9124694920124381,3.0130354631145653,0.8926181410457039,6.50612248554731,Normal
b0f4ef1f-861d-4ce4-9500-bb53eff77c24,40019,2022-10-18 10:54:32.628000+00:00,j8,0.0583317167289307,0.009877289629732037,-0.10372461008785179,0.10566421587255774,-0.04733249914362704,Normal
b0f4ef1f-861d-4ce4-9500-bb53eff77c24,40020,2022-10-18 10:54:34.628000+00:00,j1,2.0234613823154577,0.08570611506124526,0.6002140997786927,0.7209669314873133,1.3024944508281444,Normal
b0f4ef1f-861d-4ce4-9500-bb53eff77c24,40020,2022-10-18 10:54:34.628000+00:00,j2,14.74444049713164,0.2851193108056031,1.6179169901342183,3.7024302750774933,11.042010222054147,Normal
b0f4ef1f-861d-4ce4-9500-bb53eff77c24,40020,2022-10-18 10:54:34.628000+00:00,j3,24.15107052232712,0.5770098529879214,4.19433104816829,2.6868883620652784,21.464182160261842,Normal
b0f4ef1f-861d-4ce4-9500-bb53eff77c24,40020,2022-10-18 10:54:34.628000+00:00,j4,4.012703229271665,0.2561359880298261,2.1541249377432328,0.6360103882786736,3.376692840992991,Normal
b0f4ef1f-861d-4ce4-9500-bb53eff77c24,40020,2022-10-18 10:54:34.628000+00:00,j5,1.543699366672211,0.07439242546645092,0.28053986727600805,0.9579226034927508,0.5857767631794601,Normal
b0f4ef1f-861d-4ce4-9500-bb53eff77c24,40020,2022-10-18 10:54:34.628000+00:00,j6,0.1790345596945431,0.008553388145407388,-0.23156060984100332,0.6186834553345552,-0.4396488956400121,Normal
b0f4ef1f-861d-4ce4-9500-bb53eff77c24,40020,2022-10-18 10:54:34.628000+00:00,j7,7.67798243615726,0.9469077356245881,3.1419093547759918,0.8926192484829347,6.785363187674325,Normal
b0f4ef1f-861d-4ce4-9500-bb53eff77c24,40020,2022-10-18 10:54:34.628000+00:00,j8,0.0569288496600918,0.009639742629095543,-0.10704053228724743,0.10566438587233265,-0.04873553621224085,Normal
b0f4ef1f-861d-4ce4-9500-bb53eff77c24,40021,2022-10-18 10:54:36.628000+00:00,j1,1.6846183984403569,0.0713540172067938,0.4434941755137248,0.7209666961415999,0.963651702298757,Normal
b0f4ef1f-861d-4ce4-9500-bb53eff77c24,40021,2022-10-18 10:54:36.628000+00:00,j2,30.143666885781325,0.5829004857322067,3.856217302820516,3.702434663484328,26.441232222296996,Normal
b0f4ef1f-861d-4ce4-9500-bb53eff77c24,40021,2022-10-18 10:54:36.628000+00:00,j3,9.79750314711058,0.23407889291436026,1.3864228535974843,2.6868872066280862,7.110615940482495,Normal
b0f4ef1f-861d-4ce4-9500-bb53eff77c24,40021,2022-10-18 10:54:36.628000+00:00,j4,1.1209018775830286,0.07154860289813349,0.31791695024397754,0.6360111662855666,0.484890711297462,Normal
b0f4ef1f-861d-4ce4-9500-bb53eff77c24,40021,2022-10-18 10:54:36.628000+00:00,j5,0.3295410622648488,0.015880915314178796,-0.2975868668620603,0.9579227711163086,-0.6283817088514598,Normal
b0f4ef1f-861d-4ce4-9500-bb53eff77c24,40021,2022-10-18 10:54:36.628000+00:00,j6,5.131583097027205,0.24516172801593036,2.4964022880046954,0.6186844042256496,4.5128986928015555,Normal
b0f4ef1f-861d-4ce4-9500-bb53eff77c24,40021,2022-10-18 10:54:36.628000+00:00,j7,2.202684856784843,0.27165200589812677,0.6149850802225865,0.8926203559201656,1.3100645008646774,Normal
b0f4ef1f-861d-4ce4-9500-bb53eff77c24,40021,2022-10-18 10:54:36.628000+00:00,j8,0.0768340429944464,0.01301028220386722,-0.05999111903437414,0.10566455587210757,-0.02883051287766117,Normal
b0f4ef1f-861d-4ce4-9500-bb53eff77c24,40022,2022-10-18 10:54:38.628000+00:00,j1,0.8788385658768894,0.0372242534033999,0.07080900762447845,0.7209664607958864,0.1578721050810029,Normal
b0f4ef1f-861d-4ce4-9500-bb53eff77c24,40022,2022-10-18 10:54:38.628000+00:00,j2,19.049278620602923,0.36836373633213243,2.243631573103901,3.702439051891163,15.34683956871176,Normal
b0f4ef1f-861d-4ce4-9500-bb53eff77c24,40022,2022-10-18 10:54:38.628000+00:00,j3,19.62000906687953,0.46875514428380677,3.3079448099413433,2.686886051190894,16.933123015688636,Normal
b0f4ef1f-861d-4ce4-9500-bb53eff77c24,40022,2022-10-18 10:54:38.628000+00:00,j4,5.272860071090967,0.33657341370272287,2.9542871124718864,0.6360119442924596,4.636848126798508,Normal
b0f4ef1f-861d-4ce4-9500-bb53eff77c24,40022,2022-10-18 10:54:38.628000+00:00,j5,0.3870678193670728,0.018653187611782546,-0.27019525236802117,0.9579229387398663,-0.5708551193727935,Normal
b0f4ef1f-861d-4ce4-9500-bb53eff77c24,40022,2022-10-18 10:54:38.628000+00:00,j6,0.7739997243044656,0.03697788894898032,0.09615811564586774,0.618685353116744,0.15531437118772162,Normal
b0f4ef1f-861d-4ce4-9500-bb53eff77c24,40022,2022-10-18 10:54:38.628000+00:00,j7,1.4882890927398786,0.18354723607135723,0.2852817222527235,0.8926214633573964,0.5956676293824822,Normal
b0f4ef1f-861d-4ce4-9500-bb53eff77c24,40022,2022-10-18 10:54:38.628000+00:00,j8,1.227815044977898,0.20790550134750813,2.660554212975153,0.1056647258718825,1.1221503191060154,Normal
b0f4ef1f-861d-4ce4-9500-bb53eff77c24,40023,2022-10-18 10:54:40.628000+00:00,j1,0.0262874219888554,0.0011134350441925596,-0.3235085880185654,0.7209662254501731,-0.6946788034613177,Normal
b0f4ef1f-861d-4ce4-9500-bb53eff77c24,40023,2022-10-18 10:54:40.628000+00:00,j2,4.009324626032778,0.07752995947135342,0.05755203383259235,3.7024434402979978,0.3068811857347802,Normal
b0f4ef1f-861d-4ce4-9500-bb53eff77c24,40023,2022-10-18 10:54:40.628000+00:00,j3,8.78269686730526,0.20983345742609252,1.1879019706365481,2.686884895753702,6.095811971551559,Normal
b0f4ef1f-861d-4ce4-9500-bb53eff77c24,40023,2022-10-18 10:54:40.628000+00:00,j4,0.0750485233334854,0.004790443393365721,-0.34616887352967135,0.6360127222993525,-0.560964198965867,Normal
b0f4ef1f-861d-4ce4-9500-bb53eff77c24,40023,2022-10-18 10:54:40.628000+00:00,j5,0.9684141145574388,0.04666885042077682,0.006615303406845552,0.957923106363424,0.010491008194014717,Normal
b0f4ef1f-861d-4ce4-9500-bb53eff77c24,40023,2022-10-18 10:54:40.628000+00:00,j6,1.3146690232102896,0.06280840111231295,0.39396959115211233,0.6186863020078384,0.6959827212024512,Normal
b0f4ef1f-861d-4ce4-9500-bb53eff77c24,40023,2022-10-18 10:54:40.628000+00:00,j7,0.5094253804478173,0.06282624862462721,-0.16647718951655915,0.8926225707946273,-0.38319719034681,Normal
b0f4ef1f-861d-4ce4-9500-bb53eff77c24,40023,2022-10-18 10:54:40.628000+00:00,j8,1.3355807405057358,0.22615342968852417,2.9152773225779947,0.10566489587165741,1.2299158446340783,Normal
b0f4ef1f-861d-4ce4-9500-bb53eff77c24,40024,2022-10-18 10:54:42.628000+00:00,j1,9.421830335135382,0.399072837192775,4.022069877077643,0.7209659901044597,8.700864345030922,Normal
b0f4ef1f-861d-4ce4-9500-bb53eff77c24,40024,2022-10-18 10:54:42.628000+00:00,j2,4.89397841314458,0.09463687364228804,0.18613776913751331,3.7024478287048326,1.191530584439747,Normal
b0f4ef1f-861d-4ce4-9500-bb53eff77c24,40024,2022-10-18 10:54:42.628000+00:00,j3,2.7693848587988725,0.06616528028292712,0.01155133780709887,2.6868837403165102,0.0825011184823623,Normal
b0f4ef1f-861d-4ce4-9500-bb53eff77c24,40024,2022-10-18 10:54:42.628000+00:00,j4,0.4573870691171477,0.02919560260668746,-0.10339525033911089,0.6360135003062455,-0.17862643118909777,Normal
b0f4ef1f-861d-4ce4-9500-bb53eff77c24,40024,2022-10-18 10:54:42.628000+00:00,j5,0.7124674339911625,0.03433452239778989,-0.11525481683376469,0.9579232739869817,-0.2454558399958192,Normal
b0f4ef1f-861d-4ce4-9500-bb53eff77c24,40024,2022-10-18 10:54:42.628000+00:00,j6,0.791199510100572,0.03779960987360494,0.10563210204882421,0.6186872508989327,0.17251225920163926,Normal
b0f4ef1f-861d-4ce4-9500-bb53eff77c24,40024,2022-10-18 10:54:42.628000+00:00,j7,0.794156663925125,0.09794149630080175,-0.03506983100984127,0.8926236782318582,-0.09846701430673321,Normal
b0f4ef1f-861d-4ce4-9500-bb53eff77c24,40024,2022-10-18 10:54:42.628000+00:00,j8,0.0967391253079725,0.016380802979520003,-0.01294196819868779,0.10566506587143233,-0.008925940563459828,Normal
b0f4ef1f-861d-4ce4-9500-bb53eff77c24,40025,2022-10-18 10:54:44.628000+00:00,j1,0.2298998289550153,0.009737680869615586,-0.2293348186985944,0.7209657547587464,-0.4910659258037311,Normal
b0f4ef1f-861d-4ce4-9500-bb53eff77c24,40025,2022-10-18 10:54:44.628000+00:00,j2,3.8920895039658903,0.07526293569297238,0.04051173558919853,3.7024522171116674,0.18963728685422288,Normal
b0f4ef1f-861d-4ce4-9500-bb53eff77c24,40025,2022-10-18 10:54:44.628000+00:00,j3,6.694183893154521,0.1599353560949733,0.7793378456852181,2.686882584879318,4.007301308275203,Normal
b0f4ef1f-861d-4ce4-9500-bb53eff77c24,40025,2022-10-18 10:54:44.628000+00:00,j4,0.750100236280112,0.047879859078411115,0.08246891881517172,0.6360142783131384,0.11408595796697363,Normal
b0f4ef1f-861d-4ce4-9500-bb53eff77c24,40025,2022-10-18 10:54:44.628000+00:00,j5,0.0,0.0,-0.4544992706235773,0.9579234416105394,-0.9579234416105394,Normal
b0f4ef1f-861d-4ce4-9500-bb53eff77c24,40025,2022-10-18 10:54:44.628000+00:00,j6,0.0,0.0,-0.3301764300792632,0.6186881997900271,-0.6186881997900271,Normal
b0f4ef1f-861d-4ce4-9500-bb53eff77c24,40025,2022-10-18 10:54:44.628000+00:00,j7,0.0,0.0,-0.40158392869670473,0.892624785669089,-0.892624785669089,Normal
b0f4ef1f-861d-4ce4-9500-bb53eff77c24,40025,2022-10-18 10:54:44.628000+00:00,j8,0.0,0.0,-0.24160184644668103,0.10566523587120726,-0.10566523587120726,Normal
b0f4ef1f-861d-4ce4-9500-bb53eff77c24,40026,2022-10-18 10:54:46.628000+00:00,j1,0.0,0.0,-0.3356669120189621,0.7209655194130329,-0.7209655194130329,Normal
b0f4ef1f-861d-4ce4-9500-bb53eff77c24,40026,2022-10-18 10:54:46.628000+00:00,j2,0.0,0.0,-0.5252092255722672,3.702456605518502,-3.702456605518502,Normal
b0f4ef1f-861d-4ce4-9500-bb53eff77c24,40026,2022-10-18 10:54:46.628000+00:00,j3,0.0,0.0,-0.5302079500176364,2.686881429442126,-2.686881429442126,Normal
b0f4ef1f-861d-4ce4-9500-bb53eff77c24,40026,2022-10-18 10:54:46.628000+00:00,j4,0.0,0.0,-0.39382245731214677,0.6360150563200313,-0.6360150563200313,Normal
b0f4ef1f-861d-4ce4-9500-bb53eff77c24,40026,2022-10-18 10:54:46.628000+00:00,j5,0.0,0.0,-0.4544992706235773,0.9579236092340971,-0.9579236092340971,Normal
b0f4ef1f-861d-4ce4-9500-bb53eff77c24,40026,2022-10-18 10:54:46.628000+00:00,j6,0.0,0.0,-0.3301764300792632,0.6186891486811215,-0.6186891486811215,Normal
b0f4ef1f-861d-4ce4-9500-bb53eff77c24,40026,2022-10-18 10:54:46.628000+00:00,j7,0.0,0.0,-0.40158392869670473,0.8926258931063198,-0.8926258931063198,Normal
b0f4ef1f-861d-4ce4-9500-bb53eff77c24,40026,2022-10-18 10:54:46.628000+00:00,j8,0.0,0.0,-0.24160184644668103,0.10566540587098217,-0.10566540587098217,Normal
b0f4ef1f-861d-4ce4-9500-bb53eff77c24,40027,2022-10-18 10:54:48.628000+00:00,j1,0.0,0.0,-0.3356669120189621,0.7209652840673195,-0.7209652840673195,Normal
b0f4ef1f-861d-4ce4-9500-bb53eff77c24,40027,2022-10-18 10:54:48.628000+00:00,j2,0.0,0.0,-0.5252092255722672,3.702460993925337,-3.702460993925337,Normal
b0f4ef1f-861d-4ce4-9500-bb53eff77c24,40027,2022-10-18 10:54:48.628000+00:00,j3,0.0,0.0,-0.5302079500176364,2.686880274004934,-2.686880274004934,Normal
b0f4ef1f-861d-4ce4-9500-bb53eff77c24,40027,2022-10-18 10:54:48.628000+00:00,j4,0.0,0.0,-0.39382245731214677,0.6360158343269243,-0.6360158343269243,Normal
b0f4ef1f-861d-4ce4-9500-bb53eff77c24,40027,2022-10-18 10:54:48.628000+00:00,j5,0.0,0.0,-0.4544992706235773,0.957923776857655,-0.957923776857655,Normal
b0f4ef1f-861d-4ce4-9500-bb53eff77c24,40027,2022-10-18 10:54:48.628000+00:00,j6,0.0,0.0,-0.3301764300792632,0.6186900975722158,-0.6186900975722158,Normal
b0f4ef1f-861d-4ce4-9500-bb53eff77c24,40027,2022-10-18 10:54:48.628000+00:00,j7,0.0,0.0,-0.40158392869670473,0.8926270005435506,-0.8926270005435506,Normal
b0f4ef1f-861d-4ce4-9500-bb53eff77c24,40027,2022-10-18 10:54:48.628000+00:00,j8,0.0,0.0,-0.24160184644668103,0.10566557587075709,-0.10566557587075709,Normal
b0f4ef1f-861d-4ce4-9500-bb53eff77c24,40028,2022-10-18 10:54:50.628000+00:00,j1,0.0,0.0,-0.3356669120189621,0.7209650487216062,-0.7209650487216062,Normal
b0f4ef1f-861d-4ce4-9500-bb53eff77c24,40028,2022-10-18 10:54:50.628000+00:00,j2,0.0,0.0,-0.5252092255722672,3.7024653823321723,-3.7024653823321723,Normal
b0f4ef1f-861d-4ce4-9500-bb53eff77c24,40028,2022-10-18 10:54:50.628000+00:00,j3,0.0,0.0,-0.5302079500176364,2.6868791185677416,-2.6868791185677416,Normal
b0f4ef1f-861d-4ce4-9500-bb53eff77c24,40028,2022-10-18 10:54:50.628000+00:00,j4,0.0,0.0,-0.39382245731214677,0.6360166123338172,-0.6360166123338172,Normal
b0f4ef1f-861d-4ce4-9500-bb53eff77c24,40028,2022-10-18 10:54:50.628000+00:00,j5,0.0,0.0,-0.4544992706235773,0.9579239444812127,-0.9579239444812127,Normal
b0f4ef1f-861d-4ce4-9500-bb53eff77c24,40028,2022-10-18 10:54:50.628000+00:00,j6,0.0,0.0,-0.3301764300792632,0.6186910464633103,-0.6186910464633103,Normal
b0f4ef1f-861d-4ce4-9500-bb53eff77c24,40028,2022-10-18 10:54:50.628000+00:00,j7,0.0,0.0,-0.40158392869670473,0.8926281079807815,-0.8926281079807815,Normal
b0f4ef1f-861d-4ce4-9500-bb53eff77c24,40028,2022-10-18 10:54:50.628000+00:00,j8,0.0,0.0,-0.24160184644668103,0.10566574587053201,-0.10566574587053201,Normal
b0f4ef1f-861d-4ce4-9500-bb53eff77c24,40029,2022-10-18 10:54:52.628000+00:00,j1,0.0,0.0,-0.3356669120189621,0.7209648133758928,-0.7209648133758928,Normal
b0f4ef1f-861d-4ce4-9500-bb53eff77c24,40029,2022-10-18 10:54:52.628000+00:00,j2,0.0,0.0,-0.5252092255722672,3.702469770739007,-3.702469770739007,Normal
b0f4ef1f-861d-4ce4-9500-bb53eff77c24,40029,2022-10-18 10:54:52.628000+00:00,j3,0.0,0.0,-0.5302079500176364,2.6868779631305495,-2.6868779631305495,Normal
b0f4ef1f-861d-4ce4-9500-bb53eff77c24,40029,2022-10-18 10:54:52.628000+00:00,j4,0.0,0.0,-0.39382245731214677,0.6360173903407101,-0.6360173903407101,Normal
b0f4ef1f-861d-4ce4-9500-bb53eff77c24,40029,2022-10-18 10:54:52.628000+00:00,j5,0.0,0.0,-0.4544992706235773,0.9579241121047704,-0.9579241121047704,Normal
b0f4ef1f-861d-4ce4-9500-bb53eff77c24,40029,2022-10-18 10:54:52.628000+00:00,j6,0.0,0.0,-0.3301764300792632,0.6186919953544047,-0.6186919953544047,Normal
b0f4ef1f-861d-4ce4-9500-bb53eff77c24,40029,2022-10-18 10:54:52.628000+00:00,j7,0.0,0.0,-0.40158392869670473,0.8926292154180123,-0.8926292154180123,Normal
b0f4ef1f-861d-4ce4-9500-bb53eff77c24,40029,2022-10-18 10:54:52.628000+00:00,j8,0.0,0.0,-0.24160184644668103,0.10566591587030692,-0.10566591587030692,Normal
b0f4ef1f-861d-4ce4-9500-bb53eff77c24,40030,2022-10-18 10:54:54.628000+00:00,j1,0.0,0.0,-0.3356669120189621,0.7209645780301794,-0.7209645780301794,Normal
b0f4ef1f-861d-4ce4-9500-bb53eff77c24,40030,2022-10-18 10:54:54.628000+00:00,j2,0.0,0.0,-0.5252092255722672,3.702474159145842,-3.702474159145842,Normal
b0f4ef1f-861d-4ce4-9500-bb53eff77c24,40030,2022-10-18 10:54:54.628000+00:00,j3,0.0,0.0,-0.5302079500176364,2.6868768076933573,-2.6868768076933573,Normal
b0f4ef1f-861d-4ce4-9500-bb53eff77c24,40030,2022-10-18 10:54:54.628000+00:00,j4,0.0,0.0,-0.39382245731214677,0.6360181683476032,-0.6360181683476032,Normal
b0f4ef1f-861d-4ce4-9500-bb53eff77c24,40030,2022-10-18 10:54:54.628000+00:00,j5,0.0,0.0,-0.4544992706235773,0.957924279728328,-0.957924279728328,Normal
b0f4ef1f-861d-4ce4-9500-bb53eff77c24,40030,2022-10-18 10:54:54.628000+00:00,j6,0.0,0.0,-0.3301764300792632,0.618692944245499,-0.618692944245499,Normal
b0f4ef1f-861d-4ce4-9500-bb53eff77c24,40030,2022-10-18 10:54:54.628000+00:00,j7,0.0,0.0,-0.40158392869670473,0.8926303228552431,-0.8926303228552431,Normal
b0f4ef1f-861d-4ce4-9500-bb53eff77c24,40030,2022-10-18 10:54:54.628000+00:00,j8,0.0,0.0,-0.24160184644668103,0.10566608587008185,-0.10566608587008185,Normal
b0f4ef1f-861d-4ce4-9500-bb53eff77c24,40031,2022-10-18 10:54:56.628000+00:00,j1,0.0,0.0,-0.3356669120189621,0.720964342684466,-0.720964342684466,Normal
b0f4ef1f-861d-4ce4-9500-bb53eff77c24,40031,2022-10-18 10:54:56.628000+00:00,j2,0.0,0.0,-0.5252092255722672,3.7024785475526767,-3.7024785475526767,Normal
b0f4ef1f-861d-4ce4-9500-bb53eff77c24,40031,2022-10-18 10:54:56.628000+00:00,j3,0.0,0.0,-0.5302079500176364,2.6868756522561656,-2.6868756522561656,Normal
b0f4ef1f-861d-4ce4-9500-bb53eff77c24,40031,2022-10-18 10:54:56.628000+00:00,j4,0.0,0.0,-0.39382245731214677,0.6360189463544961,-0.6360189463544961,Normal
b0f4ef1f-861d-4ce4-9500-bb53eff77c24,40031,2022-10-18 10:54:56.628000+00:00,j5,0.0,0.0,-0.4544992706235773,0.9579244473518858,-0.9579244473518858,Normal
b0f4ef1f-861d-4ce4-9500-bb53eff77c24,40031,2022-10-18 10:54:56.628000+00:00,j6,0.0,0.0,-0.3301764300792632,0.6186938931365934,-0.6186938931365934,Normal
b0f4ef1f-861d-4ce4-9500-bb53eff77c24,40031,2022-10-18 10:54:56.628000+00:00,j7,0.0,0.0,-0.40158392869670473,0.892631430292474,-0.892631430292474,Normal
b0f4ef1f-861d-4ce4-9500-bb53eff77c24,40031,2022-10-18 10:54:56.628000+00:00,j8,0.0,0.0,-0.24160184644668103,0.10566625586985677,-0.10566625586985677,Normal
b0f4ef1f-861d-4ce4-9500-bb53eff77c24,40032,2022-10-18 10:54:58.628000+00:00,j1,0.7209641073387526,0.030537292818455124,-0.0022102796646148812,0.7209641073387526,0.0,Normal
b0f4ef1f-861d-4ce4-9500-bb53eff77c24,40032,2022-10-18 10:54:58.628000+00:00,j2,3.702482935959512,0.07159643549551076,0.012952140727416234,3.7024829359595115,4.440892098500626e-16,Normal
b0f4ef1f-861d-4ce4-9500-bb53eff77c24,40032,2022-10-18 10:54:58.628000+00:00,j3,2.686874496818973,0.06419396841946383,-0.004589703335076976,2.6868744968189735,-4.440892098500626e-16,Normal
b0f4ef1f-861d-4ce4-9500-bb53eff77c24,40032,2022-10-18 10:54:58.628000+00:00,j4,0.636019724361389,0.04059795384751913,0.010031181319530036,0.636019724361389,0.0,Normal
b0f4ef1f-861d-4ce4-9500-bb53eff77c24,40032,2022-10-18 10:54:58.628000+00:00,j5,0.9579246149754436,0.04616335088331432,0.0016206827597121357,0.9579246149754435,1.1102230246251565e-16,Normal
b0f4ef1f-861d-4ce4-9500-bb53eff77c24,40032,2022-10-18 10:54:58.628000+00:00,j6,0.6186948420276878,0.029558187740138405,0.010613076861952746,0.6186948420276878,0.0,Normal
b0f4ef1f-861d-4ce4-9500-bb53eff77c24,40032,2022-10-18 10:54:58.628000+00:00,j7,0.8926325377297049,0.11008629702850656,0.010378123620448092,0.8926325377297049,0.0,Normal
b0f4ef1f-861d-4ce4-9500-bb53eff77c24,40032,2022-10-18 10:54:58.628000+00:00,j8,0.1056664258696316,0.017892459728265114,0.008159271377477576,0.10566642586963168,-8.326672684688674e-17,Normal
b0f4ef1f-861d-4ce4-9500-bb53eff77c24,40033,2022-10-18 10:55:00.628000+00:00,j1,12.422291146804014,0.5261609258556591,5.409827669158831,0.7209638719930392,11.701327274810975,Normal
b0f4ef1f-861d-4ce4-9500-bb53eff77c24,40033,2022-10-18 10:55:00.628000+00:00,j2,34.31247402065694,0.6635144240778799,4.4621595805701695,3.7024873243663463,30.609986696290598,Normal
b0f4ef1f-861d-4ce4-9500-bb53eff77c24,40033,2022-10-18 10:55:00.628000+00:00,j3,26.89226668111844,0.6425016576320671,4.730575938096222,2.6868733413817814,24.20539333973666,Normal
b0f4ef1f-861d-4ce4-9500-bb53eff77c24,40033,2022-10-18 10:55:00.628000+00:00,j4,9.13334743083002,0.5829932677677575,5.405581950360184,0.636020502368282,8.497326928461737,Normal
b0f4ef1f-861d-4ce4-9500-bb53eff77c24,40033,2022-10-18 10:55:00.628000+00:00,j5,10.782195190648242,0.5196048332999968,4.67948965798755,0.9579247825990013,9.824270408049241,Normal
b0f4ef1f-861d-4ce4-9500-bb53eff77c24,40033,2022-10-18 10:55:00.628000+00:00,j6,11.3296608335269,0.541275309249296,5.910427607631542,0.6186957909187821,10.710965042608118,Normal
b0f4ef1f-861d-4ce4-9500-bb53eff77c24,40033,2022-10-18 10:55:00.628000+00:00,j7,11.201795233067145,1.381491381006939,4.768196870004369,0.8926336451669357,10.30916158790021,Normal
b0f4ef1f-861d-4ce4-9500-bb53eff77c24,40033,2022-10-18 10:55:00.628000+00:00,j8,3.2589569930074838,0.5518380722508456,7.4615142078301115,0.1056665958694066,3.1532903971380772,Normal
b0f4ef1f-861d-4ce4-9500-bb53eff77c24,40034,2022-10-18 10:55:02.628000+00:00,j1,12.4222909114583,0.5261609158873113,5.409827560307935,0.7209636366473259,11.701327274810973,Normal
b0f4ef1f-861d-4ce4-9500-bb53eff77c24,40034,2022-10-18 10:55:02.628000+00:00,j2,34.31247840906377,0.6635145089383079,4.462160218431587,3.702491712773181,30.60998669629059,Normal
b0f4ef1f-861d-4ce4-9500-bb53eff77c24,40034,2022-10-18 10:55:02.628000+00:00,j3,26.89226552568125,0.6425016300267217,4.7305757120645,2.686872185944589,24.20539333973666,Normal
b0f4ef1f-861d-4ce4-9500-bb53eff77c24,40034,2022-10-18 10:55:02.628000+00:00,j4,9.133348208836914,0.5829933174289343,5.40558244437146,0.6360212803751749,8.497326928461739,Normal
b0f4ef1f-861d-4ce4-9500-bb53eff77c24,40034,2022-10-18 10:55:02.628000+00:00,j5,10.7821953582718,0.5196048413779447,4.679489737802233,0.957924950222559,9.824270408049241,Normal
b0f4ef1f-861d-4ce4-9500-bb53eff77c24,40034,2022-10-18 10:55:02.628000+00:00,j6,11.329661782417997,0.5412753545826321,5.910428130299758,0.6186967398098765,10.71096504260812,Normal
b0f4ef1f-861d-4ce4-9500-bb53eff77c24,40034,2022-10-18 10:55:02.628000+00:00,j7,11.201796340504377,1.3814915175845999,4.768197381101708,0.8926347526041665,10.30916158790021,Normal
b0f4ef1f-861d-4ce4-9500-bb53eff77c24,40034,2022-10-18 10:55:02.628000+00:00,j8,3.2589571630072585,0.5518381010368493,7.461514609654375,0.10566676586918153,3.153290397138077,Normal
b0f4ef1f-861d-4ce4-9500-bb53eff77c24,40035,2022-10-18 10:55:04.628000+00:00,j1,12.422290676112588,0.5261609059189636,5.409827451457041,0.7209634013016125,11.701327274810977,Normal
b0f4ef1f-861d-4ce4-9500-bb53eff77c24,40035,2022-10-18 10:55:04.628000+00:00,j2,34.31248279747061,0.6635145937987359,4.462160856293006,3.702496101180016,30.60998669629059,Normal
b0f4ef1f-861d-4ce4-9500-bb53eff77c24,40035,2022-10-18 10:55:04.628000+00:00,j3,26.892264370244057,0.6425016024213762,4.7305754860327776,2.686871030507397,24.20539333973666,Normal
b0f4ef1f-861d-4ce4-9500-bb53eff77c24,40035,2022-10-18 10:55:04.628000+00:00,j4,9.133348986843806,0.5829933670901111,5.405582938382735,0.6360220583820678,8.497326928461739,Normal
b0f4ef1f-861d-4ce4-9500-bb53eff77c24,40035,2022-10-18 10:55:04.628000+00:00,j5,10.782195525895355,0.5196048494558925,4.679489817616915,0.9579251178461167,9.82427040804924,Normal
b0f4ef1f-861d-4ce4-9500-bb53eff77c24,40035,2022-10-18 10:55:04.628000+00:00,j6,11.329662731309089,0.541275399915968,5.910428652967971,0.618697688700971,10.710965042608118,Normal
b0f4ef1f-861d-4ce4-9500-bb53eff77c24,40035,2022-10-18 10:55:04.628000+00:00,j7,11.201797447941605,1.3814916541622604,4.768197892199045,0.8926358600413974,10.309161587900208,Normal
b0f4ef1f-861d-4ce4-9500-bb53eff77c24,40035,2022-10-18 10:55:04.628000+00:00,j8,3.258957333007033,0.551838129822853,7.461515011478639,0.10566693586895644,3.153290397138077,Normal
b0f4ef1f-861d-4ce4-9500-bb53eff77c24,40036,2022-10-18 10:55:06.628000+00:00,j1,12.422290440766874,0.5261608959506158,5.409827342606144,0.720963165955899,11.701327274810975,Normal
b0f4ef1f-861d-4ce4-9500-bb53eff77c24,40036,2022-10-18 10:55:06.628000+00:00,j2,34.312487185877444,0.663514678659164,4.462161494154425,3.7025004895868507,30.609986696290594,Normal
b0f4ef1f-861d-4ce4-9500-bb53eff77c24,40036,2022-10-18 10:55:06.628000+00:00,j3,26.892263214806864,0.6425015748160308,4.730575260001054,2.686869875070205,24.20539333973666,Normal
b0f4ef1f-861d-4ce4-9500-bb53eff77c24,40036,2022-10-18 10:55:06.628000+00:00,j4,9.1333497648507,0.5829934167512878,5.4055834323940095,0.6360228363889608,8.497326928461739,Normal
b0f4ef1f-861d-4ce4-9500-bb53eff77c24,40036,2022-10-18 10:55:06.628000+00:00,j5,10.782195693518917,0.5196048575338406,4.6794898974315995,0.9579252854696744,9.824270408049243,Normal
b0f4ef1f-861d-4ce4-9500-bb53eff77c24,40036,2022-10-18 10:55:06.628000+00:00,j6,11.329663680200182,0.5412754452493038,5.910429175636184,0.6186986375920653,10.710965042608118,Normal
b0f4ef1f-861d-4ce4-9500-bb53eff77c24,40036,2022-10-18 10:55:06.628000+00:00,j7,11.201798555378836,1.3814917907399211,4.768198403296385,0.8926369674786282,10.309161587900208,Normal
b0f4ef1f-861d-4ce4-9500-bb53eff77c24,40036,2022-10-18 10:55:06.628000+00:00,j8,3.2589575030068083,0.5518381586088567,7.461515413302903,0.10566710586873136,3.153290397138077,Normal
b0f4ef1f-861d-4ce4-9500-bb53eff77c24,40037,2022-10-18 10:55:08.628000+00:00,j1,12.42229020542116,0.526160885982268,5.409827233755248,0.7209629306101857,11.701327274810973,Error
b0f4ef1f-861d-4ce4-9500-bb53eff77c24,40037,2022-10-18 10:55:08.628000+00:00,j2,34.31249157428428,0.6635147635195922,4.462162132015844,3.7025048779936856,30.609986696290594,Error
b0f4ef1f-861d-4ce4-9500-bb53eff77c24,40037,2022-10-18 10:55:08.628000+00:00,j3,26.89226205936967,0.6425015472106853,4.730575033969331,2.686868719633013,24.20539333973666,Error
b0f4ef1f-861d-4ce4-9500-bb53eff77c24,40037,2022-10-18 10:55:08.628000+00:00,j4,9.133350542857592,0.5829934664124644,5.405583926405283,0.6360236143958538,8.497326928461739,Error
b0f4ef1f-861d-4ce4-9500-bb53eff77c24,40037,2022-10-18 10:55:08.628000+00:00,j5,10.782195861142473,0.5196048656117883,4.6794899772462815,0.9579254530932321,9.824270408049241,Error
b0f4ef1f-861d-4ce4-9500-bb53eff77c24,40037,2022-10-18 10:55:08.628000+00:00,j6,11.329664629091278,0.5412754905826398,5.910429698304399,0.6186995864831597,10.710965042608118,Error
b0f4ef1f-861d-4ce4-9500-bb53eff77c24,40037,2022-10-18 10:55:08.628000+00:00,j7,11.201799662816066,1.3814919273175819,4.7681989143937225,0.892638074915859,10.309161587900208,Error
b0f4ef1f-861d-4ce4-9500-bb53eff77c24,40037,2022-10-18 10:55:08.628000+00:00,j8,3.258957673006583,0.5518381873948603,7.461515815127167,0.10566727586850629,3.153290397138077,Error
b0f4ef1f-861d-4ce4-9500-bb53eff77c24,40038,2022-10-18 10:55:10.628000+00:00,j1,12.422289970075449,0.5261608760139203,5.409827124904353,0.7209626952644723,11.701327274810977,Error
b0f4ef1f-861d-4ce4-9500-bb53eff77c24,40038,2022-10-18 10:55:10.628000+00:00,j2,34.31249596269112,0.6635148483800204,4.4621627698772635,3.702509266400521,30.6099866962906,Error
b0f4ef1f-861d-4ce4-9500-bb53eff77c24,40038,2022-10-18 10:55:10.628000+00:00,j3,26.89226090393248,0.64250151960534,4.730574807937609,2.686867564195821,24.20539333973666,Error
b0f4ef1f-861d-4ce4-9500-bb53eff77c24,40038,2022-10-18 10:55:10.628000+00:00,j4,9.133351320864485,0.5829935160736411,5.405584420416558,0.6360243924027467,8.497326928461739,Error
b0f4ef1f-861d-4ce4-9500-bb53eff77c24,40038,2022-10-18 10:55:10.628000+00:00,j5,10.78219602876603,0.5196048736897362,4.679490057060963,0.9579256207167899,9.824270408049241,Error
b0f4ef1f-861d-4ce4-9500-bb53eff77c24,40038,2022-10-18 10:55:10.628000+00:00,j6,11.329665577982372,0.5412755359159757,5.910430220972613,0.6187005353742541,10.710965042608118,Error
b0f4ef1f-861d-4ce4-9500-bb53eff77c24,40038,2022-10-18 10:55:10.628000+00:00,j7,11.201800770253298,1.3814920638952428,4.768199425491062,0.8926391823530899,10.309161587900208,Error
b0f4ef1f-861d-4ce4-9500-bb53eff77c24,40038,2022-10-18 10:55:10.628000+00:00,j8,3.258957843006358,0.551838216180864,7.4615162169514315,0.1056674458682812,3.153290397138077,Error
b0f4ef1f-861d-4ce4-9500-bb53eff77c24,40039,2022-10-18 10:55:12.628000+00:00,j1,12.422289734729734,0.5261608660455724,5.409827016053456,0.720962459918759,11.701327274810975,Error
b0f4ef1f-861d-4ce4-9500-bb53eff77c24,40039,2022-10-18 10:55:12.628000+00:00,j2,34.31250035109795,0.6635149332404483,4.462163407738681,3.7025136548073556,30.609986696290598,Error
b0f4ef1f-861d-4ce4-9500-bb53eff77c24,40039,2022-10-18 10:55:12.628000+00:00,j3,26.892259748495288,0.6425014919999945,4.730574581905887,2.686866408758629,24.20539333973666,Error
b0f4ef1f-861d-4ce4-9500-bb53eff77c24,40039,2022-10-18 10:55:12.628000+00:00,j4,9.13335209887138,0.5829935657348181,5.405584914427834,0.6360251704096397,8.49732692846174,Error
b0f4ef1f-861d-4ce4-9500-bb53eff77c24,40039,2022-10-18 10:55:12.628000+00:00,j5,10.782196196389588,0.519604881767684,4.679490136875646,0.9579257883403476,9.824270408049241,Error
b0f4ef1f-861d-4ce4-9500-bb53eff77c24,40039,2022-10-18 10:55:12.628000+00:00,j6,11.329666526873469,0.5412755812493117,5.910430743640829,0.6187014842653484,10.71096504260812,Error
b0f4ef1f-861d-4ce4-9500-bb53eff77c24,40039,2022-10-18 10:55:12.628000+00:00,j7,11.201801877690528,1.3814922004729033,4.7681999365884,0.8926402897903207,10.309161587900206,Error
b0f4ef1f-861d-4ce4-9500-bb53eff77c24,40039,2022-10-18 10:55:12.628000+00:00,j8,3.258958013006133,0.5518382449668677,7.461516618775695,0.10566761586805612,3.153290397138077,Error
b0f4ef1f-861d-4ce4-9500-bb53eff77c24,40040,2022-10-18 10:55:14.628000+00:00,j1,12.42228949938402,0.5261608560772246,5.40982690720256,0.7209622245730455,11.701327274810975,Error
b0f4ef1f-861d-4ce4-9500-bb53eff77c24,40040,2022-10-18 10:55:14.628000+00:00,j2,34.31250473950478,0.6635150181008763,4.462164045600099,3.7025180432141904,30.60998669629059,Error
b0f4ef1f-861d-4ce4-9500-bb53eff77c24,40040,2022-10-18 10:55:14.628000+00:00,j3,26.89225859305809,0.642501464394649,4.730574355874163,2.6868652533214368,24.205393339736656,Error
b0f4ef1f-861d-4ce4-9500-bb53eff77c24,40040,2022-10-18 10:55:14.628000+00:00,j4,9.133352876878272,0.5829936153959947,5.405585408439106,0.6360259484165326,8.497326928461739,Error
b0f4ef1f-861d-4ce4-9500-bb53eff77c24,40040,2022-10-18 10:55:14.628000+00:00,j5,10.782196364013146,0.5196048898456319,4.679490216690329,0.9579259559639053,9.824270408049241,Error
b0f4ef1f-861d-4ce4-9500-bb53eff77c24,40040,2022-10-18 10:55:14.628000+00:00,j6,11.32966747576456,0.5412756265826476,5.9104312663090415,0.6187024331564428,10.710965042608118,Error
b0f4ef1f-861d-4ce4-9500-bb53eff77c24,40040,2022-10-18 10:55:14.628000+00:00,j7,11.20180298512776,1.3814923370505643,4.768200447685739,0.8926413972275515,10.309161587900208,Error
b0f4ef1f-861d-4ce4-9500-bb53eff77c24,40040,2022-10-18 10:55:14.628000+00:00,j8,3.258958183005908,0.5518382737528715,7.46151702059996,0.10566778586783104,3.153290397138077,Error
b0f4ef1f-861d-4ce4-9500-bb53eff77c24,40041,2022-10-18 10:55:16.628000+00:00,j1,12.422289264038309,0.5261608461088769,5.4098267983516655,0.7209619892273321,11.701327274810977,Error
b0f4ef1f-861d-4ce4-9500-bb53eff77c24,40041,2022-10-18 10:55:16.628000+00:00,j2,34.31250912791162,0.6635151029613044,4.462164683461518,3.7025224316210252,30.60998669629059,Error
b0f4ef1f-861d-4ce4-9500-bb53eff77c24,40041,2022-10-18 10:55:16.628000+00:00,j3,26.892257437620906,0.6425014367893037,4.7305741298424415,2.6868640978842446,24.20539333973666,Error
b0f4ef1f-861d-4ce4-9500-bb53eff77c24,40041,2022-10-18 10:55:16.628000+00:00,j4,9.133353654885164,0.5829936650571714,5.4055859024503805,0.6360267264234255,8.497326928461739,Error
b0f4ef1f-861d-4ce4-9500-bb53eff77c24,40041,2022-10-18 10:55:16.628000+00:00,j5,10.782196531636703,0.5196048979235799,4.679490296505012,0.957926123587463,9.824270408049241,Error
b0f4ef1f-861d-4ce4-9500-bb53eff77c24,40041,2022-10-18 10:55:16.628000+00:00,j6,11.329668424655654,0.5412756719159835,5.910431788977255,0.6187033820475372,10.710965042608118,Error
b0f4ef1f-861d-4ce4-9500-bb53eff77c24,40041,2022-10-18 10:55:16.628000+00:00,j7,11.201804092564991,1.3814924736282252,4.768200958783078,0.8926425046647825,10.309161587900208,Error
b0f4ef1f-861d-4ce4-9500-bb53eff77c24,40041,2022-10-18 10:55:16.628000+00:00,j8,3.2589583530056827,0.5518383025388751,7.461517422424223,0.10566795586760595,3.153290397138077,Error
b0f4ef1f-861d-4ce4-9500-bb53eff77c24,40042,2022-10-18 10:55:18.628000+00:00,j1,12.422289028692594,0.5261608361405291,5.409826689500768,0.7209617538816188,11.701327274810975,Error
b0f4ef1f-861d-4ce4-9500-bb53eff77c24,40042,2022-10-18 10:55:18.628000+00:00,j2,34.312513516318454,0.6635151878217325,4.462165321322937,3.70252682002786,30.609986696290594,Error
b0f4ef1f-861d-4ce4-9500-bb53eff77c24,40042,2022-10-18 10:55:18.628000+00:00,j3,26.892256282183716,0.6425014091839583,4.730573903810719,2.6868629424470525,24.205393339736663,Error
b0f4ef1f-861d-4ce4-9500-bb53eff77c24,40042,2022-10-18 10:55:18.628000+00:00,j4,9.133354432892055,0.582993714718348,5.405586396461655,0.6360275044303185,8.497326928461737,Error
b0f4ef1f-861d-4ce4-9500-bb53eff77c24,40042,2022-10-18 10:55:18.628000+00:00,j5,10.78219669926026,0.5196049060015276,4.679490376319694,0.9579262912110207,9.82427040804924,Error
b0f4ef1f-861d-4ce4-9500-bb53eff77c24,40042,2022-10-18 10:55:18.628000+00:00,j6,11.32966937354675,0.5412757172493194,5.9104323116454704,0.6187043309386316,10.710965042608118,Error
b0f4ef1f-861d-4ce4-9500-bb53eff77c24,40042,2022-10-18 10:55:18.628000+00:00,j7,11.20180520000222,1.3814926102058855,4.768201469880416,0.8926436121020133,10.309161587900206,Error
b0f4ef1f-861d-4ce4-9500-bb53eff77c24,40042,2022-10-18 10:55:18.628000+00:00,j8,3.258958523005458,0.5518383313248789,7.461517824248488,0.10566812586738088,3.153290397138077,Error
b0f4ef1f-861d-4ce4-9500-bb53eff77c24,40043,2022-10-18 10:55:20.628000+00:00,j1,12.42228879334688,0.5261608261721813,5.409826580649872,0.7209615185359054,11.701327274810975,Error
b0f4ef1f-861d-4ce4-9500-bb53eff77c24,40043,2022-10-18 10:55:20.628000+00:00,j2,34.31251790472529,0.6635152726821606,4.462165959184356,3.702531208434695,30.609986696290594,Error
b0f4ef1f-861d-4ce4-9500-bb53eff77c24,40043,2022-10-18 10:55:20.628000+00:00,j3,26.89225512674652,0.6425013815786128,4.730573677778996,2.686861787009861,24.20539333973666,Error
b0f4ef1f-861d-4ce4-9500-bb53eff77c24,40043,2022-10-18 10:55:20.628000+00:00,j4,9.13335521089895,0.5829937643795249,5.405586890472929,0.6360282824372114,8.497326928461739,Error
b0f4ef1f-861d-4ce4-9500-bb53eff77c24,40043,2022-10-18 10:55:20.628000+00:00,j5,10.78219686688382,0.5196049140794757,4.679490456134379,0.9579264588345784,9.824270408049243,Error
b0f4ef1f-861d-4ce4-9500-bb53eff77c24,40043,2022-10-18 10:55:20.628000+00:00,j6,11.329670322437844,0.5412757625826553,5.910432834313684,0.618705279829726,10.710965042608118,Error
b0f4ef1f-861d-4ce4-9500-bb53eff77c24,40043,2022-10-18 10:55:20.628000+00:00,j7,11.201806307439451,1.3814927467835465,4.7682019809777545,0.8926447195392441,10.309161587900206,Error
b0f4ef1f-861d-4ce4-9500-bb53eff77c24,40043,2022-10-18 10:55:20.628000+00:00,j8,3.258958693005233,0.5518383601108826,7.461518226072752,0.1056682958671558,3.1532903971380772,Error
b0f4ef1f-861d-4ce4-9500-bb53eff77c24,40044,2022-10-18 10:55:22.628000+00:00,j1,0.720961283190192,0.030537173198281694,-0.0022115858753661358,0.720961283190192,0.0,Normal
b0f4ef1f-861d-4ce4-9500-bb53eff77c24,40044,2022-10-18 10:55:22.628000+00:00,j2,3.7025355968415297,0.07159745382064762,0.012959795064440168,3.7025355968415297,0.0,Normal
b0f4ef1f-861d-4ce4-9500-bb53eff77c24,40044,2022-10-18 10:55:22.628000+00:00,j3,2.6868606315726686,0.06419363715531864,-0.004592415715748638,2.6868606315726686,0.0,Normal
b0f4ef1f-861d-4ce4-9500-bb53eff77c24,40044,2022-10-18 10:55:22.628000+00:00,j4,0.6360290604441043,0.04059854978163985,0.010037109454823247,0.6360290604441043,0.0,Normal
b0f4ef1f-861d-4ce4-9500-bb53eff77c24,40044,2022-10-18 10:55:22.628000+00:00,j5,0.9579266264581362,0.04616344781868887,0.0016216405359062657,0.9579266264581362,0.0,Normal
b0f4ef1f-861d-4ce4-9500-bb53eff77c24,40044,2022-10-18 10:55:22.628000+00:00,j6,0.6187062287208204,0.029558731740169583,0.010619348880522732,0.6187062287208204,0.0,Normal
b0f4ef1f-861d-4ce4-9500-bb53eff77c24,40044,2022-10-18 10:55:22.628000+00:00,j7,0.8926458269764749,0.11008793596043585,0.010384256788511908,0.8926458269764749,0.0,Normal
b0f4ef1f-861d-4ce4-9500-bb53eff77c24,40044,2022-10-18 10:55:22.628000+00:00,j8,0.1056684658669307,0.017892805160309586,0.008164093268646774,0.10566846586693071,-1.3877787807814457e-17,Normal
b0f4ef1f-861d-4ce4-9500-bb53eff77c24,40045,2022-10-18 10:55:24.628000+00:00,j1,2.139988703005557,0.09064176841353014,0.6541097202944285,0.7209610478444786,1.4190276551610785,Normal
b0f4ef1f-861d-4ce4-9500-bb53eff77c24,40045,2022-10-18 10:55:24.628000+00:00,j2,28.434588720350067,0.5498513382426521,3.6078002657861283,3.7025399852483645,24.732048735101703,Normal
b0f4ef1f-861d-4ce4-9500-bb53eff77c24,40045,2022-10-18 10:55:24.628000+00:00,j3,1.823260175407036,0.04356076409937022,-0.1735337481603586,2.6868594761354765,-0.8635993007284404,Normal
b0f4ef1f-861d-4ce4-9500-bb53eff77c24,40045,2022-10-18 10:55:24.628000+00:00,j4,2.729993268384069,0.17425896787269932,1.3396422021115837,0.6360298384509973,2.093963429933072,Normal
b0f4ef1f-861d-4ce4-9500-bb53eff77c24,40045,2022-10-18 10:55:24.628000+00:00,j5,3.84414269775354,0.18525310387443833,1.375905920648186,0.9579267940816939,2.886215903671846,Normal
b0f4ef1f-861d-4ce4-9500-bb53eff77c24,40045,2022-10-18 10:55:24.628000+00:00,j6,0.6963649309857954,0.03326888147033481,0.05339531702636864,0.6187071776119147,0.0776577533738807,Normal
b0f4ef1f-861d-4ce4-9500-bb53eff77c24,40045,2022-10-18 10:55:24.628000+00:00,j7,8.117191073093716,1.001074316406246,3.3446101121648635,0.8926469344137058,7.22454413868001,Normal
b0f4ef1f-861d-4ce4-9500-bb53eff77c24,40045,2022-10-18 10:55:24.628000+00:00,j8,0.0807494672145355,0.013673279647004474,-0.05073632762909116,0.10566863586670563,-0.02491916865217013,Normal
b0f4ef1f-861d-4ce4-9500-bb53eff77c24,40046,2022-10-18 10:55:26.628000+00:00,j1,0.4513590094323886,0.019117848027361616,-0.12690665095176273,0.7209608124987652,-0.2696018030663766,Normal
b0f4ef1f-861d-4ce4-9500-bb53eff77c24,40046,2022-10-18 10:55:26.628000+00:00,j2,11.131109838011206,0.21524684955883058,1.0927140390230203,3.7025443736551993,7.428565464356007,Normal
b0f4ef1f-861d-4ce4-9500-bb53eff77c24,40046,2022-10-18 10:55:26.628000+00:00,j3,3.525406243052617,0.08422790766752654,0.15944757744033689,2.6868583206982843,0.8385479223543326,Normal
b0f4ef1f-861d-4ce4-9500-bb53eff77c24,40046,2022-10-18 10:55:26.628000+00:00,j4,0.3899733193375654,0.024892496590615872,-0.14620097962624254,0.6360306164578903,-0.24605729712032487,Normal
b0f4ef1f-861d-4ce4-9500-bb53eff77c24,40046,2022-10-18 10:55:26.628000+00:00,j5,4.613863484485563,0.22234672293860866,1.742411806261491,0.9579269617052516,3.6559365227803116,Normal
b0f4ef1f-861d-4ce4-9500-bb53eff77c24,40046,2022-10-18 10:55:26.628000+00:00,j6,1.40657924404952,0.06719941810204563,0.44459558108279595,0.6187081265030091,0.7878711175465108,Normal
b0f4ef1f-861d-4ce4-9500-bb53eff77c24,40046,2022-10-18 10:55:26.628000+00:00,j7,0.5424119137149527,0.06689440113497877,-0.15125345593171863,0.8926480418509366,-0.3502361281359839,Normal
b0f4ef1f-861d-4ce4-9500-bb53eff77c24,40046,2022-10-18 10:55:26.628000+00:00,j8,0.0781654653388981,0.013235731493775119,-0.056844068963270274,0.10566880586648056,-0.027503340527582465,Normal
b0f4ef1f-861d-4ce4-9500-bb53eff77c24,40047,2022-10-18 10:55:28.628000+00:00,j1,1.872767133851623,0.0793232808194916,0.5305157665379381,0.7209605771530518,1.1518065566985711,Normal
b0f4ef1f-861d-4ce4-9500-bb53eff77c24,40047,2022-10-18 10:55:28.628000+00:00,j2,22.583190968152994,0.4367004530204939,2.757290955263351,3.702548762062034,18.88064220609096,Normal
b0f4ef1f-861d-4ce4-9500-bb53eff77c24,40047,2022-10-18 10:55:28.628000+00:00,j3,3.313266544881088,0.0791595320879971,0.11794787347697792,2.686857165261092,0.6264093796199957,Normal
b0f4ef1f-861d-4ce4-9500-bb53eff77c24,40047,2022-10-18 10:55:28.628000+00:00,j4,14.141750321385487,0.902686040825561,8.585769063448755,0.6360313944647832,13.505718926920704,Normal
b0f4ef1f-861d-4ce4-9500-bb53eff77c24,40047,2022-10-18 10:55:28.628000+00:00,j5,1.166702730400096,0.05622457829978739,0.10103128646090703,0.9579271293288093,0.2087756010712868,Normal
b0f4ef1f-861d-4ce4-9500-bb53eff77c24,40047,2022-10-18 10:55:28.628000+00:00,j6,0.6910328138131928,0.03301413921335451,0.050458280124220496,0.6187090753941035,0.07232373841908935,Normal
b0f4ef1f-861d-4ce4-9500-bb53eff77c24,40047,2022-10-18 10:55:28.628000+00:00,j7,0.1042531513654745,0.012857298946963488,-0.35346968192469574,0.8926491492881674,-0.7883959979226929,Normal
b0f4ef1f-861d-4ce4-9500-bb53eff77c24,40047,2022-10-18 10:55:28.628000+00:00,j8,0.0796890756989771,0.013493723914593015,-0.05324274883220708,0.10566897586625547,-0.025979900167278372,Normal
b0f4ef1f-861d-4ce4-9500-bb53eff77c24,40048,2022-10-18 10:55:30.628000+00:00,j1,2.0756739054520565,0.0879176386191906,0.6243631689967434,0.7209603418073385,1.354713563644718,Normal
b0f4ef1f-861d-4ce4-9500-bb53eff77c24,40048,2022-10-18 10:55:30.628000+00:00,j2,10.351266533495988,0.2001666988021438,0.979362662253256,3.7025531504688693,6.648713383027118,Normal
b0f4ef1f-861d-4ce4-9500-bb53eff77c24,40048,2022-10-18 10:55:30.628000+00:00,j3,14.26759143310518,0.3408768496492504,2.2608812513315075,2.6868560098239,11.58073542328128,Normal
b0f4ef1f-861d-4ce4-9500-bb53eff77c24,40048,2022-10-18 10:55:30.628000+00:00,j4,0.9820475841777656,0.06268535545583613,0.2297485971513888,0.6360321724716761,0.3460154117060895,Normal
b0f4ef1f-861d-4ce4-9500-bb53eff77c24,40048,2022-10-18 10:55:30.628000+00:00,j5,1.6796771275898614,0.08094533056089807,0.3452862669418239,0.957927296952367,0.7217498306374944,Normal
b0f4ef1f-861d-4ce4-9500-bb53eff77c24,40048,2022-10-18 10:55:30.628000+00:00,j6,2.335752866845373,0.11159075050070054,0.9564030171001974,0.6187100242851978,1.7170428425601751,Normal
b0f4ef1f-861d-4ce4-9500-bb53eff77c24,40048,2022-10-18 10:55:30.628000+00:00,j7,0.3741611021895293,0.04614441944600336,-0.22890349297420465,0.8926502567253983,-0.518489154535869,Normal
b0f4ef1f-861d-4ce4-9500-bb53eff77c24,40048,2022-10-18 10:55:30.628000+00:00,j8,0.0599092628130155,0.01014441496823638,-0.09999580341972182,0.10566914586603039,-0.04575988305301489,Normal
b0f4ef1f-861d-4ce4-9500-bb53eff77c24,40049,2022-10-18 10:55:32.628000+00:00,j1,0.1814580605753974,0.0076858721171486405,-0.25173985770779284,0.7209601064616251,-0.5395020458862277,Normal
b0f4ef1f-861d-4ce4-9500-bb53eff77c24,40049,2022-10-18 10:55:32.628000+00:00,j2,12.7913882528071,0.24735233619727676,1.334037960185908,3.702557538875704,9.088830713931396,Normal
b0f4ef1f-861d-4ce4-9500-bb53eff77c24,40049,2022-10-18 10:55:32.628000+00:00,j3,7.055388741321672,0.1685651497990153,0.8499983321395096,2.686854854386708,4.368533886934964,Normal
b0f4ef1f-861d-4ce4-9500-bb53eff77c24,40049,2022-10-18 10:55:32.628000+00:00,j4,0.050829182716859,0.003244491853013092,-0.36154743563811137,0.6360329504785691,-0.5852037677617101,Normal
b0f4ef1f-861d-4ce4-9500-bb53eff77c24,40049,2022-10-18 10:55:32.628000+00:00,j5,0.5588835523479386,0.026933160633535284,-0.18838444712030633,0.9579274645759248,-0.3990439122279862,Normal
b0f4ef1f-861d-4ce4-9500-bb53eff77c24,40049,2022-10-18 10:55:32.628000+00:00,j6,0.8593002073145162,0.04105312526883108,0.14314332963532228,0.6187109731762923,0.24058923413822386,Normal
b0f4ef1f-861d-4ce4-9500-bb53eff77c24,40049,2022-10-18 10:55:32.628000+00:00,j7,2.1124000513762526,0.26051739060542206,0.5733174150221048,0.8926513641626291,1.2197486872136234,Normal
b0f4ef1f-861d-4ce4-9500-bb53eff77c24,40049,2022-10-18 10:55:32.628000+00:00,j8,0.0580324155793849,0.009826609068514996,-0.104432060813675,0.10566931586580532,-0.04763690028642042,Normal
b0f4ef1f-861d-4ce4-9500-bb53eff77c24,40050,2022-10-18 10:55:34.628000+00:00,j1,0.2278599854317584,0.009651280869477637,-0.23027827669445197,0.7209598711159116,-0.49309988568415325,Normal
b0f4ef1f-861d-4ce4-9500-bb53eff77c24,40050,2022-10-18 10:55:34.628000+00:00,j2,11.683197347354168,0.2259227928202158,1.1729607743852186,3.702561927282539,7.980635420071629,Normal
b0f4ef1f-861d-4ce4-9500-bb53eff77c24,40050,2022-10-18 10:55:34.628000+00:00,j3,7.425735710035258,0.17741336419905165,0.9224472405607617,2.686853698949516,4.7388820110857415,Normal
b0f4ef1f-861d-4ce4-9500-bb53eff77c24,40050,2022-10-18 10:55:34.628000+00:00,j4,0.2530826601189492,0.01615459043417713,-0.23312248331960062,0.636033728485462,-0.3829510683665128,Normal
b0f4ef1f-861d-4ce4-9500-bb53eff77c24,40050,2022-10-18 10:55:34.628000+00:00,j5,0.7068545607359377,0.03406403238897938,-0.11792741073885514,0.9579276321994825,-0.25107307146354485,Normal
b0f4ef1f-861d-4ce4-9500-bb53eff77c24,40050,2022-10-18 10:55:34.628000+00:00,j6,0.9505164873741644,0.04541098919108997,0.19338708309003144,0.6187119220673867,0.3318045653067777,Normal
b0f4ef1f-861d-4ce4-9500-bb53eff77c24,40050,2022-10-18 10:55:34.628000+00:00,j7,1.0204015842448682,0.12584375668989356,0.06934527572411807,0.8926524715998599,0.1277491126450082,Normal
b0f4ef1f-861d-4ce4-9500-bb53eff77c24,40050,2022-10-18 10:55:34.628000+00:00,j8,0.0603631483199044,0.01022127124577597,-0.09892296547113234,0.10566948586558023,-0.045306337545675826,Normal
b0f4ef1f-861d-4ce4-9500-bb53eff77c24,40051,2022-10-18 10:55:36.628000+00:00,j1,6.123657034204339,0.25937478172602907,2.4966156267834103,0.7209596357701983,5.402697398434141,Normal
b0f4ef1f-861d-4ce4-9500-bb53eff77c24,40051,2022-10-18 10:55:36.628000+00:00,j2,10.079988009923325,0.19492087440531802,0.9399319279544655,3.7025663156893738,6.37742169423395,Normal
b0f4ef1f-861d-4ce4-9500-bb53eff77c24,40051,2022-10-18 10:55:36.628000+00:00,j3,7.961844059977279,0.19022189787873534,1.0273231219098973,2.686852543512324,5.274991516464955,Normal
b0f4ef1f-861d-4ce4-9500-bb53eff77c24,40051,2022-10-18 10:55:36.628000+00:00,j4,0.7153121575165103,0.04565929144191739,0.0603795218176298,0.6360345064923549,0.0792776510241554,Normal
b0f4ef1f-861d-4ce4-9500-bb53eff77c24,40051,2022-10-18 10:55:36.628000+00:00,j5,0.1836290830328813,0.008849270245180481,-0.3670634875949502,0.9579277998230402,-0.7742987167901589,Normal
b0f4ef1f-861d-4ce4-9500-bb53eff77c24,40051,2022-10-18 10:55:36.628000+00:00,j6,1.175566467439785,0.05616276714335602,0.3173491182224677,0.618712870958481,0.556853596481304,Normal
b0f4ef1f-861d-4ce4-9500-bb53eff77c24,40051,2022-10-18 10:55:36.628000+00:00,j7,1.0792569231168507,0.13310224889459563,0.09650781480564251,0.8926535790370909,0.18660334407975987,Normal
b0f4ef1f-861d-4ce4-9500-bb53eff77c24,40051,2022-10-18 10:55:36.628000+00:00,j8,0.0579956660273594,0.009820386279448019,-0.10451892482102534,0.10566965586535515,-0.04767398983799575,Normal
b0f4ef1f-861d-4ce4-9500-bb53eff77c24,40052,2022-10-18 10:55:38.628000+00:00,j1,0.0,0.0,-0.3356669120189621,0.7209594004244849,-0.7209594004244849,Normal
b0f4ef1f-861d-4ce4-9500-bb53eff77c24,40052,2022-10-18 10:55:38.628000+00:00,j2,24.291981028770262,0.46974402930875253,3.0056661158372613,3.7025707040962086,20.589410324674056,Normal
b0f4ef1f-861d-4ce4-9500-bb53eff77c24,40052,2022-10-18 10:55:38.628000+00:00,j3,10.53243623146267,0.2516376852074771,1.530193706937858,2.686851388075132,7.845584843387538,Normal
b0f4ef1f-861d-4ce4-9500-bb53eff77c24,40052,2022-10-18 10:55:38.628000+00:00,j4,2.969457659970084,0.18954428677927043,1.4916949799744645,0.636035284499248,2.3334223754708363,Normal
b0f4ef1f-861d-4ce4-9500-bb53eff77c24,40052,2022-10-18 10:55:38.628000+00:00,j5,2.21313535854956,0.10665321937844977,0.599294713570484,0.9579279674465979,1.2552073911029622,Normal
b0f4ef1f-861d-4ce4-9500-bb53eff77c24,40052,2022-10-18 10:55:38.628000+00:00,j6,0.7039917006047844,0.03363325090246073,0.05759629444116531,0.6187138198495754,0.08527788075520903,Normal
b0f4ef1f-861d-4ce4-9500-bb53eff77c24,40052,2022-10-18 10:55:38.628000+00:00,j7,0.2699596734153505,0.03329349932605747,-0.27699386906711476,0.8926546864743217,-0.6226950130589712,Normal
b0f4ef1f-861d-4ce4-9500-bb53eff77c24,40052,2022-10-18 10:55:38.628000+00:00,j8,0.0583700080275364,0.009883773482219776,-0.10363410189223536,0.10566982586513007,-0.047299817837593676,Normal
b0f4ef1f-861d-4ce4-9500-bb53eff77c24,40053,2022-10-18 10:55:40.628000+00:00,j1,0.1308560088683786,0.005542561993298343,-0.27514405991520563,0.7209591650787716,-0.590103156210393,Normal
b0f4ef1f-861d-4ce4-9500-bb53eff77c24,40053,2022-10-18 10:55:40.628000+00:00,j2,12.246579151267602,0.23681713850145505,1.2548491521540308,3.7025750925030434,8.544004058764559,Normal
b0f4ef1f-861d-4ce4-9500-bb53eff77c24,40053,2022-10-18 10:55:40.628000+00:00,j3,6.755282210536545,0.1613950980595301,0.7912901681683169,2.6868502326379398,4.068431977898605,Normal
b0f4ef1f-861d-4ce4-9500-bb53eff77c24,40053,2022-10-18 10:55:40.628000+00:00,j4,0.0788524442434089,0.00503325253846849,-0.34375349670769906,0.6360360625061409,-0.557183618262732,Normal
b0f4ef1f-861d-4ce4-9500-bb53eff77c24,40053,2022-10-18 10:55:40.628000+00:00,j5,0.1260219636523958,0.006073125208541557,-0.39449336693576476,0.9579281350701556,-0.8319061714177598,Normal
b0f4ef1f-861d-4ce4-9500-bb53eff77c24,40053,2022-10-18 10:55:40.628000+00:00,j6,0.303151825953696,0.014483098898865725,-0.16319433442043754,0.6187147687406698,-0.3155629427869738,Normal
b0f4ef1f-861d-4ce4-9500-bb53eff77c24,40053,2022-10-18 10:55:40.628000+00:00,j7,2.691938262769737,0.33199049177771134,0.8407821789316702,0.8926557939115525,1.7992824688581845,Normal
b0f4ef1f-861d-4ce4-9500-bb53eff77c24,40053,2022-10-18 10:55:40.628000+00:00,j8,0.057904437552461,0.009804938593016337,-0.10473455931117202,0.105669995864905,-0.047765558312444,Normal
b0f4ef1f-861d-4ce4-9500-bb53eff77c24,40054,2022-10-18 10:55:42.628000+00:00,j1,0.3722453447598289,0.015766894603390567,-0.16349789859694885,0.7209589297330581,-0.3487135849732292,Normal
b0f4ef1f-861d-4ce4-9500-bb53eff77c24,40054,2022-10-18 10:55:42.628000+00:00,j2,16.321874782356073,0.3156228064337902,1.8471993946361978,3.702579480909878,12.619295301446193,Normal
b0f4ef1f-861d-4ce4-9500-bb53eff77c24,40054,2022-10-18 10:55:42.628000+00:00,j3,7.988306618583522,0.1908541330849121,1.0324998444080322,2.6868490772007476,5.301457541382774,Normal
b0f4ef1f-861d-4ce4-9500-bb53eff77c24,40054,2022-10-18 10:55:42.628000+00:00,j4,4.085249179864526,0.2607666889989676,2.200189462148255,0.6360368405130338,3.4492123393514924,Normal
b0f4ef1f-861d-4ce4-9500-bb53eff77c24,40054,2022-10-18 10:55:42.628000+00:00,j5,4.873778086333664,0.2348722690799597,1.8661712694021593,0.9579283026937133,3.915849783639951,Normal
b0f4ef1f-861d-4ce4-9500-bb53eff77c24,40054,2022-10-18 10:55:42.628000+00:00,j6,1.5302138195064268,0.07310606826992276,0.5126959807447027,0.6187157176317641,0.9114981018746626,Normal
b0f4ef1f-861d-4ce4-9500-bb53eff77c24,40054,2022-10-18 10:55:42.628000+00:00,j7,0.0606378058303833,0.007478319713483081,-0.3735987568796116,0.8926569013487833,-0.8320190955184,Normal
b0f4ef1f-861d-4ce4-9500-bb53eff77c24,40054,2022-10-18 10:55:42.628000+00:00,j8,0.0607661836090992,0.010289517073356859,-0.09797032092464157,0.10567016586467991,-0.044903982255580704,Normal
b0f4ef1f-861d-4ce4-9500-bb53eff77c24,40055,2022-10-18 10:55:44.628000+00:00,j1,2.436361861752033,0.1031950062793913,0.7911867182057614,0.7209586943873447,1.7154031673646883,Normal
b0f4ef1f-861d-4ce4-9500-bb53eff77c24,40055,2022-10-18 10:55:44.628000+00:00,j2,7.331372273221986,0.14176976130135335,0.540416568699295,3.702583869316713,3.6287884039052734,Normal
b0f4ef1f-861d-4ce4-9500-bb53eff77c24,40055,2022-10-18 10:55:44.628000+00:00,j3,5.901442021510787,0.1409954142654115,0.624258182255258,2.6868479217635555,3.2145940997472318,Normal
b0f4ef1f-861d-4ce4-9500-bb53eff77c24,40055,2022-10-18 10:55:44.628000+00:00,j4,0.8363262729535212,0.05338377746842083,0.13721989165694842,0.6360376185199268,0.20028865443359445,Normal
b0f4ef1f-861d-4ce4-9500-bb53eff77c24,40055,2022-10-18 10:55:44.628000+00:00,j5,0.1274930460933926,0.006144018151305909,-0.3937929046614681,0.9579284703172711,-0.8304354242238785,Normal
b0f4ef1f-861d-4ce4-9500-bb53eff77c24,40055,2022-10-18 10:55:44.628000+00:00,j6,0.0256289487978127,0.0012244247546421934,-0.3160594919202128,0.6187166665228585,-0.5930877177250458,Normal
b0f4ef1f-861d-4ce4-9500-bb53eff77c24,40055,2022-10-18 10:55:44.628000+00:00,j7,7.632495871125181,0.9412979832379411,3.120916686582278,0.8926580087860142,6.739837862339167,Normal
b0f4ef1f-861d-4ce4-9500-bb53eff77c24,40055,2022-10-18 10:55:44.628000+00:00,j8,0.0795037623464762,0.013462344868037367,-0.05368076942093666,0.10567033586445483,-0.02616657351797863,Normal
b0f4ef1f-861d-4ce4-9500-bb53eff77c24,40056,2022-10-18 10:55:46.628000+00:00,j1,2.98103596326183,0.12626532609021995,1.0431065985039747,0.7209584590416314,2.260077504220199,Normal
b0f4ef1f-861d-4ce4-9500-bb53eff77c24,40056,2022-10-18 10:55:46.628000+00:00,j2,13.148407661939125,0.2542561673664384,1.385931258909297,3.702588257723548,9.445819404215577,Normal
b0f4ef1f-861d-4ce4-9500-bb53eff77c24,40056,2022-10-18 10:55:46.628000+00:00,j3,24.240547171300616,0.5791476012099854,4.211834865115512,2.6868467663263638,21.55370040497425,Normal
b0f4ef1f-861d-4ce4-9500-bb53eff77c24,40056,2022-10-18 10:55:46.628000+00:00,j4,4.08971531581817,0.2610517681787129,2.203025325858793,0.6360383965268197,3.4536769192913503,Normal
b0f4ef1f-861d-4ce4-9500-bb53eff77c24,40056,2022-10-18 10:55:46.628000+00:00,j5,2.106366537150895,0.10150792246408781,0.548456276935889,0.9579286379408288,1.148437899210066,Normal
b0f4ef1f-861d-4ce4-9500-bb53eff77c24,40056,2022-10-18 10:55:46.628000+00:00,j6,0.1760800371455982,0.008412235631677078,-0.2331880200185341,0.6187176154139529,-0.4426375782683547,Normal
b0f4ef1f-861d-4ce4-9500-bb53eff77c24,40056,2022-10-18 10:55:46.628000+00:00,j7,7.68504680628229,0.9477789679794844,3.1451696576352592,0.892659116223245,6.792387690059044,Normal
b0f4ef1f-861d-4ce4-9500-bb53eff77c24,40056,2022-10-18 10:55:46.628000+00:00,j8,0.0799541303748835,0.013538605532149521,-0.05261624564925114,0.10567050586422974,-0.025716375489346244,Normal
b0f4ef1f-861d-4ce4-9500-bb53eff77c24,40057,2022-10-18 10:55:48.628000+00:00,j1,3.7735539512297263,0.15983336868224496,1.4096579658438853,0.720958223695918,3.0525957275338085,Normal
b0f4ef1f-861d-4ce4-9500-bb53eff77c24,40057,2022-10-18 10:55:48.628000+00:00,j2,20.05420084422368,0.38779633073052444,2.3896985033890257,3.702592646130383,16.351608198093295,Normal
b0f4ef1f-861d-4ce4-9500-bb53eff77c24,40057,2022-10-18 10:55:48.628000+00:00,j3,11.719539654633188,0.27999959036823757,1.7624201174592538,2.6868456108891716,9.032694043744016,Normal
b0f4ef1f-861d-4ce4-9500-bb53eff77c24,40057,2022-10-18 10:55:48.628000+00:00,j4,0.8839344189011147,0.05642266641779582,0.16744965062983028,0.6360391745337126,0.24789524436740207,Normal
b0f4ef1f-861d-4ce4-9500-bb53eff77c24,40057,2022-10-18 10:55:48.628000+00:00,j5,0.3310973551668386,0.0159559146347815,-0.2968458312577873,0.9579288055643865,-0.626831450397548,Normal
b0f4ef1f-861d-4ce4-9500-bb53eff77c24,40057,2022-10-18 10:55:48.628000+00:00,j6,5.864145031811023,0.2801599237801842,2.8999120695646785,0.6187185643050473,5.245426467505975,Normal
b0f4ef1f-861d-4ce4-9500-bb53eff77c24,40057,2022-10-18 10:55:48.628000+00:00,j7,0.2597763022427325,0.03203760781832508,-0.281693633315513,0.8926602236604758,-0.6328839214177433,Normal
b0f4ef1f-861d-4ce4-9500-bb53eff77c24,40057,2022-10-18 10:55:48.628000+00:00,j8,0.1011313024964679,0.01712452883962922,-0.0025602875915115455,0.10567067586400467,-0.004539373367536764,Normal
b0f4ef1f-861d-4ce4-9500-bb53eff77c24,40058,2022-10-18 10:55:50.628000+00:00,j1,0.7584617938777691,0.032125551959514644,0.015132958573047235,0.7209579883502046,0.03750380552756449,Normal
b0f4ef1f-861d-4ce4-9500-bb53eff77c24,40058,2022-10-18 10:55:50.628000+00:00,j2,10.818324448542784,0.20919838982292893,1.0472502204271132,3.702597034537218,7.1157274140055655,Normal
b0f4ef1f-861d-4ce4-9500-bb53eff77c24,40058,2022-10-18 10:55:50.628000+00:00,j3,8.9808806903137,0.21456840358398505,1.2266715647109534,2.6868444554519795,6.294036234861721,Normal
b0f4ef1f-861d-4ce4-9500-bb53eff77c24,40058,2022-10-18 10:55:50.628000+00:00,j4,0.1570398323772294,0.010024053693420234,-0.29410682698427887,0.6360399525406056,-0.47900012016337623,Normal
b0f4ef1f-861d-4ce4-9500-bb53eff77c24,40058,2022-10-18 10:55:50.628000+00:00,j5,2.07780469271886,0.10013149844723085,0.5348564310323422,0.9579289731879442,1.1198757195309157,Normal
b0f4ef1f-861d-4ce4-9500-bb53eff77c24,40058,2022-10-18 10:55:50.628000+00:00,j6,0.5583886088620104,0.026677053389689297,-0.0226048038604042,0.6187195131961417,-0.06033090433413135,Normal
b0f4ef1f-861d-4ce4-9500-bb53eff77c24,40058,2022-10-18 10:55:50.628000+00:00,j7,2.8650707453031585,0.35334251861053595,0.9206851735151248,0.8926613310977067,1.9724094142054518,Normal
b0f4ef1f-861d-4ce4-9500-bb53eff77c24,40058,2022-10-18 10:55:50.628000+00:00,j8,1.340295165401982,0.2269517216426978,2.926420692123182,0.10567084586377959,1.2346243195382023,Normal
b0f4ef1f-861d-4ce4-9500-bb53eff77c24,40059,2022-10-18 10:55:52.628000+00:00,j1,0.1282993848368391,0.005434273139688135,-0.2763265365892528,0.7209577530044912,-0.592658368167652,Normal
b0f4ef1f-861d-4ce4-9500-bb53eff77c24,40059,2022-10-18 10:55:52.628000+00:00,j2,3.736812425886732,0.0722602789631731,0.017941982820723876,3.7026014229440527,0.034211002942679425,Normal
b0f4ef1f-861d-4ce4-9500-bb53eff77c24,40059,2022-10-18 10:55:52.628000+00:00,j3,6.179342765755319,0.14763493227077404,0.6786223522656262,2.6868433000147873,3.4924994657405315,Normal
b0f4ef1f-861d-4ce4-9500-bb53eff77c24,40059,2022-10-18 10:55:52.628000+00:00,j4,0.0515882223462115,0.0032929423250040854,-0.3610654680128346,0.6360407305474985,-0.584452508201287,Normal
b0f4ef1f-861d-4ce4-9500-bb53eff77c24,40059,2022-10-18 10:55:52.628000+00:00,j5,1.3602268793839831,0.06555070172774313,0.19317864798928172,0.9579291408115019,0.4022977385724812,Normal
b0f4ef1f-861d-4ce4-9500-bb53eff77c24,40059,2022-10-18 10:55:52.628000+00:00,j6,0.8026051425069826,0.0383445147298646,0.11191455275003673,0.6187204620872361,0.18388468041974648,Normal
b0f4ef1f-861d-4ce4-9500-bb53eff77c24,40059,2022-10-18 10:55:52.628000+00:00,j7,3.114926308379679,0.3841566247163068,1.0359969128895967,0.8926624385349375,2.222263869844742,Normal
b0f4ef1f-861d-4ce4-9500-bb53eff77c24,40059,2022-10-18 10:55:52.628000+00:00,j8,1.5141633410453028,0.25639276031815394,3.3373885993399948,0.10567101586355451,1.4084923251817483,Normal
b0f4ef1f-861d-4ce4-9500-bb53eff77c24,40060,2022-10-18 10:55:54.628000+00:00,j1,0.1027655083470265,0.00435275541193625,-0.2881363345786057,0.7209575176587778,-0.6181920093117513,Normal
b0f4ef1f-861d-4ce4-9500-bb53eff77c24,40060,2022-10-18 10:55:54.628000+00:00,j2,4.029303589690363,0.07791630090965818,0.0604560057252896,3.7026058113508875,0.32669777833947533,Normal
b0f4ef1f-861d-4ce4-9500-bb53eff77c24,40060,2022-10-18 10:55:54.628000+00:00,j3,16.063857543558274,0.38379267995836813,2.612274755073289,2.686842144577595,13.37701539898068,Normal
b0f4ef1f-861d-4ce4-9500-bb53eff77c24,40060,2022-10-18 10:55:54.628000+00:00,j4,4.287166506636972,0.27365533065477954,2.3284009687987934,0.6360415085543915,3.651124998082581,Normal
b0f4ef1f-861d-4ce4-9500-bb53eff77c24,40060,2022-10-18 10:55:54.628000+00:00,j5,1.7520322549444567,0.08443219693854379,0.37973847414068157,0.9579293084350597,0.794102946509397,Normal
b0f4ef1f-861d-4ce4-9500-bb53eff77c24,40060,2022-10-18 10:55:54.628000+00:00,j6,3.4810341663184547,0.16630664170507567,1.5872468884944895,0.6187214109783304,2.8623127553401244,Normal
b0f4ef1f-861d-4ce4-9500-bb53eff77c24,40060,2022-10-18 10:55:54.628000+00:00,j7,0.7360756855610812,0.09077850417847502,-0.06187499218881337,0.8926635459721683,-0.1565878604110872,Normal
b0f4ef1f-861d-4ce4-9500-bb53eff77c24,40060,2022-10-18 10:55:54.628000+00:00,j8,0.1357984579000337,0.022994706399312132,0.07938161035875174,0.10567118586332942,0.030127272036704275,Normal
b0f4ef1f-861d-4ce4-9500-bb53eff77c24,40061,2022-10-18 10:55:56.628000+00:00,j1,0.1882696356364038,0.007974384485622352,-0.2485894028408284,0.7209572823130644,-0.5326876466766606,Normal
b0f4ef1f-861d-4ce4-9500-bb53eff77c24,40061,2022-10-18 10:55:56.628000+00:00,j2,3.873057591769054,0.07489490777832004,0.03774541902588108,3.7026101997577223,0.17044739201133163,Normal
b0f4ef1f-861d-4ce4-9500-bb53eff77c24,40061,2022-10-18 10:55:56.628000+00:00,j3,6.875371907498435,0.16426424368706177,0.8147826446633964,2.686840989140403,4.1885309183580315,Normal
b0f4ef1f-861d-4ce4-9500-bb53eff77c24,40061,2022-10-18 10:55:56.628000+00:00,j4,0.7165812568784938,0.04574029968010914,0.061185362227118345,0.6360422865612845,0.08053897031720936,Normal
b0f4ef1f-861d-4ce4-9500-bb53eff77c24,40061,2022-10-18 10:55:56.628000+00:00,j5,0.7820847735964048,0.03768945202953554,-0.08210621912680864,0.9579294760586174,-0.17584470246221262,Normal
b0f4ef1f-861d-4ce4-9500-bb53eff77c24,40061,2022-10-18 10:55:56.628000+00:00,j6,0.764012232697551,0.0365007358649127,0.09065680529205096,0.6187223598694248,0.14528987282812622,Normal
b0f4ef1f-861d-4ce4-9500-bb53eff77c24,40061,2022-10-18 10:55:56.628000+00:00,j7,0.0,0.0,-0.40158392869670473,0.8926646534093993,-0.8926646534093993,Normal
b0f4ef1f-861d-4ce4-9500-bb53eff77c24,40061,2022-10-18 10:55:56.628000+00:00,j8,0.0,0.0,-0.24160184644668103,0.10567135586310435,-0.10567135586310435,Normal
b0f4ef1f-861d-4ce4-9500-bb53eff77c24,40062,2022-10-18 10:55:58.628000+00:00,j1,0.0,0.0,-0.3356669120189621,0.7209570469673511,-0.7209570469673511,Normal
b0f4ef1f-861d-4ce4-9500-bb53eff77c24,40062,2022-10-18 10:55:58.628000+00:00,j2,0.0,0.0,-0.5252092255722672,3.702614588164557,-3.702614588164557,Normal
b0f4ef1f-861d-4ce4-9500-bb53eff77c24,40062,2022-10-18 10:55:58.628000+00:00,j3,0.0,0.0,-0.5302079500176364,2.6868398337032113,-2.6868398337032113,Normal
b0f4ef1f-861d-4ce4-9500-bb53eff77c24,40062,2022-10-18 10:55:58.628000+00:00,j4,0.0,0.0,-0.39382245731214677,0.6360430645681774,-0.6360430645681774,Normal
b0f4ef1f-861d-4ce4-9500-bb53eff77c24,40062,2022-10-18 10:55:58.628000+00:00,j5,0.0,0.0,-0.4544992706235773,0.9579296436821751,-0.9579296436821751,Normal
b0f4ef1f-861d-4ce4-9500-bb53eff77c24,40062,2022-10-18 10:55:58.628000+00:00,j6,0.0,0.0,-0.3301764300792632,0.6187233087605192,-0.6187233087605192,Normal
b0f4ef1f-861d-4ce4-9500-bb53eff77c24,40062,2022-10-18 10:55:58.628000+00:00,j7,0.0,0.0,-0.40158392869670473,0.8926657608466301,-0.8926657608466301,Normal
b0f4ef1f-861d-4ce4-9500-bb53eff77c24,40062,2022-10-18 10:55:58.628000+00:00,j8,0.0,0.0,-0.24160184644668103,0.10567152586287926,-0.10567152586287926,Normal
b0f4ef1f-861d-4ce4-9500-bb53eff77c24,40063,2022-10-18 10:56:00.628000+00:00,j1,0.0,0.0,-0.3356669120189621,0.7209568116216376,-0.7209568116216376,Normal
b0f4ef1f-861d-4ce4-9500-bb53eff77c24,40063,2022-10-18 10:56:00.628000+00:00,j2,0.0,0.0,-0.5252092255722672,3.702618976571392,-3.702618976571392,Normal
b0f4ef1f-861d-4ce4-9500-bb53eff77c24,40063,2022-10-18 10:56:00.628000+00:00,j3,0.0,0.0,-0.5302079500176364,2.686838678266019,-2.686838678266019,Normal
b0f4ef1f-861d-4ce4-9500-bb53eff77c24,40063,2022-10-18 10:56:00.628000+00:00,j4,0.0,0.0,-0.39382245731214677,0.6360438425750703,-0.6360438425750703,Normal
b0f4ef1f-861d-4ce4-9500-bb53eff77c24,40063,2022-10-18 10:56:00.628000+00:00,j5,0.0,0.0,-0.4544992706235773,0.9579298113057328,-0.9579298113057328,Normal
b0f4ef1f-861d-4ce4-9500-bb53eff77c24,40063,2022-10-18 10:56:00.628000+00:00,j6,0.0,0.0,-0.3301764300792632,0.6187242576516137,-0.6187242576516137,Normal
b0f4ef1f-861d-4ce4-9500-bb53eff77c24,40063,2022-10-18 10:56:00.628000+00:00,j7,0.0,0.0,-0.40158392869670473,0.8926668682838609,-0.8926668682838609,Normal
b0f4ef1f-861d-4ce4-9500-bb53eff77c24,40063,2022-10-18 10:56:00.628000+00:00,j8,0.0,0.0,-0.24160184644668103,0.10567169586265418,-0.10567169586265418,Normal
b0f4ef1f-861d-4ce4-9500-bb53eff77c24,40064,2022-10-18 10:56:02.628000+00:00,j1,0.0,0.0,-0.3356669120189621,0.7209565762759242,-0.7209565762759242,Normal
b0f4ef1f-861d-4ce4-9500-bb53eff77c24,40064,2022-10-18 10:56:02.628000+00:00,j2,0.0,0.0,-0.5252092255722672,3.7026233649782267,-3.7026233649782267,Normal
b0f4ef1f-861d-4ce4-9500-bb53eff77c24,40064,2022-10-18 10:56:02.628000+00:00,j3,0.0,0.0,-0.5302079500176364,2.686837522828827,-2.686837522828827,Normal
b0f4ef1f-861d-4ce4-9500-bb53eff77c24,40064,2022-10-18 10:56:02.628000+00:00,j4,0.0,0.0,-0.39382245731214677,0.6360446205819633,-0.6360446205819633,Normal
b0f4ef1f-861d-4ce4-9500-bb53eff77c24,40064,2022-10-18 10:56:02.628000+00:00,j5,0.0,0.0,-0.4544992706235773,0.9579299789292905,-0.9579299789292905,Normal
b0f4ef1f-861d-4ce4-9500-bb53eff77c24,40064,2022-10-18 10:56:02.628000+00:00,j6,0.0,0.0,-0.3301764300792632,0.618725206542708,-0.618725206542708,Normal
b0f4ef1f-861d-4ce4-9500-bb53eff77c24,40064,2022-10-18 10:56:02.628000+00:00,j7,0.0,0.0,-0.40158392869670473,0.8926679757210917,-0.8926679757210917,Normal
b0f4ef1f-861d-4ce4-9500-bb53eff77c24,40064,2022-10-18 10:56:02.628000+00:00,j8,0.0,0.0,-0.24160184644668103,0.1056718658624291,-0.1056718658624291,Normal
b0f4ef1f-861d-4ce4-9500-bb53eff77c24,40065,2022-10-18 10:56:04.628000+00:00,j1,0.0,0.0,-0.3356669120189621,0.7209563409302109,-0.7209563409302109,Normal
b0f4ef1f-861d-4ce4-9500-bb53eff77c24,40065,2022-10-18 10:56:04.628000+00:00,j2,0.0,0.0,-0.5252092255722672,3.7026277533850616,-3.7026277533850616,Normal
b0f4ef1f-861d-4ce4-9500-bb53eff77c24,40065,2022-10-18 10:56:04.628000+00:00,j3,0.0,0.0,-0.5302079500176364,2.686836367391635,-2.686836367391635,Normal
b0f4ef1f-861d-4ce4-9500-bb53eff77c24,40065,2022-10-18 10:56:04.628000+00:00,j4,0.0,0.0,-0.39382245731214677,0.6360453985888562,-0.6360453985888562,Normal
b0f4ef1f-861d-4ce4-9500-bb53eff77c24,40065,2022-10-18 10:56:04.628000+00:00,j5,0.0,0.0,-0.4544992706235773,0.9579301465528482,-0.9579301465528482,Normal
b0f4ef1f-861d-4ce4-9500-bb53eff77c24,40065,2022-10-18 10:56:04.628000+00:00,j6,0.0,0.0,-0.3301764300792632,0.6187261554338024,-0.6187261554338024,Normal
b0f4ef1f-861d-4ce4-9500-bb53eff77c24,40065,2022-10-18 10:56:04.628000+00:00,j7,0.0,0.0,-0.40158392869670473,0.8926690831583226,-0.8926690831583226,Normal
b0f4ef1f-861d-4ce4-9500-bb53eff77c24,40065,2022-10-18 10:56:04.628000+00:00,j8,0.0,0.0,-0.24160184644668103,0.10567203586220403,-0.10567203586220403,Normal
b0f4ef1f-861d-4ce4-9500-bb53eff77c24,40066,2022-10-18 10:56:06.628000+00:00,j1,0.0,0.0,-0.3356669120189621,0.7209561055844975,-0.7209561055844975,Normal
b0f4ef1f-861d-4ce4-9500-bb53eff77c24,40066,2022-10-18 10:56:06.628000+00:00,j2,0.0,0.0,-0.5252092255722672,3.702632141791897,-3.702632141791897,Normal
b0f4ef1f-861d-4ce4-9500-bb53eff77c24,40066,2022-10-18 10:56:06.628000+00:00,j3,0.0,0.0,-0.5302079500176364,2.6868352119544427,-2.6868352119544427,Normal
b0f4ef1f-861d-4ce4-9500-bb53eff77c24,40066,2022-10-18 10:56:06.628000+00:00,j4,0.0,0.0,-0.39382245731214677,0.6360461765957491,-0.6360461765957491,Normal
b0f4ef1f-861d-4ce4-9500-bb53eff77c24,40066,2022-10-18 10:56:06.628000+00:00,j5,0.0,0.0,-0.4544992706235773,0.9579303141764061,-0.9579303141764061,Normal
b0f4ef1f-861d-4ce4-9500-bb53eff77c24,40066,2022-10-18 10:56:06.628000+00:00,j6,0.0,0.0,-0.3301764300792632,0.6187271043248967,-0.6187271043248967,Normal
b0f4ef1f-861d-4ce4-9500-bb53eff77c24,40066,2022-10-18 10:56:06.628000+00:00,j7,0.0,0.0,-0.40158392869670473,0.8926701905955534,-0.8926701905955534,Normal
b0f4ef1f-861d-4ce4-9500-bb53eff77c24,40066,2022-10-18 10:56:06.628000+00:00,j8,0.0,0.0,-0.24160184644668103,0.10567220586197894,-0.10567220586197894,Normal
b0f4ef1f-861d-4ce4-9500-bb53eff77c24,40067,2022-10-18 10:56:08.628000+00:00,j1,0.0,0.0,-0.3356669120189621,0.7209558702387842,-0.7209558702387842,Normal
b0f4ef1f-861d-4ce4-9500-bb53eff77c24,40067,2022-10-18 10:56:08.628000+00:00,j2,0.0,0.0,-0.5252092255722672,3.7026365301987316,-3.7026365301987316,Normal
b0f4ef1f-861d-4ce4-9500-bb53eff77c24,40067,2022-10-18 10:56:08.628000+00:00,j3,0.0,0.0,-0.5302079500176364,2.6868340565172506,-2.6868340565172506,Normal
b0f4ef1f-861d-4ce4-9500-bb53eff77c24,40067,2022-10-18 10:56:08.628000+00:00,j4,0.0,0.0,-0.39382245731214677,0.6360469546026422,-0.6360469546026422,Normal
b0f4ef1f-861d-4ce4-9500-bb53eff77c24,40067,2022-10-18 10:56:08.628000+00:00,j5,0.0,0.0,-0.4544992706235773,0.9579304817999638,-0.9579304817999638,Normal
b0f4ef1f-861d-4ce4-9500-bb53eff77c24,40067,2022-10-18 10:56:08.628000+00:00,j6,0.0,0.0,-0.3301764300792632,0.6187280532159911,-0.6187280532159911,Normal
b0f4ef1f-861d-4ce4-9500-bb53eff77c24,40067,2022-10-18 10:56:08.628000+00:00,j7,0.0,0.0,-0.40158392869670473,0.8926712980327842,-0.8926712980327842,Normal
b0f4ef1f-861d-4ce4-9500-bb53eff77c24,40067,2022-10-18 10:56:08.628000+00:00,j8,0.0,0.0,-0.24160184644668103,0.10567237586175386,-0.10567237586175386,Normal
b0f4ef1f-861d-4ce4-9500-bb53eff77c24,40068,2022-10-18 10:56:10.628000+00:00,j1,0.0,0.0,-0.3356669120189621,0.7209556348930707,-0.7209556348930707,Normal
b0f4ef1f-861d-4ce4-9500-bb53eff77c24,40068,2022-10-18 10:56:10.628000+00:00,j2,0.0,0.0,-0.5252092255722672,3.7026409186055664,-3.7026409186055664,Normal
b0f4ef1f-861d-4ce4-9500-bb53eff77c24,40068,2022-10-18 10:56:10.628000+00:00,j3,0.0,0.0,-0.5302079500176364,2.6868329010800585,-2.6868329010800585,Normal
b0f4ef1f-861d-4ce4-9500-bb53eff77c24,40068,2022-10-18 10:56:10.628000+00:00,j4,0.0,0.0,-0.39382245731214677,0.6360477326095351,-0.6360477326095351,Normal
b0f4ef1f-861d-4ce4-9500-bb53eff77c24,40068,2022-10-18 10:56:10.628000+00:00,j5,0.0,0.0,-0.4544992706235773,0.9579306494235215,-0.9579306494235215,Normal
b0f4ef1f-861d-4ce4-9500-bb53eff77c24,40068,2022-10-18 10:56:10.628000+00:00,j6,0.0,0.0,-0.3301764300792632,0.6187290021070855,-0.6187290021070855,Normal
b0f4ef1f-861d-4ce4-9500-bb53eff77c24,40068,2022-10-18 10:56:10.628000+00:00,j7,0.0,0.0,-0.40158392869670473,0.8926724054700151,-0.8926724054700151,Normal
b0f4ef1f-861d-4ce4-9500-bb53eff77c24,40068,2022-10-18 10:56:10.628000+00:00,j8,0.0,0.0,-0.24160184644668103,0.10567254586152879,-0.10567254586152879,Normal
b0f4ef1f-861d-4ce4-9500-bb53eff77c24,40069,2022-10-18 10:56:12.628000+00:00,j1,0.4404317559804228,0.018655011202383075,-0.1319606683430375,0.7209553995473573,-0.28052364356693454,Normal
b0f4ef1f-861d-4ce4-9500-bb53eff77c24,40069,2022-10-18 10:56:12.628000+00:00,j2,9.532080633249468,0.1843257640887925,0.8602927810531541,3.7026453070124012,5.829435326237066,Normal
b0f4ef1f-861d-4ce4-9500-bb53eff77c24,40069,2022-10-18 10:56:12.628000+00:00,j3,4.993314693147879,0.1192987190506561,0.4466063065670768,2.6868317456428668,2.3064829475050126,Normal
b0f4ef1f-861d-4ce4-9500-bb53eff77c24,40069,2022-10-18 10:56:12.628000+00:00,j4,0.7943221201823775,0.050702598583097315,0.11054850194289532,0.636048510616428,0.1582736095659495,Normal
b0f4ef1f-861d-4ce4-9500-bb53eff77c24,40069,2022-10-18 10:56:12.628000+00:00,j5,1.0504013149417957,0.050619896087747904,0.04565386388720019,0.9579308170470792,0.09247049789471651,Normal
b0f4ef1f-861d-4ce4-9500-bb53eff77c24,40069,2022-10-18 10:56:12.628000+00:00,j6,11.597771335808028,0.5540843065500587,6.058108240588974,0.6187299509981798,10.979041384809848,Normal
b0f4ef1f-861d-4ce4-9500-bb53eff77c24,40069,2022-10-18 10:56:12.628000+00:00,j7,0.0458210951394506,0.005651009207576586,-0.3804368703101959,0.892673512907246,-0.8468524177677953,Normal
b0f4ef1f-861d-4ce4-9500-bb53eff77c24,40069,2022-10-18 10:56:12.628000+00:00,j8,0.0986050628244887,0.016696761540576248,-0.008531497833293702,0.1056727158613037,-0.007067653036814989,Normal
b0f4ef1f-861d-4ce4-9500-bb53eff77c24,40070,2022-10-18 10:56:14.628000+00:00,j1,2.6114101069953373,0.11060938303953684,0.8721491375054282,0.720955164201644,1.8904549427936934,Normal
b0f4ef1f-861d-4ce4-9500-bb53eff77c24,40070,2022-10-18 10:56:14.628000+00:00,j2,17.13239891641423,0.3312962450114647,1.9650102753203957,3.702649695419236,13.429749220994992,Normal
b0f4ef1f-861d-4ce4-9500-bb53eff77c24,40070,2022-10-18 10:56:14.628000+00:00,j3,7.34372948284933,0.1754540969670297,0.9064048204918115,2.6868305902056746,4.656898892643655,Normal
b0f4ef1f-861d-4ce4-9500-bb53eff77c24,40070,2022-10-18 10:56:14.628000+00:00,j4,10.761708709142262,0.686933654349927,6.439543008586212,0.636049288623321,10.125659420518941,Normal
b0f4ef1f-861d-4ce4-9500-bb53eff77c24,40070,2022-10-18 10:56:14.628000+00:00,j5,1.955124603829036,0.09421942154547766,0.4764417754835662,0.9579309846706369,0.9971936191583991,Normal
b0f4ef1f-861d-4ce4-9500-bb53eff77c24,40070,2022-10-18 10:56:14.628000+00:00,j6,6.02966356961101,0.28806758306942437,2.9910829943159216,0.6187308998892742,5.410932669721736,Normal
b0f4ef1f-861d-4ce4-9500-bb53eff77c24,40070,2022-10-18 10:56:14.628000+00:00,j7,0.47958277772434,0.059145829763943426,-0.1802499564108933,0.8926746203444768,-0.41309184262013676,Normal
b0f4ef1f-861d-4ce4-9500-bb53eff77c24,40070,2022-10-18 10:56:14.628000+00:00,j8,0.0997256074617966,0.016886502980506195,-0.0058828941838130365,0.10567288586107862,-0.005947278399282024,Normal
b0f4ef1f-861d-4ce4-9500-bb53eff77c24,40071,2022-10-18 10:56:16.628000+00:00,j1,1.0943194706190338,0.046351203577362894,0.17047213384751833,0.7209549288559306,0.3733645417631032,Normal
b0f4ef1f-861d-4ce4-9500-bb53eff77c24,40071,2022-10-18 10:56:16.628000+00:00,j2,13.024964775638908,0.2518691014976034,1.3679886529607068,3.702654083826071,9.322310691812838,Normal
b0f4ef1f-861d-4ce4-9500-bb53eff77c24,40071,2022-10-18 10:56:16.628000+00:00,j3,5.16877363566325,0.12349072944342998,0.4809303592308282,2.6868294347684825,2.4819442008947674,Normal
b0f4ef1f-861d-4ce4-9500-bb53eff77c24,40071,2022-10-18 10:56:16.628000+00:00,j4,0.3281669646426767,0.02094731778675735,-0.18544617954382883,0.6360500666302139,-0.3078831019875372,Normal
b0f4ef1f-861d-4ce4-9500-bb53eff77c24,40071,2022-10-18 10:56:16.628000+00:00,j5,4.77256765149864,0.22999483640592636,1.8179794825985214,0.9579311522941947,3.814636499204446,Normal
b0f4ef1f-861d-4ce4-9500-bb53eff77c24,40071,2022-10-18 10:56:16.628000+00:00,j6,0.2906363526462396,0.013885171318823072,-0.17008810771197752,0.6187318487803687,-0.3280954961341291,Normal
b0f4ef1f-861d-4ce4-9500-bb53eff77c24,40071,2022-10-18 10:56:16.628000+00:00,j7,7.940156308428845,0.9792410301843064,3.2629061613226544,0.8926757277817077,7.047480580647138,Normal
b0f4ef1f-861d-4ce4-9500-bb53eff77c24,40071,2022-10-18 10:56:16.628000+00:00,j8,0.1026567027184489,0.017382824337150403,0.0010452631918682568,0.10567305586085354,-0.003016353142404643,Normal
b0f4ef1f-861d-4ce4-9500-bb53eff77c24,40072,2022-10-18 10:56:18.628000+00:00,j1,0.36823959902331,0.01559722647530041,-0.16535061563205608,0.7209546935102172,-0.35271509448690724,Normal
b0f4ef1f-861d-4ce4-9500-bb53eff77c24,40072,2022-10-18 10:56:18.628000+00:00,j2,11.624811731888046,0.22479376615786803,1.164474338894503,3.7026584722329057,7.922153259655141,Normal
b0f4ef1f-861d-4ce4-9500-bb53eff77c24,40072,2022-10-18 10:56:18.628000+00:00,j3,2.669591561564805,0.06378104991463034,-0.00797066740190592,2.6868282793312903,-0.017236717766485388,Normal
b0f4ef1f-861d-4ce4-9500-bb53eff77c24,40072,2022-10-18 10:56:18.628000+00:00,j4,2.1982796734968963,0.1403190079021145,1.0020198583694562,0.6360508446371068,1.5622288288597894,Normal
b0f4ef1f-861d-4ce4-9500-bb53eff77c24,40072,2022-10-18 10:56:18.628000+00:00,j5,5.216742469918142,0.25140006775260965,2.029475245735089,0.9579313199177524,4.25881115000039,Normal
b0f4ef1f-861d-4ce4-9500-bb53eff77c24,40072,2022-10-18 10:56:18.628000+00:00,j6,0.6578031790452997,0.031426591174669456,0.032154731946457946,0.618732797671463,0.03907038137383667,Normal
b0f4ef1f-861d-4ce4-9500-bb53eff77c24,40072,2022-10-18 10:56:18.628000+00:00,j7,8.313238155993675,1.0252523476648736,3.435088506362403,0.8926768352189385,7.420561320774737,Normal
b0f4ef1f-861d-4ce4-9500-bb53eff77c24,40072,2022-10-18 10:56:18.628000+00:00,j8,0.0989709565233956,0.01675871819538536,-0.007666643945299495,0.10567322586062845,-0.00670226933723285,Normal
b0f4ef1f-861d-4ce4-9500-bb53eff77c24,40073,2022-10-18 10:56:20.628000+00:00,j1,0.5733451874125967,0.024284717777002987,-0.07048622767548215,0.7209544581645038,-0.1476092707519071,Normal
b0f4ef1f-861d-4ce4-9500-bb53eff77c24,40073,2022-10-18 10:56:20.628000+00:00,j2,11.19896704488109,0.2165590322801552,1.1025771843214642,3.7026628606397405,7.49630418424135,Normal
b0f4ef1f-861d-4ce4-9500-bb53eff77c24,40073,2022-10-18 10:56:20.628000+00:00,j3,3.654209642090745,0.08730523835043051,0.1846446667905568,2.686827123894098,0.9673825181966467,Normal
b0f4ef1f-861d-4ce4-9500-bb53eff77c24,40073,2022-10-18 10:56:20.628000+00:00,j4,0.4267646649161218,0.02724093531440875,-0.12283956768736862,0.6360516226439998,-0.20928695772787803,Normal
b0f4ef1f-861d-4ce4-9500-bb53eff77c24,40073,2022-10-18 10:56:20.628000+00:00,j5,4.600215817298411,0.221689028127086,1.7359134104338045,0.9579314875413101,3.642284329757101,Normal
b0f4ef1f-861d-4ce4-9500-bb53eff77c24,40073,2022-10-18 10:56:20.628000+00:00,j6,0.0258133536400544,0.0012332347083979203,-0.31595791804081996,0.6187337465625574,-0.592920392922503,Normal
b0f4ef1f-861d-4ce4-9500-bb53eff77c24,40073,2022-10-18 10:56:20.628000+00:00,j7,1.195658166992051,0.14745774386716756,0.15022857143530657,0.8926779426561693,0.3029802243358817,Normal
b0f4ef1f-861d-4ce4-9500-bb53eff77c24,40073,2022-10-18 10:56:20.628000+00:00,j8,0.1113732088588019,0.018858787338679957,0.021648253207085463,0.10567339586040338,0.005699812998398529,Normal
b0f4ef1f-861d-4ce4-9500-bb53eff77c24,40074,2022-10-18 10:56:22.628000+00:00,j1,1.3738867923802816,0.058192610216324984,0.299776181971273,0.7209542228187904,0.6529325695614911,Normal
b0f4ef1f-861d-4ce4-9500-bb53eff77c24,40074,2022-10-18 10:56:22.628000+00:00,j2,41.54559638332069,0.8033842864450874,5.513504605147612,3.7026672490465753,37.842929134274115,Normal
b0f4ef1f-861d-4ce4-9500-bb53eff77c24,40074,2022-10-18 10:56:22.628000+00:00,j3,6.579415289720752,0.15719334037630253,0.7568863049889621,2.686825968456906,3.8925893212638463,Normal
b0f4ef1f-861d-4ce4-9500-bb53eff77c24,40074,2022-10-18 10:56:22.628000+00:00,j4,1.3199264102733823,0.08425259380156018,0.4442916185526887,0.6360524006508927,0.6838740096224896,Normal
b0f4ef1f-861d-4ce4-9500-bb53eff77c24,40074,2022-10-18 10:56:22.628000+00:00,j5,19.406279155821025,0.9352081155495522,8.785884581630912,0.9579316551648678,18.44834750065616,Normal
b0f4ef1f-861d-4ce4-9500-bb53eff77c24,40074,2022-10-18 10:56:22.628000+00:00,j6,0.206267497170775,0.009854443567171984,-0.21656016260166672,0.6187346954536518,-0.4124671982828768,Normal
b0f4ef1f-861d-4ce4-9500-bb53eff77c24,40074,2022-10-18 10:56:22.628000+00:00,j7,0.0716586611618955,0.008837496196808218,-0.36851248230552136,0.8926790500934001,-0.8210203889315046,Normal
b0f4ef1f-861d-4ce4-9500-bb53eff77c24,40074,2022-10-18 10:56:22.628000+00:00,j8,0.1219007180798456,0.020641406872048684,0.04653186642019864,0.1056735658601783,0.016227152219667293,Normal
b0f4ef1f-861d-4ce4-9500-bb53eff77c24,40075,2022-10-18 10:56:24.628000+00:00,j1,0.2897205714013117,0.012271459611310445,-0.20166683478922878,0.720953987473077,-0.43123341607176535,Normal
b0f4ef1f-861d-4ce4-9500-bb53eff77c24,40075,2022-10-18 10:56:24.628000+00:00,j2,1.5236387691961122,0.029463229606739166,-0.30374607882443455,3.7026716374534105,-2.1790328682572984,Normal
b0f4ef1f-861d-4ce4-9500-bb53eff77c24,40075,2022-10-18 10:56:24.628000+00:00,j3,25.6119386052443,0.6119124581117611,4.480112509597366,2.6868248130197143,22.925113792224586,Normal
b0f4ef1f-861d-4ce4-9500-bb53eff77c24,40075,2022-10-18 10:56:24.628000+00:00,j4,0.2110666142765757,0.013472652398880125,-0.2598014247807249,0.6360531786577857,-0.42498656438120996,Normal
b0f4ef1f-861d-4ce4-9500-bb53eff77c24,40075,2022-10-18 10:56:24.628000+00:00,j5,1.3061860150635194,0.0629464181101569,0.1674468564377362,0.9579318227884255,0.3482541922750939,Normal
b0f4ef1f-861d-4ce4-9500-bb53eff77c24,40075,2022-10-18 10:56:24.628000+00:00,j6,2.527509379058879,0.1207519307843844,1.06202634351397,0.6187356443447461,1.9087737347141331,Normal
b0f4ef1f-861d-4ce4-9500-bb53eff77c24,40075,2022-10-18 10:56:24.628000+00:00,j7,0.5934512208104625,0.07318896029964464,-0.12769812178112938,0.892680157530631,-0.2992289367201685,Normal
b0f4ef1f-861d-4ce4-9500-bb53eff77c24,40075,2022-10-18 10:56:24.628000+00:00,j8,0.0956786623864009,0.016201235155952766,-0.015448558182431332,0.10567373585995321,-0.009995073473552316,Normal
b0f4ef1f-861d-4ce4-9500-bb53eff77c24,40076,2022-10-18 10:56:26.628000+00:00,j1,0.7304261723811357,0.03093806984455853,0.0021660662755421216,0.7209537521273637,0.00947242025377204,Normal
b0f4ef1f-861d-4ce4-9500-bb53eff77c24,40076,2022-10-18 10:56:26.628000+00:00,j2,20.11067053144356,0.3888883083002852,2.3979064558777767,3.7026760258602454,16.407994505583314,Normal
b0f4ef1f-861d-4ce4-9500-bb53eff77c24,40076,2022-10-18 10:56:26.628000+00:00,j3,6.806997351547098,0.16263066009741833,0.8014069122801427,2.686823657582522,4.120173693964576,Normal
b0f4ef1f-861d-4ce4-9500-bb53eff77c24,40076,2022-10-18 10:56:26.628000+00:00,j4,0.0,0.0,-0.39382245731214677,0.6360539566646786,-0.6360539566646786,Normal
b0f4ef1f-861d-4ce4-9500-bb53eff77c24,40076,2022-10-18 10:56:26.628000+00:00,j5,0.7541517462062879,0.036343331338528705,-0.09540665107297061,0.9579319904119832,-0.2037802442056953,Normal
b0f4ef1f-861d-4ce4-9500-bb53eff77c24,40076,2022-10-18 10:56:26.628000+00:00,j6,0.9067811495293272,0.04332153048046082,0.16929678330475773,0.6187365932358405,0.2880445562934867,Normal
b0f4ef1f-861d-4ce4-9500-bb53eff77c24,40076,2022-10-18 10:56:26.628000+00:00,j7,8.112933449265086,1.0005492335511816,3.3426451608816645,0.8926812649678618,7.220252184297224,Normal
b0f4ef1f-861d-4ce4-9500-bb53eff77c24,40076,2022-10-18 10:56:26.628000+00:00,j8,0.1392509519248934,0.023579316030928638,0.08754218510927911,0.10567390585972813,0.03357704606516526,Normal
b0f4ef1f-861d-4ce4-9500-bb53eff77c24,40077,2022-10-18 10:56:28.628000+00:00,j1,0.3452706102850973,0.01462434762085692,-0.17597411485381495,0.7209535167816503,-0.375682906496553,Normal
b0f4ef1f-861d-4ce4-9500-bb53eff77c24,40077,2022-10-18 10:56:28.628000+00:00,j2,11.85698543592868,0.22928340457420043,1.1982211298849077,3.70268041426708,8.1543050216616,Normal
b0f4ef1f-861d-4ce4-9500-bb53eff77c24,40077,2022-10-18 10:56:28.628000+00:00,j3,6.006970807767777,0.14351667515063177,0.6449021891385741,2.68682250214533,3.320148305622447,Normal
b0f4ef1f-861d-4ce4-9500-bb53eff77c24,40077,2022-10-18 10:56:28.628000+00:00,j4,1.140688328341598,0.07281159739961561,0.3304807589253485,0.6360547346715716,0.5046335936700265,Normal
b0f4ef1f-861d-4ce4-9500-bb53eff77c24,40077,2022-10-18 10:56:28.628000+00:00,j5,3.2122625119983974,0.1548021620412167,1.0750334340612866,0.957932158035541,2.2543303539628563,Normal
b0f4ef1f-861d-4ce4-9500-bb53eff77c24,40077,2022-10-18 10:56:28.628000+00:00,j6,0.100968977999348,0.004823799723064561,-0.2745606953238465,0.6187375421269349,-0.5177685641275869,Normal
b0f4ef1f-861d-4ce4-9500-bb53eff77c24,40077,2022-10-18 10:56:28.628000+00:00,j7,0.023718728473379,0.002925175676992359,-0.3906374130284564,0.8926823724050926,-0.8689636439317137,Normal
b0f4ef1f-861d-4ce4-9500-bb53eff77c24,40077,2022-10-18 10:56:28.628000+00:00,j8,0.1377654242961783,0.02332777214597881,0.08403088018860055,0.10567407585950306,0.03209134843667524,Normal
b0f4ef1f-861d-4ce4-9500-bb53eff77c24,40078,2022-10-18 10:56:30.628000+00:00,j1,4.115371109136418,0.17431144121750403,1.5677534898738272,0.7209532814359368,3.394417827700481,Normal
b0f4ef1f-861d-4ce4-9500-bb53eff77c24,40078,2022-10-18 10:56:30.628000+00:00,j2,10.731810857030618,0.20752544091774228,1.0346753420503643,3.702684802673915,7.029126054356704,Normal
b0f4ef1f-861d-4ce4-9500-bb53eff77c24,40078,2022-10-18 10:56:30.628000+00:00,j3,14.538481502002597,0.3473488707832985,2.3138739620912205,2.686821346708138,11.851660155294459,Normal
b0f4ef1f-861d-4ce4-9500-bb53eff77c24,40078,2022-10-18 10:56:30.628000+00:00,j4,0.5615214585650422,0.03584263409771562,-0.037273005266528145,0.6360555126784645,-0.07453405411342229,Normal
b0f4ef1f-861d-4ce4-9500-bb53eff77c24,40078,2022-10-18 10:56:30.628000+00:00,j5,0.5894554072826438,0.02840644907861899,-0.17382752601225454,0.9579323256590987,-0.3684769183764549,Normal
b0f4ef1f-861d-4ce4-9500-bb53eff77c24,40078,2022-10-18 10:56:30.628000+00:00,j6,0.4648953288550178,0.022210405641615225,-0.07410277447783853,0.6187384910180294,-0.15384316216301158,Normal
b0f4ef1f-861d-4ce4-9500-bb53eff77c24,40078,2022-10-18 10:56:30.628000+00:00,j7,8.308245460965399,1.0246366101865452,3.432784309726603,0.8926834798423235,7.415561981123075,Normal
b0f4ef1f-861d-4ce4-9500-bb53eff77c24,40078,2022-10-18 10:56:30.628000+00:00,j8,0.1344767231275352,0.022770897502647502,0.0762574585619116,0.10567424585927797,0.02880247726825723,Normal
b0f4ef1f-861d-4ce4-9500-bb53eff77c24,40079,2022-10-18 10:56:32.628000+00:00,j1,1.1945664978581227,0.05059728572461372,0.21683787628381218,0.7209530460902235,0.47361345176789926,Normal
b0f4ef1f-861d-4ce4-9500-bb53eff77c24,40079,2022-10-18 10:56:32.628000+00:00,j2,16.67580843231965,0.3224669670086291,1.8986441737042936,3.70268919108075,12.973119241238898,Normal
b0f4ef1f-861d-4ce4-9500-bb53eff77c24,40079,2022-10-18 10:56:32.628000+00:00,j3,6.940842863114157,0.1658284553620632,0.827590361934936,2.6868201912709457,4.254022671843211,Normal
b0f4ef1f-861d-4ce4-9500-bb53eff77c24,40079,2022-10-18 10:56:32.628000+00:00,j4,2.208324984271256,0.14096021295846856,1.0083983324199024,0.6360562906853574,1.5722686935858983,Normal
b0f4ef1f-861d-4ce4-9500-bb53eff77c24,40079,2022-10-18 10:56:32.628000+00:00,j5,0.8230640025996316,0.03966428230096785,-0.06259378179048014,0.9579324932826564,-0.13486849068302476,Normal
b0f4ef1f-861d-4ce4-9500-bb53eff77c24,40079,2022-10-18 10:56:32.628000+00:00,j6,0.1272323031656414,0.006078531851429163,-0.2600943299590979,0.6187394399091237,-0.49150713674348234,Normal
b0f4ef1f-861d-4ce4-9500-bb53eff77c24,40079,2022-10-18 10:56:32.628000+00:00,j7,7.315346952761403,0.9021847439669831,2.9745481488280894,0.8926845872795544,6.422662365481848,Normal
b0f4ef1f-861d-4ce4-9500-bb53eff77c24,40079,2022-10-18 10:56:32.628000+00:00,j8,0.1328490116307038,0.022495277671971847,0.07241007714820297,0.10567441585905289,0.02717459577165092,Normal
b0f4ef1f-861d-4ce4-9500-bb53eff77c24,40080,2022-10-18 10:56:34.628000+00:00,j1,0.3043812290647262,0.012892429214958773,-0.19488606237243333,0.7209528107445101,-0.4165715816797839,Normal
b0f4ef1f-861d-4ce4-9500-bb53eff77c24,40080,2022-10-18 10:56:34.628000+00:00,j2,24.78447686014664,0.47926762378112214,3.077251112741973,3.7026935794875846,21.081783280659057,Normal
b0f4ef1f-861d-4ce4-9500-bb53eff77c24,40080,2022-10-18 10:56:34.628000+00:00,j3,8.027821062234324,0.1917981998624394,1.0402298342586787,2.6868190358337536,5.34100202640057,Normal
b0f4ef1f-861d-4ce4-9500-bb53eff77c24,40080,2022-10-18 10:56:34.628000+00:00,j4,1.3720960304880023,0.0875826474973671,0.4774177782340755,0.6360570686922504,0.7360389617957519,Normal
b0f4ef1f-861d-4ce4-9500-bb53eff77c24,40080,2022-10-18 10:56:34.628000+00:00,j5,5.488835020025703,0.26451248147179685,2.159033291671911,0.9579326609062141,4.530902359119489,Normal
b0f4ef1f-861d-4ce4-9500-bb53eff77c24,40080,2022-10-18 10:56:34.628000+00:00,j6,0.7030804232050584,0.033589714563324345,0.05709434460314577,0.6187403888002181,0.08434003440484028,Normal
b0f4ef1f-861d-4ce4-9500-bb53eff77c24,40080,2022-10-18 10:56:34.628000+00:00,j7,0.0,0.0,-0.40158392869670473,0.8926856947167852,-0.8926856947167852,Normal
b0f4ef1f-861d-4ce4-9500-bb53eff77c24,40080,2022-10-18 10:56:34.628000+00:00,j8,0.1428757335800657,0.02419309906802069,0.09610999187111005,0.10567458585882782,0.03720114772123788,Normal
b0f4ef1f-861d-4ce4-9500-bb53eff77c24,40081,2022-10-18 10:56:36.628000+00:00,j1,0.2906231877383388,0.012309691000509916,-0.20124936129645798,0.7209525753987968,-0.430329387660458,Normal
b0f4ef1f-861d-4ce4-9500-bb53eff77c24,40081,2022-10-18 10:56:36.628000+00:00,j2,10.75560672462335,0.20798559139746925,1.0381341065706853,3.7026979678944194,7.052908756728931,Normal
b0f4ef1f-861d-4ce4-9500-bb53eff77c24,40081,2022-10-18 10:56:36.628000+00:00,j3,6.400022736743494,0.15290734938783507,0.7217927420869925,2.6868178803965614,3.713204856346932,Normal
b0f4ef1f-861d-4ce4-9500-bb53eff77c24,40081,2022-10-18 10:56:36.628000+00:00,j4,2.290769794843164,0.14622277084207272,1.0607483389691421,0.6360578466991433,1.6547119481440205,Normal
b0f4ef1f-861d-4ce4-9500-bb53eff77c24,40081,2022-10-18 10:56:36.628000+00:00,j5,3.598080623551217,0.1733951249762041,1.2587423985296569,0.9579328285297718,2.640147795021445,Normal
b0f4ef1f-861d-4ce4-9500-bb53eff77c24,40081,2022-10-18 10:56:36.628000+00:00,j6,1.0193191355518785,0.04869804034087886,0.23128495932234022,0.6187413376913125,0.400577797860566,Normal
b0f4ef1f-861d-4ce4-9500-bb53eff77c24,40081,2022-10-18 10:56:36.628000+00:00,j7,0.7467620838725484,0.0920964328545607,-0.056943074076722694,0.892686802154016,-0.14592471828146758,Normal
b0f4ef1f-861d-4ce4-9500-bb53eff77c24,40081,2022-10-18 10:56:36.628000+00:00,j8,0.1178073597561426,0.019948279908044275,0.036856496574300304,0.10567475585860273,0.012132603897539868,Normal
b0f4ef1f-861d-4ce4-9500-bb53eff77c24,40082,2022-10-18 10:56:38.628000+00:00,j1,12.657773793647165,0.5361350736212918,5.518741898861684,0.7209523400530833,11.936821453594082,Normal
b0f4ef1f-861d-4ce4-9500-bb53eff77c24,40082,2022-10-18 10:56:38.628000+00:00,j2,1.71744519888924,0.033210944257189894,-0.27557602785989505,3.702702356301254,-1.9852571574120141,Normal
b0f4ef1f-861d-4ce4-9500-bb53eff77c24,40082,2022-10-18 10:56:38.628000+00:00,j3,9.230014673174962,0.22052063508826455,1.2754082539071223,2.6868167249593697,6.543197948215592,Normal
b0f4ef1f-861d-4ce4-9500-bb53eff77c24,40082,2022-10-18 10:56:38.628000+00:00,j4,1.870965779885852,0.11942614273222472,0.79418525537464,0.6360586247060362,1.2349071551798159,Normal
b0f4ef1f-861d-4ce4-9500-bb53eff77c24,40082,2022-10-18 10:56:38.628000+00:00,j5,1.8552357317004955,0.0894056763077832,0.42887925648519265,0.9579329961533296,0.8973027355471659,Normal
b0f4ef1f-861d-4ce4-9500-bb53eff77c24,40082,2022-10-18 10:56:38.628000+00:00,j6,1.363565990428223,0.06514445701382052,0.4209030197459369,0.6187422865824068,0.7448237038458161,Normal
b0f4ef1f-861d-4ce4-9500-bb53eff77c24,40082,2022-10-18 10:56:38.628000+00:00,j7,0.7418433406219238,0.0914898156771582,-0.05921314096169438,0.8926879095912469,-0.15084456896932308,Normal
b0f4ef1f-861d-4ce4-9500-bb53eff77c24,40082,2022-10-18 10:56:38.628000+00:00,j8,0.1159933708598433,0.019641117789069993,0.03256881587788591,0.10567492585837765,0.010318445001465656,Normal
b0f4ef1f-861d-4ce4-9500-bb53eff77c24,40083,2022-10-18 10:56:40.628000+00:00,j1,4.826392784074572,0.2044276104786915,1.896611599233802,0.7209521047073699,4.105440679367202,Normal
b0f4ef1f-861d-4ce4-9500-bb53eff77c24,40083,2022-10-18 10:56:40.628000+00:00,j2,4.026469966066351,0.07786150596407053,0.06004413434398853,3.702706744708089,0.32376322135826197,Normal
b0f4ef1f-861d-4ce4-9500-bb53eff77c24,40083,2022-10-18 10:56:40.628000+00:00,j3,6.309048419850689,0.15073381935042057,0.7039959447319424,2.6868155695221776,3.6222328503285115,Normal
b0f4ef1f-861d-4ce4-9500-bb53eff77c24,40083,2022-10-18 10:56:40.628000+00:00,j4,0.2021275757724478,0.012902062118844131,-0.26547744878986307,0.6360594027129293,-0.4339318269404815,Normal
b0f4ef1f-861d-4ce4-9500-bb53eff77c24,40083,2022-10-18 10:56:40.628000+00:00,j5,1.54978119933283,0.07468551510078812,0.2834357582326442,0.9579331637768873,0.5918480355559428,Normal
b0f4ef1f-861d-4ce4-9500-bb53eff77c24,40083,2022-10-18 10:56:40.628000+00:00,j6,0.3889955466786268,0.018584288437125947,-0.11590989422053137,0.6187432354735012,-0.2297476887948744,Normal
b0f4ef1f-861d-4ce4-9500-bb53eff77c24,40083,2022-10-18 10:56:40.628000+00:00,j7,3.5840222104023503,0.44200913246408086,1.2524910494604315,0.8926890170284777,2.6913331933738727,Normal
b0f4ef1f-861d-4ce4-9500-bb53eff77c24,40083,2022-10-18 10:56:40.628000+00:00,j8,3.4436393335516344,0.583110269767821,7.898043289201697,0.10567509585815257,3.3379642376934817,Normal
b0f4ef1f-861d-4ce4-9500-bb53eff77c24,40084,2022-10-18 10:56:42.628000+00:00,j1,4.733699363181091,0.20050147031809884,1.8537395121799298,0.7209518693616566,4.012747493819434,Normal
b0f4ef1f-861d-4ce4-9500-bb53eff77c24,40084,2022-10-18 10:56:42.628000+00:00,j2,2.6560512467935413,0.051361155487552046,-0.13914825171771528,3.702711133114924,-1.0466598863213825,Normal
b0f4ef1f-861d-4ce4-9500-bb53eff77c24,40084,2022-10-18 10:56:42.628000+00:00,j3,11.46771491717922,0.27398307219349644,1.7131570509749217,2.6868144140849854,8.780900503094236,Normal
b0f4ef1f-861d-4ce4-9500-bb53eff77c24,40084,2022-10-18 10:56:42.628000+00:00,j4,0.4751749861489769,0.030331028139954995,-0.09210045122860283,0.6360601807198222,-0.16088519457084527,Normal
b0f4ef1f-861d-4ce4-9500-bb53eff77c24,40084,2022-10-18 10:56:42.628000+00:00,j5,1.153949009150653,0.05560996364232698,0.09495854686238595,0.957933331400445,0.196015677750208,Normal
b0f4ef1f-861d-4ce4-9500-bb53eff77c24,40084,2022-10-18 10:56:42.628000+00:00,j6,0.075617142113602,0.0036126140564568484,-0.28852499414237676,0.6187441843645956,-0.5431270422509935,Normal
b0f4ef1f-861d-4ce4-9500-bb53eff77c24,40084,2022-10-18 10:56:42.628000+00:00,j7,0.1792960398234482,0.022112164033634935,-0.3188363686247102,0.8926901244657085,-0.7133940846422603,Normal
b0f4ef1f-861d-4ce4-9500-bb53eff77c24,40084,2022-10-18 10:56:42.628000+00:00,j8,0.1782561396019294,0.030184051110790602,0.17973778267001236,0.10567526585792748,0.07258087374400192,Normal
b0f4ef1f-861d-4ce4-9500-bb53eff77c24,40085,2022-10-18 10:56:44.628000+00:00,j1,0.2678634653518635,0.011345675871451652,-0.21177607171527216,0.7209516340159432,-0.4530881686640797,Normal
b0f4ef1f-861d-4ce4-9500-bb53eff77c24,40085,2022-10-18 10:56:44.628000+00:00,j2,4.001208412649526,0.07737301291467437,0.05637233022313369,3.702715521521759,0.2984928911277671,Normal
b0f4ef1f-861d-4ce4-9500-bb53eff77c24,40085,2022-10-18 10:56:44.628000+00:00,j3,6.730279877486298,0.16079775010742417,0.7863991014376591,2.6868132586477933,4.0434666188385044,Normal
b0f4ef1f-861d-4ce4-9500-bb53eff77c24,40085,2022-10-18 10:56:44.628000+00:00,j4,0.789350498431137,0.05038525359728443,0.10739166976107135,0.6360609587267151,0.15328953970442194,Normal
b0f4ef1f-861d-4ce4-9500-bb53eff77c24,40085,2022-10-18 10:56:44.628000+00:00,j5,0.7901114614724886,0.038076266193261765,-0.07828427693780311,0.9579334990240027,-0.16782203755151415,Normal
b0f4ef1f-861d-4ce4-9500-bb53eff77c24,40085,2022-10-18 10:56:44.628000+00:00,j6,0.768587190112205,0.036719304763470656,0.09317678343912465,0.61874513325569,0.14984205685651497,Normal
b0f4ef1f-861d-4ce4-9500-bb53eff77c24,40085,2022-10-18 10:56:44.628000+00:00,j7,0.7042095895492436,0.08684853259171184,-0.07658162874696578,0.8926912319029394,-0.1884816423536958,Normal
b0f4ef1f-861d-4ce4-9500-bb53eff77c24,40085,2022-10-18 10:56:44.628000+00:00,j8,0.1395017679316359,0.023621786619508794,0.08813503270203757,0.10567543585770241,0.0338263320739335,Normal
b0f4ef1f-861d-4ce4-9500-bb53eff77c24,40086,2022-10-18 10:56:46.628000+00:00,j1,0.0,0.0,-0.3356669120189621,0.7209513986702298,-0.7209513986702298,Normal
b0f4ef1f-861d-4ce4-9500-bb53eff77c24,40086,2022-10-18 10:56:46.628000+00:00,j2,0.0,0.0,-0.5252092255722672,3.702719909928594,-3.702719909928594,Normal
b0f4ef1f-861d-4ce4-9500-bb53eff77c24,40086,2022-10-18 10:56:46.628000+00:00,j3,0.0,0.0,-0.5302079500176364,2.686812103210601,-2.686812103210601,Normal
b0f4ef1f-861d-4ce4-9500-bb53eff77c24,40086,2022-10-18 10:56:46.628000+00:00,j4,0.0,0.0,-0.39382245731214677,0.6360617367336081,-0.6360617367336081,Normal
b0f4ef1f-861d-4ce4-9500-bb53eff77c24,40086,2022-10-18 10:56:46.628000+00:00,j5,0.0,0.0,-0.4544992706235773,0.9579336666475604,-0.9579336666475604,Normal
b0f4ef1f-861d-4ce4-9500-bb53eff77c24,40086,2022-10-18 10:56:46.628000+00:00,j6,0.0,0.0,-0.3301764300792632,0.6187460821467844,-0.6187460821467844,Normal
b0f4ef1f-861d-4ce4-9500-bb53eff77c24,40086,2022-10-18 10:56:46.628000+00:00,j7,0.0,0.0,-0.40158392869670473,0.8926923393401702,-0.8926923393401702,Normal
b0f4ef1f-861d-4ce4-9500-bb53eff77c24,40086,2022-10-18 10:56:46.628000+00:00,j8,0.0,0.0,-0.24160184644668103,0.10567560585747733,-0.10567560585747733,Normal
b0f4ef1f-861d-4ce4-9500-bb53eff77c24,40087,2022-10-18 10:56:48.628000+00:00,j1,0.0,0.0,-0.3356669120189621,0.7209511633245164,-0.7209511633245164,Normal
b0f4ef1f-861d-4ce4-9500-bb53eff77c24,40087,2022-10-18 10:56:48.628000+00:00,j2,0.0,0.0,-0.5252092255722672,3.7027242983354287,-3.7027242983354287,Normal
b0f4ef1f-861d-4ce4-9500-bb53eff77c24,40087,2022-10-18 10:56:48.628000+00:00,j3,0.0,0.0,-0.5302079500176364,2.686810947773409,-2.686810947773409,Normal
b0f4ef1f-861d-4ce4-9500-bb53eff77c24,40087,2022-10-18 10:56:48.628000+00:00,j4,0.0,0.0,-0.39382245731214677,0.636062514740501,-0.636062514740501,Normal
b0f4ef1f-861d-4ce4-9500-bb53eff77c24,40087,2022-10-18 10:56:48.628000+00:00,j5,0.0,0.0,-0.4544992706235773,0.9579338342711181,-0.9579338342711181,Normal
b0f4ef1f-861d-4ce4-9500-bb53eff77c24,40087,2022-10-18 10:56:48.628000+00:00,j6,0.0,0.0,-0.3301764300792632,0.6187470310378788,-0.6187470310378788,Normal
b0f4ef1f-861d-4ce4-9500-bb53eff77c24,40087,2022-10-18 10:56:48.628000+00:00,j7,0.0,0.0,-0.40158392869670473,0.892693446777401,-0.892693446777401,Normal
b0f4ef1f-861d-4ce4-9500-bb53eff77c24,40087,2022-10-18 10:56:48.628000+00:00,j8,0.0,0.0,-0.24160184644668103,0.10567577585725224,-0.10567577585725224,Normal
b0f4ef1f-861d-4ce4-9500-bb53eff77c24,40088,2022-10-18 10:56:50.628000+00:00,j1,0.0,0.0,-0.3356669120189621,0.720950927978803,-0.720950927978803,Normal
b0f4ef1f-861d-4ce4-9500-bb53eff77c24,40088,2022-10-18 10:56:50.628000+00:00,j2,0.0,0.0,-0.5252092255722672,3.7027286867422635,-3.7027286867422635,Normal
b0f4ef1f-861d-4ce4-9500-bb53eff77c24,40088,2022-10-18 10:56:50.628000+00:00,j3,0.0,0.0,-0.5302079500176364,2.6868097923362173,-2.6868097923362173,Normal
b0f4ef1f-861d-4ce4-9500-bb53eff77c24,40088,2022-10-18 10:56:50.628000+00:00,j4,0.0,0.0,-0.39382245731214677,0.6360632927473939,-0.6360632927473939,Normal
b0f4ef1f-861d-4ce4-9500-bb53eff77c24,40088,2022-10-18 10:56:50.628000+00:00,j5,0.0,0.0,-0.4544992706235773,0.9579340018946759,-0.9579340018946759,Normal
b0f4ef1f-861d-4ce4-9500-bb53eff77c24,40088,2022-10-18 10:56:50.628000+00:00,j6,0.0,0.0,-0.3301764300792632,0.6187479799289731,-0.6187479799289731,Normal
b0f4ef1f-861d-4ce4-9500-bb53eff77c24,40088,2022-10-18 10:56:50.628000+00:00,j7,0.0,0.0,-0.40158392869670473,0.892694554214632,-0.892694554214632,Normal
b0f4ef1f-861d-4ce4-9500-bb53eff77c24,40088,2022-10-18 10:56:50.628000+00:00,j8,0.0,0.0,-0.24160184644668103,0.10567594585702716,-0.10567594585702716,Normal
b0f4ef1f-861d-4ce4-9500-bb53eff77c24,40089,2022-10-18 10:56:52.628000+00:00,j1,0.0,0.0,-0.3356669120189621,0.7209506926330896,-0.7209506926330896,Normal
b0f4ef1f-861d-4ce4-9500-bb53eff77c24,40089,2022-10-18 10:56:52.628000+00:00,j2,0.0,0.0,-0.5252092255722672,3.7027330751490983,-3.7027330751490983,Normal
b0f4ef1f-861d-4ce4-9500-bb53eff77c24,40089,2022-10-18 10:56:52.628000+00:00,j3,0.0,0.0,-0.5302079500176364,2.686808636899025,-2.686808636899025,Normal
b0f4ef1f-861d-4ce4-9500-bb53eff77c24,40089,2022-10-18 10:56:52.628000+00:00,j4,0.0,0.0,-0.39382245731214677,0.636064070754287,-0.636064070754287,Normal
b0f4ef1f-861d-4ce4-9500-bb53eff77c24,40089,2022-10-18 10:56:52.628000+00:00,j5,0.0,0.0,-0.4544992706235773,0.9579341695182336,-0.9579341695182336,Normal
b0f4ef1f-861d-4ce4-9500-bb53eff77c24,40089,2022-10-18 10:56:52.628000+00:00,j6,0.0,0.0,-0.3301764300792632,0.6187489288200675,-0.6187489288200675,Normal
b0f4ef1f-861d-4ce4-9500-bb53eff77c24,40089,2022-10-18 10:56:52.628000+00:00,j7,0.0,0.0,-0.40158392869670473,0.8926956616518628,-0.8926956616518628,Normal
b0f4ef1f-861d-4ce4-9500-bb53eff77c24,40089,2022-10-18 10:56:52.628000+00:00,j8,0.0,0.0,-0.24160184644668103,0.10567611585680209,-0.10567611585680209,Normal
b0f4ef1f-861d-4ce4-9500-bb53eff77c24,40090,2022-10-18 10:56:54.628000+00:00,j1,0.0,0.0,-0.3356669120189621,0.7209504572873763,-0.7209504572873763,Normal
b0f4ef1f-861d-4ce4-9500-bb53eff77c24,40090,2022-10-18 10:56:54.628000+00:00,j2,0.0,0.0,-0.5252092255722672,3.702737463555933,-3.702737463555933,Normal
b0f4ef1f-861d-4ce4-9500-bb53eff77c24,40090,2022-10-18 10:56:54.628000+00:00,j3,0.0,0.0,-0.5302079500176364,2.686807481461833,-2.686807481461833,Normal
b0f4ef1f-861d-4ce4-9500-bb53eff77c24,40090,2022-10-18 10:56:54.628000+00:00,j4,0.0,0.0,-0.39382245731214677,0.6360648487611799,-0.6360648487611799,Normal
b0f4ef1f-861d-4ce4-9500-bb53eff77c24,40090,2022-10-18 10:56:54.628000+00:00,j5,0.0,0.0,-0.4544992706235773,0.9579343371417913,-0.9579343371417913,Normal
b0f4ef1f-861d-4ce4-9500-bb53eff77c24,40090,2022-10-18 10:56:54.628000+00:00,j6,0.0,0.0,-0.3301764300792632,0.6187498777111619,-0.6187498777111619,Normal
b0f4ef1f-861d-4ce4-9500-bb53eff77c24,40090,2022-10-18 10:56:54.628000+00:00,j7,0.0,0.0,-0.40158392869670473,0.8926967690890936,-0.8926967690890936,Normal
b0f4ef1f-861d-4ce4-9500-bb53eff77c24,40090,2022-10-18 10:56:54.628000+00:00,j8,0.0,0.0,-0.24160184644668103,0.105676285856577,-0.105676285856577,Normal
b0f4ef1f-861d-4ce4-9500-bb53eff77c24,40091,2022-10-18 10:56:56.628000+00:00,j1,0.0,0.0,-0.3356669120189621,0.7209502219416628,-0.7209502219416628,Normal
b0f4ef1f-861d-4ce4-9500-bb53eff77c24,40091,2022-10-18 10:56:56.628000+00:00,j2,0.0,0.0,-0.5252092255722672,3.702741851962768,-3.702741851962768,Normal
b0f4ef1f-861d-4ce4-9500-bb53eff77c24,40091,2022-10-18 10:56:56.628000+00:00,j3,0.0,0.0,-0.5302079500176364,2.686806326024641,-2.686806326024641,Normal
b0f4ef1f-861d-4ce4-9500-bb53eff77c24,40091,2022-10-18 10:56:56.628000+00:00,j4,0.0,0.0,-0.39382245731214677,0.6360656267680728,-0.6360656267680728,Normal
b0f4ef1f-861d-4ce4-9500-bb53eff77c24,40091,2022-10-18 10:56:56.628000+00:00,j5,0.0,0.0,-0.4544992706235773,0.957934504765349,-0.957934504765349,Normal
b0f4ef1f-861d-4ce4-9500-bb53eff77c24,40091,2022-10-18 10:56:56.628000+00:00,j6,0.0,0.0,-0.3301764300792632,0.6187508266022562,-0.6187508266022562,Normal
b0f4ef1f-861d-4ce4-9500-bb53eff77c24,40091,2022-10-18 10:56:56.628000+00:00,j7,0.0,0.0,-0.40158392869670473,0.8926978765263245,-0.8926978765263245,Normal
b0f4ef1f-861d-4ce4-9500-bb53eff77c24,40091,2022-10-18 10:56:56.628000+00:00,j8,0.0,0.0,-0.24160184644668103,0.10567645585635192,-0.10567645585635192,Normal
b0f4ef1f-861d-4ce4-9500-bb53eff77c24,40092,2022-10-18 10:56:58.628000+00:00,j1,0.0,0.0,-0.3356669120189621,0.7209499865959494,-0.7209499865959494,Normal
b0f4ef1f-861d-4ce4-9500-bb53eff77c24,40092,2022-10-18 10:56:58.628000+00:00,j2,0.0,0.0,-0.5252092255722672,3.7027462403696028,-3.7027462403696028,Normal
b0f4ef1f-861d-4ce4-9500-bb53eff77c24,40092,2022-10-18 10:56:58.628000+00:00,j3,0.0,0.0,-0.5302079500176364,2.6868051705874487,-2.6868051705874487,Normal
b0f4ef1f-861d-4ce4-9500-bb53eff77c24,40092,2022-10-18 10:56:58.628000+00:00,j4,0.0,0.0,-0.39382245731214677,0.6360664047749658,-0.6360664047749658,Normal
b0f4ef1f-861d-4ce4-9500-bb53eff77c24,40092,2022-10-18 10:56:58.628000+00:00,j5,0.0,0.0,-0.4544992706235773,0.9579346723889067,-0.9579346723889067,Normal
b0f4ef1f-861d-4ce4-9500-bb53eff77c24,40092,2022-10-18 10:56:58.628000+00:00,j6,0.0,0.0,-0.3301764300792632,0.6187517754933507,-0.6187517754933507,Normal
b0f4ef1f-861d-4ce4-9500-bb53eff77c24,40092,2022-10-18 10:56:58.628000+00:00,j7,0.0,0.0,-0.40158392869670473,0.8926989839635553,-0.8926989839635553,Normal
b0f4ef1f-861d-4ce4-9500-bb53eff77c24,40092,2022-10-18 10:56:58.628000+00:00,j8,0.0,0.0,-0.24160184644668103,0.10567662585612685,-0.10567662585612685,Normal
b0f4ef1f-861d-4ce4-9500-bb53eff77c24,40093,2022-10-18 10:57:00.628000+00:00,j1,0.0,0.0,-0.3356669120189621,0.7209497512502361,-0.7209497512502361,Normal
b0f4ef1f-861d-4ce4-9500-bb53eff77c24,40093,2022-10-18 10:57:00.628000+00:00,j2,0.0,0.0,-0.5252092255722672,3.7027506287764376,-3.7027506287764376,Normal
b0f4ef1f-861d-4ce4-9500-bb53eff77c24,40093,2022-10-18 10:57:00.628000+00:00,j3,0.0,0.0,-0.5302079500176364,2.6868040151502566,-2.6868040151502566,Normal
b0f4ef1f-861d-4ce4-9500-bb53eff77c24,40093,2022-10-18 10:57:00.628000+00:00,j4,0.0,0.0,-0.39382245731214677,0.6360671827818587,-0.6360671827818587,Normal
b0f4ef1f-861d-4ce4-9500-bb53eff77c24,40093,2022-10-18 10:57:00.628000+00:00,j5,0.0,0.0,-0.4544992706235773,0.9579348400124644,-0.9579348400124644,Normal
b0f4ef1f-861d-4ce4-9500-bb53eff77c24,40093,2022-10-18 10:57:00.628000+00:00,j6,0.0,0.0,-0.3301764300792632,0.6187527243844451,-0.6187527243844451,Normal
b0f4ef1f-861d-4ce4-9500-bb53eff77c24,40093,2022-10-18 10:57:00.628000+00:00,j7,0.0,0.0,-0.40158392869670473,0.8927000914007861,-0.8927000914007861,Normal
b0f4ef1f-861d-4ce4-9500-bb53eff77c24,40093,2022-10-18 10:57:00.628000+00:00,j8,0.0,0.0,-0.24160184644668103,0.10567679585590176,-0.10567679585590176,Normal
b0f4ef1f-861d-4ce4-9500-bb53eff77c24,40094,2022-10-18 10:57:02.628000+00:00,j1,0.0,0.0,-0.3356669120189621,0.7209495159045227,-0.7209495159045227,Normal
b0f4ef1f-861d-4ce4-9500-bb53eff77c24,40094,2022-10-18 10:57:02.628000+00:00,j2,0.0,0.0,-0.5252092255722672,3.7027550171832724,-3.7027550171832724,Normal
b0f4ef1f-861d-4ce4-9500-bb53eff77c24,40094,2022-10-18 10:57:02.628000+00:00,j3,0.0,0.0,-0.5302079500176364,2.686802859713065,-2.686802859713065,Normal
b0f4ef1f-861d-4ce4-9500-bb53eff77c24,40094,2022-10-18 10:57:02.628000+00:00,j4,0.0,0.0,-0.39382245731214677,0.6360679607887516,-0.6360679607887516,Normal
b0f4ef1f-861d-4ce4-9500-bb53eff77c24,40094,2022-10-18 10:57:02.628000+00:00,j5,0.0,0.0,-0.4544992706235773,0.9579350076360222,-0.9579350076360222,Normal
b0f4ef1f-861d-4ce4-9500-bb53eff77c24,40094,2022-10-18 10:57:02.628000+00:00,j6,0.0,0.0,-0.3301764300792632,0.6187536732755394,-0.6187536732755394,Normal
b0f4ef1f-861d-4ce4-9500-bb53eff77c24,40094,2022-10-18 10:57:02.628000+00:00,j7,0.0,0.0,-0.40158392869670473,0.8927011988380169,-0.8927011988380169,Normal
b0f4ef1f-861d-4ce4-9500-bb53eff77c24,40094,2022-10-18 10:57:02.628000+00:00,j8,0.0,0.0,-0.24160184644668103,0.10567696585567668,-0.10567696585567668,Normal
b0f4ef1f-861d-4ce4-9500-bb53eff77c24,40095,2022-10-18 10:57:04.628000+00:00,j1,0.0,0.0,-0.3356669120189621,0.7209492805588094,-0.7209492805588094,Normal
b0f4ef1f-861d-4ce4-9500-bb53eff77c24,40095,2022-10-18 10:57:04.628000+00:00,j2,0.0,0.0,-0.5252092255722672,3.7027594055901076,-3.7027594055901076,Normal
b0f4ef1f-861d-4ce4-9500-bb53eff77c24,40095,2022-10-18 10:57:04.628000+00:00,j3,0.0,0.0,-0.5302079500176364,2.6868017042758727,-2.6868017042758727,Normal
b0f4ef1f-861d-4ce4-9500-bb53eff77c24,40095,2022-10-18 10:57:04.628000+00:00,j4,0.0,0.0,-0.39382245731214677,0.6360687387956446,-0.6360687387956446,Normal
b0f4ef1f-861d-4ce4-9500-bb53eff77c24,40095,2022-10-18 10:57:04.628000+00:00,j5,0.0,0.0,-0.4544992706235773,0.9579351752595799,-0.9579351752595799,Normal
b0f4ef1f-861d-4ce4-9500-bb53eff77c24,40095,2022-10-18 10:57:04.628000+00:00,j6,0.0,0.0,-0.3301764300792632,0.6187546221666338,-0.6187546221666338,Normal
b0f4ef1f-861d-4ce4-9500-bb53eff77c24,40095,2022-10-18 10:57:04.628000+00:00,j7,0.0,0.0,-0.40158392869670473,0.8927023062752478,-0.8927023062752478,Normal
b0f4ef1f-861d-4ce4-9500-bb53eff77c24,40095,2022-10-18 10:57:04.628000+00:00,j8,0.0,0.0,-0.24160184644668103,0.1056771358554516,-0.1056771358554516,Normal
b0f4ef1f-861d-4ce4-9500-bb53eff77c24,40096,2022-10-18 10:57:06.628000+00:00,j1,0.0,0.0,-0.3356669120189621,0.7209490452130959,-0.7209490452130959,Normal
b0f4ef1f-861d-4ce4-9500-bb53eff77c24,40096,2022-10-18 10:57:06.628000+00:00,j2,0.0,0.0,-0.5252092255722672,3.7027637939969424,-3.7027637939969424,Normal
b0f4ef1f-861d-4ce4-9500-bb53eff77c24,40096,2022-10-18 10:57:06.628000+00:00,j3,0.0,0.0,-0.5302079500176364,2.6868005488386806,-2.6868005488386806,Normal
b0f4ef1f-861d-4ce4-9500-bb53eff77c24,40096,2022-10-18 10:57:06.628000+00:00,j4,0.0,0.0,-0.39382245731214677,0.6360695168025375,-0.6360695168025375,Normal
b0f4ef1f-861d-4ce4-9500-bb53eff77c24,40096,2022-10-18 10:57:06.628000+00:00,j5,0.0,0.0,-0.4544992706235773,0.9579353428831376,-0.9579353428831376,Normal
b0f4ef1f-861d-4ce4-9500-bb53eff77c24,40096,2022-10-18 10:57:06.628000+00:00,j6,0.0,0.0,-0.3301764300792632,0.6187555710577282,-0.6187555710577282,Normal
b0f4ef1f-861d-4ce4-9500-bb53eff77c24,40096,2022-10-18 10:57:06.628000+00:00,j7,0.0,0.0,-0.40158392869670473,0.8927034137124786,-0.8927034137124786,Normal
b0f4ef1f-861d-4ce4-9500-bb53eff77c24,40096,2022-10-18 10:57:06.628000+00:00,j8,0.0,0.0,-0.24160184644668103,0.10567730585522651,-0.10567730585522651,Normal
b0f4ef1f-861d-4ce4-9500-bb53eff77c24,40097,2022-10-18 10:57:08.628000+00:00,j1,0.0,0.0,-0.3356669120189621,0.7209488098673825,-0.7209488098673825,Normal
b0f4ef1f-861d-4ce4-9500-bb53eff77c24,40097,2022-10-18 10:57:08.628000+00:00,j2,0.0,0.0,-0.5252092255722672,3.7027681824037773,-3.7027681824037773,Normal
b0f4ef1f-861d-4ce4-9500-bb53eff77c24,40097,2022-10-18 10:57:08.628000+00:00,j3,0.0,0.0,-0.5302079500176364,2.6867993934014884,-2.6867993934014884,Normal
b0f4ef1f-861d-4ce4-9500-bb53eff77c24,40097,2022-10-18 10:57:08.628000+00:00,j4,0.0,0.0,-0.39382245731214677,0.6360702948094304,-0.6360702948094304,Normal
b0f4ef1f-861d-4ce4-9500-bb53eff77c24,40097,2022-10-18 10:57:08.628000+00:00,j5,0.0,0.0,-0.4544992706235773,0.9579355105066953,-0.9579355105066953,Normal
b0f4ef1f-861d-4ce4-9500-bb53eff77c24,40097,2022-10-18 10:57:08.628000+00:00,j6,0.0,0.0,-0.3301764300792632,0.6187565199488225,-0.6187565199488225,Normal
b0f4ef1f-861d-4ce4-9500-bb53eff77c24,40097,2022-10-18 10:57:08.628000+00:00,j7,0.0,0.0,-0.40158392869670473,0.8927045211497094,-0.8927045211497094,Normal
b0f4ef1f-861d-4ce4-9500-bb53eff77c24,40097,2022-10-18 10:57:08.628000+00:00,j8,0.0,0.0,-0.24160184644668103,0.10567747585500144,-0.10567747585500144,Normal
b0f4ef1f-861d-4ce4-9500-bb53eff77c24,40098,2022-10-18 10:57:10.628000+00:00,j1,0.0,0.0,-0.3356669120189621,0.7209485745216692,-0.7209485745216692,Normal
b0f4ef1f-861d-4ce4-9500-bb53eff77c24,40098,2022-10-18 10:57:10.628000+00:00,j2,0.0,0.0,-0.5252092255722672,3.702772570810612,-3.702772570810612,Normal
b0f4ef1f-861d-4ce4-9500-bb53eff77c24,40098,2022-10-18 10:57:10.628000+00:00,j3,0.0,0.0,-0.5302079500176364,2.6867982379642963,-2.6867982379642963,Normal
b0f4ef1f-861d-4ce4-9500-bb53eff77c24,40098,2022-10-18 10:57:10.628000+00:00,j4,0.0,0.0,-0.39382245731214677,0.6360710728163235,-0.6360710728163235,Normal
b0f4ef1f-861d-4ce4-9500-bb53eff77c24,40098,2022-10-18 10:57:10.628000+00:00,j5,0.0,0.0,-0.4544992706235773,0.957935678130253,-0.957935678130253,Normal
b0f4ef1f-861d-4ce4-9500-bb53eff77c24,40098,2022-10-18 10:57:10.628000+00:00,j6,0.0,0.0,-0.3301764300792632,0.6187574688399169,-0.6187574688399169,Normal
b0f4ef1f-861d-4ce4-9500-bb53eff77c24,40098,2022-10-18 10:57:10.628000+00:00,j7,0.0,0.0,-0.40158392869670473,0.8927056285869404,-0.8927056285869404,Normal
b0f4ef1f-861d-4ce4-9500-bb53eff77c24,40098,2022-10-18 10:57:10.628000+00:00,j8,0.0,0.0,-0.24160184644668103,0.10567764585477636,-0.10567764585477636,Normal
b0f4ef1f-861d-4ce4-9500-bb53eff77c24,40099,2022-10-18 10:57:12.628000+00:00,j1,0.0,0.0,-0.3356669120189621,0.7209483391759558,-0.7209483391759558,Normal
b0f4ef1f-861d-4ce4-9500-bb53eff77c24,40099,2022-10-18 10:57:12.628000+00:00,j2,0.0,0.0,-0.5252092255722672,3.702776959217447,-3.702776959217447,Normal
b0f4ef1f-861d-4ce4-9500-bb53eff77c24,40099,2022-10-18 10:57:12.628000+00:00,j3,0.0,0.0,-0.5302079500176364,2.686797082527104,-2.686797082527104,Normal
b0f4ef1f-861d-4ce4-9500-bb53eff77c24,40099,2022-10-18 10:57:12.628000+00:00,j4,0.0,0.0,-0.39382245731214677,0.6360718508232164,-0.6360718508232164,Normal
b0f4ef1f-861d-4ce4-9500-bb53eff77c24,40099,2022-10-18 10:57:12.628000+00:00,j5,0.0,0.0,-0.4544992706235773,0.9579358457538109,-0.9579358457538109,Normal
b0f4ef1f-861d-4ce4-9500-bb53eff77c24,40099,2022-10-18 10:57:12.628000+00:00,j6,0.0,0.0,-0.3301764300792632,0.6187584177310114,-0.6187584177310114,Normal
b0f4ef1f-861d-4ce4-9500-bb53eff77c24,40099,2022-10-18 10:57:12.628000+00:00,j7,0.0,0.0,-0.40158392869670473,0.8927067360241712,-0.8927067360241712,Normal
b0f4ef1f-861d-4ce4-9500-bb53eff77c24,40099,2022-10-18 10:57:12.628000+00:00,j8,0.0,0.0,-0.24160184644668103,0.10567781585455127,-0.10567781585455127,Normal
b0f4ef1f-861d-4ce4-9500-bb53eff77c24,40100,2022-10-18 10:57:14.628000+00:00,j1,0.0,0.0,-0.3356669120189621,0.7209481038302424,-0.7209481038302424,Normal
b0f4ef1f-861d-4ce4-9500-bb53eff77c24,40100,2022-10-18 10:57:14.628000+00:00,j2,0.0,0.0,-0.5252092255722672,3.7027813476242817,-3.7027813476242817,Normal
b0f4ef1f-861d-4ce4-9500-bb53eff77c24,40100,2022-10-18 10:57:14.628000+00:00,j3,0.0,0.0,-0.5302079500176364,2.6867959270899124,-2.6867959270899124,Normal
b0f4ef1f-861d-4ce4-9500-bb53eff77c24,40100,2022-10-18 10:57:14.628000+00:00,j4,0.0,0.0,-0.39382245731214677,0.6360726288301093,-0.6360726288301093,Normal
b0f4ef1f-861d-4ce4-9500-bb53eff77c24,40100,2022-10-18 10:57:14.628000+00:00,j5,0.0,0.0,-0.4544992706235773,0.9579360133773686,-0.9579360133773686,Normal
b0f4ef1f-861d-4ce4-9500-bb53eff77c24,40100,2022-10-18 10:57:14.628000+00:00,j6,0.0,0.0,-0.3301764300792632,0.6187593666221057,-0.6187593666221057,Normal
b0f4ef1f-861d-4ce4-9500-bb53eff77c24,40100,2022-10-18 10:57:14.628000+00:00,j7,0.0,0.0,-0.40158392869670473,0.892707843461402,-0.892707843461402,Normal
b0f4ef1f-861d-4ce4-9500-bb53eff77c24,40100,2022-10-18 10:57:14.628000+00:00,j8,0.0,0.0,-0.24160184644668103,0.1056779858543262,-0.1056779858543262,Normal
b0f4ef1f-861d-4ce4-9500-bb53eff77c24,40101,2022-10-18 10:57:16.628000+00:00,j1,0.0,0.0,-0.3356669120189621,0.720947868484529,-0.720947868484529,Normal
b0f4ef1f-861d-4ce4-9500-bb53eff77c24,40101,2022-10-18 10:57:16.628000+00:00,j2,0.0,0.0,-0.5252092255722672,3.7027857360311165,-3.7027857360311165,Normal
b0f4ef1f-861d-4ce4-9500-bb53eff77c24,40101,2022-10-18 10:57:16.628000+00:00,j3,0.0,0.0,-0.5302079500176364,2.6867947716527203,-2.6867947716527203,Normal
b0f4ef1f-861d-4ce4-9500-bb53eff77c24,40101,2022-10-18 10:57:16.628000+00:00,j4,0.0,0.0,-0.39382245731214677,0.6360734068370023,-0.6360734068370023,Normal
b0f4ef1f-861d-4ce4-9500-bb53eff77c24,40101,2022-10-18 10:57:16.628000+00:00,j5,0.0,0.0,-0.4544992706235773,0.9579361810009263,-0.9579361810009263,Normal
b0f4ef1f-861d-4ce4-9500-bb53eff77c24,40101,2022-10-18 10:57:16.628000+00:00,j6,0.0,0.0,-0.3301764300792632,0.6187603155132001,-0.6187603155132001,Normal
b0f4ef1f-861d-4ce4-9500-bb53eff77c24,40101,2022-10-18 10:57:16.628000+00:00,j7,0.0,0.0,-0.40158392869670473,0.8927089508986328,-0.8927089508986328,Normal
b0f4ef1f-861d-4ce4-9500-bb53eff77c24,40101,2022-10-18 10:57:16.628000+00:00,j8,0.0,0.0,-0.24160184644668103,0.10567815585410112,-0.10567815585410112,Normal
b0f4ef1f-861d-4ce4-9500-bb53eff77c24,40102,2022-10-18 10:57:18.628000+00:00,j1,0.0,0.0,-0.3356669120189621,0.7209476331388156,-0.7209476331388156,Normal
b0f4ef1f-861d-4ce4-9500-bb53eff77c24,40102,2022-10-18 10:57:18.628000+00:00,j2,0.0,0.0,-0.5252092255722672,3.7027901244379513,-3.7027901244379513,Normal
b0f4ef1f-861d-4ce4-9500-bb53eff77c24,40102,2022-10-18 10:57:18.628000+00:00,j3,0.0,0.0,-0.5302079500176364,2.686793616215528,-2.686793616215528,Normal
b0f4ef1f-861d-4ce4-9500-bb53eff77c24,40102,2022-10-18 10:57:18.628000+00:00,j4,0.0,0.0,-0.39382245731214677,0.6360741848438952,-0.6360741848438952,Normal
b0f4ef1f-861d-4ce4-9500-bb53eff77c24,40102,2022-10-18 10:57:18.628000+00:00,j5,0.0,0.0,-0.4544992706235773,0.957936348624484,-0.957936348624484,Normal
b0f4ef1f-861d-4ce4-9500-bb53eff77c24,40102,2022-10-18 10:57:18.628000+00:00,j6,0.0,0.0,-0.3301764300792632,0.6187612644042945,-0.6187612644042945,Normal
b0f4ef1f-861d-4ce4-9500-bb53eff77c24,40102,2022-10-18 10:57:18.628000+00:00,j7,0.0,0.0,-0.40158392869670473,0.8927100583358637,-0.8927100583358637,Normal
b0f4ef1f-861d-4ce4-9500-bb53eff77c24,40102,2022-10-18 10:57:18.628000+00:00,j8,0.0,0.0,-0.24160184644668103,0.10567832585387603,-0.10567832585387603,Normal
b0f4ef1f-861d-4ce4-9500-bb53eff77c24,40103,2022-10-18 10:57:20.628000+00:00,j1,0.0,0.0,-0.3356669120189621,0.7209473977931022,-0.7209473977931022,Normal
b0f4ef1f-861d-4ce4-9500-bb53eff77c24,40103,2022-10-18 10:57:20.628000+00:00,j2,0.0,0.0,-0.5252092255722672,3.702794512844786,-3.702794512844786,Normal
b0f4ef1f-861d-4ce4-9500-bb53eff77c24,40103,2022-10-18 10:57:20.628000+00:00,j3,0.0,0.0,-0.5302079500176364,2.686792460778336,-2.686792460778336,Normal
b0f4ef1f-861d-4ce4-9500-bb53eff77c24,40103,2022-10-18 10:57:20.628000+00:00,j4,0.0,0.0,-0.39382245731214677,0.6360749628507881,-0.6360749628507881,Normal
b0f4ef1f-861d-4ce4-9500-bb53eff77c24,40103,2022-10-18 10:57:20.628000+00:00,j5,0.0,0.0,-0.4544992706235773,0.9579365162480417,-0.9579365162480417,Normal
b0f4ef1f-861d-4ce4-9500-bb53eff77c24,40103,2022-10-18 10:57:20.628000+00:00,j6,0.0,0.0,-0.3301764300792632,0.6187622132953888,-0.6187622132953888,Normal
b0f4ef1f-861d-4ce4-9500-bb53eff77c24,40103,2022-10-18 10:57:20.628000+00:00,j7,0.0,0.0,-0.40158392869670473,0.8927111657730945,-0.8927111657730945,Normal
b0f4ef1f-861d-4ce4-9500-bb53eff77c24,40103,2022-10-18 10:57:20.628000+00:00,j8,0.0,0.0,-0.24160184644668103,0.10567849585365095,-0.10567849585365095,Normal
b0f4ef1f-861d-4ce4-9500-bb53eff77c24,40104,2022-10-18 10:57:22.628000+00:00,j1,0.0,0.0,-0.3356669120189621,0.7209471624473889,-0.7209471624473889,Normal
b0f4ef1f-861d-4ce4-9500-bb53eff77c24,40104,2022-10-18 10:57:22.628000+00:00,j2,0.0,0.0,-0.5252092255722672,3.7027989012516214,-3.7027989012516214,Normal
b0f4ef1f-861d-4ce4-9500-bb53eff77c24,40104,2022-10-18 10:57:22.628000+00:00,j3,0.0,0.0,-0.5302079500176364,2.686791305341144,-2.686791305341144,Normal
b0f4ef1f-861d-4ce4-9500-bb53eff77c24,40104,2022-10-18 10:57:22.628000+00:00,j4,0.0,0.0,-0.39382245731214677,0.6360757408576811,-0.6360757408576811,Normal
b0f4ef1f-861d-4ce4-9500-bb53eff77c24,40104,2022-10-18 10:57:22.628000+00:00,j5,0.0,0.0,-0.4544992706235773,0.9579366838715994,-0.9579366838715994,Normal
b0f4ef1f-861d-4ce4-9500-bb53eff77c24,40104,2022-10-18 10:57:22.628000+00:00,j6,0.0,0.0,-0.3301764300792632,0.6187631621864832,-0.6187631621864832,Normal
b0f4ef1f-861d-4ce4-9500-bb53eff77c24,40104,2022-10-18 10:57:22.628000+00:00,j7,0.0,0.0,-0.40158392869670473,0.8927122732103253,-0.8927122732103253,Normal
b0f4ef1f-861d-4ce4-9500-bb53eff77c24,40104,2022-10-18 10:57:22.628000+00:00,j8,0.0,0.0,-0.24160184644668103,0.10567866585342588,-0.10567866585342588,Normal
b0f4ef1f-861d-4ce4-9500-bb53eff77c24,40105,2022-10-18 10:57:24.628000+00:00,j1,0.0,0.0,-0.3356669120189621,0.7209469271016754,-0.7209469271016754,Normal
b0f4ef1f-861d-4ce4-9500-bb53eff77c24,40105,2022-10-18 10:57:24.628000+00:00,j2,0.0,0.0,-0.5252092255722672,3.702803289658456,-3.702803289658456,Normal
b0f4ef1f-861d-4ce4-9500-bb53eff77c24,40105,2022-10-18 10:57:24.628000+00:00,j3,0.0,0.0,-0.5302079500176364,2.6867901499039517,-2.6867901499039517,Normal
b0f4ef1f-861d-4ce4-9500-bb53eff77c24,40105,2022-10-18 10:57:24.628000+00:00,j4,0.0,0.0,-0.39382245731214677,0.6360765188645741,-0.6360765188645741,Normal
b0f4ef1f-861d-4ce4-9500-bb53eff77c24,40105,2022-10-18 10:57:24.628000+00:00,j5,0.0,0.0,-0.4544992706235773,0.9579368514951572,-0.9579368514951572,Normal
b0f4ef1f-861d-4ce4-9500-bb53eff77c24,40105,2022-10-18 10:57:24.628000+00:00,j6,0.0,0.0,-0.3301764300792632,0.6187641110775776,-0.6187641110775776,Normal
b0f4ef1f-861d-4ce4-9500-bb53eff77c24,40105,2022-10-18 10:57:24.628000+00:00,j7,0.0,0.0,-0.40158392869670473,0.8927133806475562,-0.8927133806475562,Normal
b0f4ef1f-861d-4ce4-9500-bb53eff77c24,40105,2022-10-18 10:57:24.628000+00:00,j8,0.0,0.0,-0.24160184644668103,0.10567883585320079,-0.10567883585320079,Normal
b0f4ef1f-861d-4ce4-9500-bb53eff77c24,40106,2022-10-18 10:57:26.628000+00:00,j1,0.0,0.0,-0.3356669120189621,0.720946691755962,-0.720946691755962,Normal
b0f4ef1f-861d-4ce4-9500-bb53eff77c24,40106,2022-10-18 10:57:26.628000+00:00,j2,0.0,0.0,-0.5252092255722672,3.702807678065291,-3.702807678065291,Normal
b0f4ef1f-861d-4ce4-9500-bb53eff77c24,40106,2022-10-18 10:57:26.628000+00:00,j3,0.0,0.0,-0.5302079500176364,2.6867889944667596,-2.6867889944667596,Normal
b0f4ef1f-861d-4ce4-9500-bb53eff77c24,40106,2022-10-18 10:57:26.628000+00:00,j4,0.0,0.0,-0.39382245731214677,0.636077296871467,-0.636077296871467,Normal
b0f4ef1f-861d-4ce4-9500-bb53eff77c24,40106,2022-10-18 10:57:26.628000+00:00,j5,0.0,0.0,-0.4544992706235773,0.9579370191187149,-0.9579370191187149,Normal
b0f4ef1f-861d-4ce4-9500-bb53eff77c24,40106,2022-10-18 10:57:26.628000+00:00,j6,0.0,0.0,-0.3301764300792632,0.618765059968672,-0.618765059968672,Normal
b0f4ef1f-861d-4ce4-9500-bb53eff77c24,40106,2022-10-18 10:57:26.628000+00:00,j7,0.0,0.0,-0.40158392869670473,0.892714488084787,-0.892714488084787,Normal
b0f4ef1f-861d-4ce4-9500-bb53eff77c24,40106,2022-10-18 10:57:26.628000+00:00,j8,0.0,0.0,-0.24160184644668103,0.10567900585297571,-0.10567900585297571,Normal
b0f4ef1f-861d-4ce4-9500-bb53eff77c24,40107,2022-10-18 10:57:28.628000+00:00,j1,0.0,0.0,-0.3356669120189621,0.7209464564102487,-0.7209464564102487,Normal
b0f4ef1f-861d-4ce4-9500-bb53eff77c24,40107,2022-10-18 10:57:28.628000+00:00,j2,0.0,0.0,-0.5252092255722672,3.702812066472126,-3.702812066472126,Normal
b0f4ef1f-861d-4ce4-9500-bb53eff77c24,40107,2022-10-18 10:57:28.628000+00:00,j3,0.0,0.0,-0.5302079500176364,2.686787839029568,-2.686787839029568,Normal
b0f4ef1f-861d-4ce4-9500-bb53eff77c24,40107,2022-10-18 10:57:28.628000+00:00,j4,0.0,0.0,-0.39382245731214677,0.6360780748783599,-0.6360780748783599,Normal
b0f4ef1f-861d-4ce4-9500-bb53eff77c24,40107,2022-10-18 10:57:28.628000+00:00,j5,0.0,0.0,-0.4544992706235773,0.9579371867422726,-0.9579371867422726,Normal
b0f4ef1f-861d-4ce4-9500-bb53eff77c24,40107,2022-10-18 10:57:28.628000+00:00,j6,0.0,0.0,-0.3301764300792632,0.6187660088597664,-0.6187660088597664,Normal
b0f4ef1f-861d-4ce4-9500-bb53eff77c24,40107,2022-10-18 10:57:28.628000+00:00,j7,0.0,0.0,-0.40158392869670473,0.8927155955220178,-0.8927155955220178,Normal
b0f4ef1f-861d-4ce4-9500-bb53eff77c24,40107,2022-10-18 10:57:28.628000+00:00,j8,0.0,0.0,-0.24160184644668103,0.10567917585275063,-0.10567917585275063,Normal
b0f4ef1f-861d-4ce4-9500-bb53eff77c24,40108,2022-10-18 10:57:30.628000+00:00,j1,0.0,0.0,-0.3356669120189621,0.7209462210645353,-0.7209462210645353,Normal
b0f4ef1f-861d-4ce4-9500-bb53eff77c24,40108,2022-10-18 10:57:30.628000+00:00,j2,0.0,0.0,-0.5252092255722672,3.7028164548789606,-3.7028164548789606,Normal
b0f4ef1f-861d-4ce4-9500-bb53eff77c24,40108,2022-10-18 10:57:30.628000+00:00,j3,0.0,0.0,-0.5302079500176364,2.6867866835923757,-2.6867866835923757,Normal
b0f4ef1f-861d-4ce4-9500-bb53eff77c24,40108,2022-10-18 10:57:30.628000+00:00,j4,0.0,0.0,-0.39382245731214677,0.6360788528852529,-0.6360788528852529,Normal
b0f4ef1f-861d-4ce4-9500-bb53eff77c24,40108,2022-10-18 10:57:30.628000+00:00,j5,0.0,0.0,-0.4544992706235773,0.9579373543658303,-0.9579373543658303,Normal
b0f4ef1f-861d-4ce4-9500-bb53eff77c24,40108,2022-10-18 10:57:30.628000+00:00,j6,0.0,0.0,-0.3301764300792632,0.6187669577508608,-0.6187669577508608,Normal
b0f4ef1f-861d-4ce4-9500-bb53eff77c24,40108,2022-10-18 10:57:30.628000+00:00,j7,0.0,0.0,-0.40158392869670473,0.8927167029592488,-0.8927167029592488,Normal
b0f4ef1f-861d-4ce4-9500-bb53eff77c24,40108,2022-10-18 10:57:30.628000+00:00,j8,0.0,0.0,-0.24160184644668103,0.10567934585252554,-0.10567934585252554,Normal
b0f4ef1f-861d-4ce4-9500-bb53eff77c24,40109,2022-10-18 10:57:32.628000+00:00,j1,0.0,0.0,-0.3356669120189621,0.720945985718822,-0.720945985718822,Normal
b0f4ef1f-861d-4ce4-9500-bb53eff77c24,40109,2022-10-18 10:57:32.628000+00:00,j2,0.0,0.0,-0.5252092255722672,3.7028208432857954,-3.7028208432857954,Normal
b0f4ef1f-861d-4ce4-9500-bb53eff77c24,40109,2022-10-18 10:57:32.628000+00:00,j3,0.0,0.0,-0.5302079500176364,2.6867855281551836,-2.6867855281551836,Normal
b0f4ef1f-861d-4ce4-9500-bb53eff77c24,40109,2022-10-18 10:57:32.628000+00:00,j4,0.0,0.0,-0.39382245731214677,0.6360796308921458,-0.6360796308921458,Normal
b0f4ef1f-861d-4ce4-9500-bb53eff77c24,40109,2022-10-18 10:57:32.628000+00:00,j5,0.0,0.0,-0.4544992706235773,0.957937521989388,-0.957937521989388,Normal
b0f4ef1f-861d-4ce4-9500-bb53eff77c24,40109,2022-10-18 10:57:32.628000+00:00,j6,0.0,0.0,-0.3301764300792632,0.6187679066419551,-0.6187679066419551,Normal
b0f4ef1f-861d-4ce4-9500-bb53eff77c24,40109,2022-10-18 10:57:32.628000+00:00,j7,0.0,0.0,-0.40158392869670473,0.8927178103964796,-0.8927178103964796,Normal
b0f4ef1f-861d-4ce4-9500-bb53eff77c24,40109,2022-10-18 10:57:32.628000+00:00,j8,0.0,0.0,-0.24160184644668103,0.10567951585230047,-0.10567951585230047,Normal
b0f4ef1f-861d-4ce4-9500-bb53eff77c24,40110,2022-10-18 10:57:34.628000+00:00,j1,0.0,0.0,-0.3356669120189621,0.7209457503731085,-0.7209457503731085,Normal
b0f4ef1f-861d-4ce4-9500-bb53eff77c24,40110,2022-10-18 10:57:34.628000+00:00,j2,0.0,0.0,-0.5252092255722672,3.7028252316926302,-3.7028252316926302,Normal
b0f4ef1f-861d-4ce4-9500-bb53eff77c24,40110,2022-10-18 10:57:34.628000+00:00,j3,0.0,0.0,-0.5302079500176364,2.6867843727179914,-2.6867843727179914,Normal
b0f4ef1f-861d-4ce4-9500-bb53eff77c24,40110,2022-10-18 10:57:34.628000+00:00,j4,0.0,0.0,-0.39382245731214677,0.6360804088990387,-0.6360804088990387,Normal
b0f4ef1f-861d-4ce4-9500-bb53eff77c24,40110,2022-10-18 10:57:34.628000+00:00,j5,0.0,0.0,-0.4544992706235773,0.9579376896129458,-0.9579376896129458,Normal
b0f4ef1f-861d-4ce4-9500-bb53eff77c24,40110,2022-10-18 10:57:34.628000+00:00,j6,0.0,0.0,-0.3301764300792632,0.6187688555330495,-0.6187688555330495,Normal
b0f4ef1f-861d-4ce4-9500-bb53eff77c24,40110,2022-10-18 10:57:34.628000+00:00,j7,0.0,0.0,-0.40158392869670473,0.8927189178337104,-0.8927189178337104,Normal
b0f4ef1f-861d-4ce4-9500-bb53eff77c24,40110,2022-10-18 10:57:34.628000+00:00,j8,0.0,0.0,-0.24160184644668103,0.10567968585207539,-0.10567968585207539,Normal
b0f4ef1f-861d-4ce4-9500-bb53eff77c24,40111,2022-10-18 10:57:36.628000+00:00,j1,0.0,0.0,-0.3356669120189621,0.7209455150273951,-0.7209455150273951,Normal
b0f4ef1f-861d-4ce4-9500-bb53eff77c24,40111,2022-10-18 10:57:36.628000+00:00,j2,0.0,0.0,-0.5252092255722672,3.702829620099465,-3.702829620099465,Normal
b0f4ef1f-861d-4ce4-9500-bb53eff77c24,40111,2022-10-18 10:57:36.628000+00:00,j3,0.0,0.0,-0.5302079500176364,2.6867832172807993,-2.6867832172807993,Normal
b0f4ef1f-861d-4ce4-9500-bb53eff77c24,40111,2022-10-18 10:57:36.628000+00:00,j4,0.0,0.0,-0.39382245731214677,0.6360811869059317,-0.6360811869059317,Normal
b0f4ef1f-861d-4ce4-9500-bb53eff77c24,40111,2022-10-18 10:57:36.628000+00:00,j5,0.0,0.0,-0.4544992706235773,0.9579378572365035,-0.9579378572365035,Normal
b0f4ef1f-861d-4ce4-9500-bb53eff77c24,40111,2022-10-18 10:57:36.628000+00:00,j6,0.0,0.0,-0.3301764300792632,0.6187698044241439,-0.6187698044241439,Normal
b0f4ef1f-861d-4ce4-9500-bb53eff77c24,40111,2022-10-18 10:57:36.628000+00:00,j7,0.0,0.0,-0.40158392869670473,0.8927200252709412,-0.8927200252709412,Normal
b0f4ef1f-861d-4ce4-9500-bb53eff77c24,40111,2022-10-18 10:57:36.628000+00:00,j8,0.0,0.0,-0.24160184644668103,0.1056798558518503,-0.1056798558518503,Normal
b0f4ef1f-861d-4ce4-9500-bb53eff77c24,40112,2022-10-18 10:57:38.628000+00:00,j1,0.0,0.0,-0.3356669120189621,0.7209452796816818,-0.7209452796816818,Normal
b0f4ef1f-861d-4ce4-9500-bb53eff77c24,40112,2022-10-18 10:57:38.628000+00:00,j2,0.0,0.0,-0.5252092255722672,3.7028340085063,-3.7028340085063,Normal
b0f4ef1f-861d-4ce4-9500-bb53eff77c24,40112,2022-10-18 10:57:38.628000+00:00,j3,0.0,0.0,-0.5302079500176364,2.686782061843607,-2.686782061843607,Normal
b0f4ef1f-861d-4ce4-9500-bb53eff77c24,40112,2022-10-18 10:57:38.628000+00:00,j4,0.0,0.0,-0.39382245731214677,0.6360819649128246,-0.6360819649128246,Normal
b0f4ef1f-861d-4ce4-9500-bb53eff77c24,40112,2022-10-18 10:57:38.628000+00:00,j5,0.0,0.0,-0.4544992706235773,0.9579380248600612,-0.9579380248600612,Normal
b0f4ef1f-861d-4ce4-9500-bb53eff77c24,40112,2022-10-18 10:57:38.628000+00:00,j6,0.0,0.0,-0.3301764300792632,0.6187707533152382,-0.6187707533152382,Normal
b0f4ef1f-861d-4ce4-9500-bb53eff77c24,40112,2022-10-18 10:57:38.628000+00:00,j7,0.0,0.0,-0.40158392869670473,0.8927211327081721,-0.8927211327081721,Normal
b0f4ef1f-861d-4ce4-9500-bb53eff77c24,40112,2022-10-18 10:57:38.628000+00:00,j8,0.0,0.0,-0.24160184644668103,0.10568002585162523,-0.10568002585162523,Normal
b0f4ef1f-861d-4ce4-9500-bb53eff77c24,40113,2022-10-18 10:57:40.628000+00:00,j1,0.0,0.0,-0.3356669120189621,0.7209450443359684,-0.7209450443359684,Normal
b0f4ef1f-861d-4ce4-9500-bb53eff77c24,40113,2022-10-18 10:57:40.628000+00:00,j2,0.0,0.0,-0.5252092255722672,3.702838396913135,-3.702838396913135,Normal
b0f4ef1f-861d-4ce4-9500-bb53eff77c24,40113,2022-10-18 10:57:40.628000+00:00,j3,0.0,0.0,-0.5302079500176364,2.6867809064064154,-2.6867809064064154,Normal
b0f4ef1f-861d-4ce4-9500-bb53eff77c24,40113,2022-10-18 10:57:40.628000+00:00,j4,0.0,0.0,-0.39382245731214677,0.6360827429197176,-0.6360827429197176,Normal
b0f4ef1f-861d-4ce4-9500-bb53eff77c24,40113,2022-10-18 10:57:40.628000+00:00,j5,0.0,0.0,-0.4544992706235773,0.9579381924836189,-0.9579381924836189,Normal
b0f4ef1f-861d-4ce4-9500-bb53eff77c24,40113,2022-10-18 10:57:40.628000+00:00,j6,0.0,0.0,-0.3301764300792632,0.6187717022063326,-0.6187717022063326,Normal
b0f4ef1f-861d-4ce4-9500-bb53eff77c24,40113,2022-10-18 10:57:40.628000+00:00,j7,0.0,0.0,-0.40158392869670473,0.8927222401454029,-0.8927222401454029,Normal
b0f4ef1f-861d-4ce4-9500-bb53eff77c24,40113,2022-10-18 10:57:40.628000+00:00,j8,0.0,0.0,-0.24160184644668103,0.10568019585140015,-0.10568019585140015,Normal
b0f4ef1f-861d-4ce4-9500-bb53eff77c24,40114,2022-10-18 10:57:42.628000+00:00,j1,0.0,0.0,-0.3356669120189621,0.720944808990255,-0.720944808990255,Normal
b0f4ef1f-861d-4ce4-9500-bb53eff77c24,40114,2022-10-18 10:57:42.628000+00:00,j2,0.0,0.0,-0.5252092255722672,3.70284278531997,-3.70284278531997,Normal
b0f4ef1f-861d-4ce4-9500-bb53eff77c24,40114,2022-10-18 10:57:42.628000+00:00,j3,0.0,0.0,-0.5302079500176364,2.6867797509692233,-2.6867797509692233,Normal
b0f4ef1f-861d-4ce4-9500-bb53eff77c24,40114,2022-10-18 10:57:42.628000+00:00,j4,0.0,0.0,-0.39382245731214677,0.6360835209266106,-0.6360835209266106,Normal
b0f4ef1f-861d-4ce4-9500-bb53eff77c24,40114,2022-10-18 10:57:42.628000+00:00,j5,0.0,0.0,-0.4544992706235773,0.9579383601071766,-0.9579383601071766,Normal
b0f4ef1f-861d-4ce4-9500-bb53eff77c24,40114,2022-10-18 10:57:42.628000+00:00,j6,0.0,0.0,-0.3301764300792632,0.6187726510974271,-0.6187726510974271,Normal
b0f4ef1f-861d-4ce4-9500-bb53eff77c24,40114,2022-10-18 10:57:42.628000+00:00,j7,0.0,0.0,-0.40158392869670473,0.8927233475826337,-0.8927233475826337,Normal
b0f4ef1f-861d-4ce4-9500-bb53eff77c24,40114,2022-10-18 10:57:42.628000+00:00,j8,0.0,0.0,-0.24160184644668103,0.10568036585117507,-0.10568036585117507,Normal
b0f4ef1f-861d-4ce4-9500-bb53eff77c24,40115,2022-10-18 10:57:44.628000+00:00,j1,0.0,0.0,-0.3356669120189621,0.7209445736445416,-0.7209445736445416,Normal
b0f4ef1f-861d-4ce4-9500-bb53eff77c24,40115,2022-10-18 10:57:44.628000+00:00,j2,0.0,0.0,-0.5252092255722672,3.7028471737268047,-3.7028471737268047,Normal
b0f4ef1f-861d-4ce4-9500-bb53eff77c24,40115,2022-10-18 10:57:44.628000+00:00,j3,0.0,0.0,-0.5302079500176364,2.686778595532031,-2.686778595532031,Normal
b0f4ef1f-861d-4ce4-9500-bb53eff77c24,40115,2022-10-18 10:57:44.628000+00:00,j4,0.0,0.0,-0.39382245731214677,0.6360842989335035,-0.6360842989335035,Normal
b0f4ef1f-861d-4ce4-9500-bb53eff77c24,40115,2022-10-18 10:57:44.628000+00:00,j5,0.0,0.0,-0.4544992706235773,0.9579385277307343,-0.9579385277307343,Normal
b0f4ef1f-861d-4ce4-9500-bb53eff77c24,40115,2022-10-18 10:57:44.628000+00:00,j6,0.0,0.0,-0.3301764300792632,0.6187735999885214,-0.6187735999885214,Normal
b0f4ef1f-861d-4ce4-9500-bb53eff77c24,40115,2022-10-18 10:57:44.628000+00:00,j7,0.0,0.0,-0.40158392869670473,0.8927244550198646,-0.8927244550198646,Normal
b0f4ef1f-861d-4ce4-9500-bb53eff77c24,40115,2022-10-18 10:57:44.628000+00:00,j8,0.0,0.0,-0.24160184644668103,0.10568053585094998,-0.10568053585094998,Normal
b0f4ef1f-861d-4ce4-9500-bb53eff77c24,40116,2022-10-18 10:57:46.628000+00:00,j1,0.0,0.0,-0.3356669120189621,0.7209443382988282,-0.7209443382988282,Normal
b0f4ef1f-861d-4ce4-9500-bb53eff77c24,40116,2022-10-18 10:57:46.628000+00:00,j2,0.0,0.0,-0.5252092255722672,3.7028515621336395,-3.7028515621336395,Normal
b0f4ef1f-861d-4ce4-9500-bb53eff77c24,40116,2022-10-18 10:57:46.628000+00:00,j3,0.0,0.0,-0.5302079500176364,2.686777440094839,-2.686777440094839,Normal
b0f4ef1f-861d-4ce4-9500-bb53eff77c24,40116,2022-10-18 10:57:46.628000+00:00,j4,0.0,0.0,-0.39382245731214677,0.6360850769403964,-0.6360850769403964,Normal
b0f4ef1f-861d-4ce4-9500-bb53eff77c24,40116,2022-10-18 10:57:46.628000+00:00,j5,0.0,0.0,-0.4544992706235773,0.9579386953542921,-0.9579386953542921,Normal
b0f4ef1f-861d-4ce4-9500-bb53eff77c24,40116,2022-10-18 10:57:46.628000+00:00,j6,0.0,0.0,-0.3301764300792632,0.6187745488796158,-0.6187745488796158,Normal
b0f4ef1f-861d-4ce4-9500-bb53eff77c24,40116,2022-10-18 10:57:46.628000+00:00,j7,0.0,0.0,-0.40158392869670473,0.8927255624570954,-0.8927255624570954,Normal
b0f4ef1f-861d-4ce4-9500-bb53eff77c24,40116,2022-10-18 10:57:46.628000+00:00,j8,0.0,0.0,-0.24160184644668103,0.10568070585072491,-0.10568070585072491,Normal
b0f4ef1f-861d-4ce4-9500-bb53eff77c24,40117,2022-10-18 10:57:48.628000+00:00,j1,3.098271929770403,0.13123099497953783,1.0973299782600872,0.7209441029531148,2.377327826817288,Normal
b0f4ef1f-861d-4ce4-9500-bb53eff77c24,40117,2022-10-18 10:57:48.628000+00:00,j2,3.910619911636082,0.07562126580830633,0.0432051577284409,3.7028559505404743,0.20776396109560746,Normal
b0f4ef1f-861d-4ce4-9500-bb53eff77c24,40117,2022-10-18 10:57:48.628000+00:00,j3,9.801336874826765,0.23417048714261057,1.3871728243321892,2.686776284657647,7.114560590169118,Normal
b0f4ef1f-861d-4ce4-9500-bb53eff77c24,40117,2022-10-18 10:57:48.628000+00:00,j4,0.0508270281388017,0.0032443543235353405,-0.3615488037311985,0.6360858549472894,-0.5852588268084877,Normal
b0f4ef1f-861d-4ce4-9500-bb53eff77c24,40117,2022-10-18 10:57:48.628000+00:00,j5,11.15546466365953,0.5375930647195346,4.857223533876811,0.9579388629778498,10.19752580068168,Normal
b0f4ef1f-861d-4ce4-9500-bb53eff77c24,40117,2022-10-18 10:57:48.628000+00:00,j6,0.724968473790401,0.03463541765395759,0.06915072112381747,0.6187754977707102,0.1061929760196908,Normal
b0f4ef1f-861d-4ce4-9500-bb53eff77c24,40117,2022-10-18 10:57:48.628000+00:00,j7,3.149834902564826,0.38846182053416,1.0521077037202737,0.8927266698943263,2.2571082326704994,Normal
b0f4ef1f-861d-4ce4-9500-bb53eff77c24,40117,2022-10-18 10:57:48.628000+00:00,j8,0.9988528042929854,0.16913540349445366,2.1193618266296337,0.10568087585049982,0.8931719284424856,Normal
b0f4ef1f-861d-4ce4-9500-bb53eff77c24,40118,2022-10-18 10:57:50.628000+00:00,j1,4.798490715452628,0.20324578515469022,1.8837064771289904,0.7209438676074015,4.077546847845227,Normal
b0f4ef1f-861d-4ce4-9500-bb53eff77c24,40118,2022-10-18 10:57:50.628000+00:00,j2,3.083992723320726,0.05963643584670162,-0.07694632568925944,3.702860338947309,-0.6188676156265833,Normal
b0f4ef1f-861d-4ce4-9500-bb53eff77c24,40118,2022-10-18 10:57:50.628000+00:00,j3,6.922072778286914,0.16538000634293065,0.8239184751055888,2.6867751292204547,4.235297649066459,Normal
b0f4ef1f-861d-4ce4-9500-bb53eff77c24,40118,2022-10-18 10:57:50.628000+00:00,j4,0.8174375315478714,0.052178084905042756,0.1252261017575803,0.6360866329541823,0.18135089859368902,Normal
b0f4ef1f-861d-4ce4-9500-bb53eff77c24,40118,2022-10-18 10:57:50.628000+00:00,j5,0.8354283620887676,0.04026013322349483,-0.05670643848012633,0.9579390306014075,-0.12251066851263992,Normal
b0f4ef1f-861d-4ce4-9500-bb53eff77c24,40118,2022-10-18 10:57:50.628000+00:00,j6,0.8928143199812025,0.04265426425828742,0.1616035739357609,0.6187764466618045,0.274037873319398,Normal
b0f4ef1f-861d-4ce4-9500-bb53eff77c24,40118,2022-10-18 10:57:50.628000+00:00,j7,0.7857015926768933,0.09689875200739144,-0.03897196134531867,0.8927277773315572,-0.10702618465466385,Normal
b0f4ef1f-861d-4ce4-9500-bb53eff77c24,40118,2022-10-18 10:57:50.628000+00:00,j8,0.1158509666831817,0.019617004538573585,0.03223221864699526,0.10568104585027474,0.010169920832906965,Normal
b0f4ef1f-861d-4ce4-9500-bb53eff77c24,40119,2022-10-18 10:57:52.628000+00:00,j1,0.2898603150829071,0.01227737862125972,-0.20160220125618145,0.720943632261688,-0.4310833171787809,Normal
b0f4ef1f-861d-4ce4-9500-bb53eff77c24,40119,2022-10-18 10:57:52.628000+00:00,j2,4.104510840098191,0.07937061444621021,0.0713874907139248,3.702864727354144,0.4016461127440474,Normal
b0f4ef1f-861d-4ce4-9500-bb53eff77c24,40119,2022-10-18 10:57:52.628000+00:00,j3,0.0,0.0,-0.5302079500176364,2.6867739737832625,-2.6867739737832625,Normal
b0f4ef1f-861d-4ce4-9500-bb53eff77c24,40119,2022-10-18 10:57:52.628000+00:00,j4,0.0,0.0,-0.39382245731214677,0.6360874109610752,-0.6360874109610752,Normal
b0f4ef1f-861d-4ce4-9500-bb53eff77c24,40119,2022-10-18 10:57:52.628000+00:00,j5,0.0,0.0,-0.4544992706235773,0.9579391982249652,-0.9579391982249652,Normal
b0f4ef1f-861d-4ce4-9500-bb53eff77c24,40119,2022-10-18 10:57:52.628000+00:00,j6,0.0,0.0,-0.3301764300792632,0.6187773955528989,-0.6187773955528989,Normal
b0f4ef1f-861d-4ce4-9500-bb53eff77c24,40119,2022-10-18 10:57:52.628000+00:00,j7,0.0,0.0,-0.40158392869670473,0.892728884768788,-0.892728884768788,Normal
b0f4ef1f-861d-4ce4-9500-bb53eff77c24,40119,2022-10-18 10:57:52.628000+00:00,j8,0.0,0.0,-0.24160184644668103,0.10568121585004966,-0.10568121585004966,Normal
b0f4ef1f-861d-4ce4-9500-bb53eff77c24,40120,2022-10-18 10:57:54.628000+00:00,j1,0.0,0.0,-0.3356669120189621,0.7209433969159746,-0.7209433969159746,Normal
b0f4ef1f-861d-4ce4-9500-bb53eff77c24,40120,2022-10-18 10:57:54.628000+00:00,j2,0.0,0.0,-0.5252092255722672,3.7028691157609788,-3.7028691157609788,Normal
b0f4ef1f-861d-4ce4-9500-bb53eff77c24,40120,2022-10-18 10:57:54.628000+00:00,j3,0.0,0.0,-0.5302079500176364,2.686772818346071,-2.686772818346071,Normal
b0f4ef1f-861d-4ce4-9500-bb53eff77c24,40120,2022-10-18 10:57:54.628000+00:00,j4,0.0,0.0,-0.39382245731214677,0.6360881889679683,-0.6360881889679683,Normal
b0f4ef1f-861d-4ce4-9500-bb53eff77c24,40120,2022-10-18 10:57:54.628000+00:00,j5,0.0,0.0,-0.4544992706235773,0.9579393658485229,-0.9579393658485229,Normal
b0f4ef1f-861d-4ce4-9500-bb53eff77c24,40120,2022-10-18 10:57:54.628000+00:00,j6,0.0,0.0,-0.3301764300792632,0.6187783444439934,-0.6187783444439934,Normal
b0f4ef1f-861d-4ce4-9500-bb53eff77c24,40120,2022-10-18 10:57:54.628000+00:00,j7,0.0,0.0,-0.40158392869670473,0.8927299922060188,-0.8927299922060188,Normal
b0f4ef1f-861d-4ce4-9500-bb53eff77c24,40120,2022-10-18 10:57:54.628000+00:00,j8,0.0,0.0,-0.24160184644668103,0.10568138584982459,-0.10568138584982459,Normal
b0f4ef1f-861d-4ce4-9500-bb53eff77c24,40121,2022-10-18 10:57:56.628000+00:00,j1,0.0,0.0,-0.3356669120189621,0.7209431615702613,-0.7209431615702613,Normal
b0f4ef1f-861d-4ce4-9500-bb53eff77c24,40121,2022-10-18 10:57:56.628000+00:00,j2,0.0,0.0,-0.5252092255722672,3.7028735041678136,-3.7028735041678136,Normal
b0f4ef1f-861d-4ce4-9500-bb53eff77c24,40121,2022-10-18 10:57:56.628000+00:00,j3,0.0,0.0,-0.5302079500176364,2.6867716629088787,-2.6867716629088787,Normal
b0f4ef1f-861d-4ce4-9500-bb53eff77c24,40121,2022-10-18 10:57:56.628000+00:00,j4,0.0,0.0,-0.39382245731214677,0.6360889669748612,-0.6360889669748612,Normal
b0f4ef1f-861d-4ce4-9500-bb53eff77c24,40121,2022-10-18 10:57:56.628000+00:00,j5,0.0,0.0,-0.4544992706235773,0.9579395334720807,-0.9579395334720807,Normal
b0f4ef1f-861d-4ce4-9500-bb53eff77c24,40121,2022-10-18 10:57:56.628000+00:00,j6,0.0,0.0,-0.3301764300792632,0.6187792933350877,-0.6187792933350877,Normal
b0f4ef1f-861d-4ce4-9500-bb53eff77c24,40121,2022-10-18 10:57:56.628000+00:00,j7,0.0,0.0,-0.40158392869670473,0.8927310996432496,-0.8927310996432496,Normal
b0f4ef1f-861d-4ce4-9500-bb53eff77c24,40121,2022-10-18 10:57:56.628000+00:00,j8,0.0,0.0,-0.24160184644668103,0.1056815558495995,-0.1056815558495995,Normal
b0f4ef1f-861d-4ce4-9500-bb53eff77c24,40122,2022-10-18 10:57:58.628000+00:00,j1,0.0,0.0,-0.3356669120189621,0.7209429262245479,-0.7209429262245479,Normal
b0f4ef1f-861d-4ce4-9500-bb53eff77c24,40122,2022-10-18 10:57:58.628000+00:00,j2,0.0,0.0,-0.5252092255722672,3.702877892574649,-3.702877892574649,Normal
b0f4ef1f-861d-4ce4-9500-bb53eff77c24,40122,2022-10-18 10:57:58.628000+00:00,j3,0.0,0.0,-0.5302079500176364,2.6867705074716866,-2.6867705074716866,Normal
b0f4ef1f-861d-4ce4-9500-bb53eff77c24,40122,2022-10-18 10:57:58.628000+00:00,j4,0.0,0.0,-0.39382245731214677,0.6360897449817541,-0.6360897449817541,Normal
b0f4ef1f-861d-4ce4-9500-bb53eff77c24,40122,2022-10-18 10:57:58.628000+00:00,j5,0.0,0.0,-0.4544992706235773,0.9579397010956384,-0.9579397010956384,Normal
b0f4ef1f-861d-4ce4-9500-bb53eff77c24,40122,2022-10-18 10:57:58.628000+00:00,j6,0.0,0.0,-0.3301764300792632,0.6187802422261821,-0.6187802422261821,Normal
b0f4ef1f-861d-4ce4-9500-bb53eff77c24,40122,2022-10-18 10:57:58.628000+00:00,j7,0.0,0.0,-0.40158392869670473,0.8927322070804805,-0.8927322070804805,Normal
b0f4ef1f-861d-4ce4-9500-bb53eff77c24,40122,2022-10-18 10:57:58.628000+00:00,j8,0.0,0.0,-0.24160184644668103,0.10568172584937442,-0.10568172584937442,Normal
b0f4ef1f-861d-4ce4-9500-bb53eff77c24,40123,2022-10-18 10:58:00.628000+00:00,j1,0.0,0.0,-0.3356669120189621,0.7209426908788346,-0.7209426908788346,Normal
b0f4ef1f-861d-4ce4-9500-bb53eff77c24,40123,2022-10-18 10:58:00.628000+00:00,j2,0.0,0.0,-0.5252092255722672,3.7028822809814836,-3.7028822809814836,Normal
b0f4ef1f-861d-4ce4-9500-bb53eff77c24,40123,2022-10-18 10:58:00.628000+00:00,j3,0.0,0.0,-0.5302079500176364,2.6867693520344944,-2.6867693520344944,Normal
b0f4ef1f-861d-4ce4-9500-bb53eff77c24,40123,2022-10-18 10:58:00.628000+00:00,j4,0.0,0.0,-0.39382245731214677,0.6360905229886471,-0.6360905229886471,Normal
b0f4ef1f-861d-4ce4-9500-bb53eff77c24,40123,2022-10-18 10:58:00.628000+00:00,j5,0.0,0.0,-0.4544992706235773,0.9579398687191961,-0.9579398687191961,Normal
b0f4ef1f-861d-4ce4-9500-bb53eff77c24,40123,2022-10-18 10:58:00.628000+00:00,j6,0.0,0.0,-0.3301764300792632,0.6187811911172765,-0.6187811911172765,Normal
b0f4ef1f-861d-4ce4-9500-bb53eff77c24,40123,2022-10-18 10:58:00.628000+00:00,j7,0.0,0.0,-0.40158392869670473,0.8927333145177113,-0.8927333145177113,Normal
b0f4ef1f-861d-4ce4-9500-bb53eff77c24,40123,2022-10-18 10:58:00.628000+00:00,j8,0.0,0.0,-0.24160184644668103,0.10568189584914935,-0.10568189584914935,Normal
b0f4ef1f-861d-4ce4-9500-bb53eff77c24,40124,2022-10-18 10:58:02.628000+00:00,j1,0.0,0.0,-0.3356669120189621,0.7209424555331211,-0.7209424555331211,Normal
b0f4ef1f-861d-4ce4-9500-bb53eff77c24,40124,2022-10-18 10:58:02.628000+00:00,j2,0.0,0.0,-0.5252092255722672,3.7028866693883185,-3.7028866693883185,Normal
b0f4ef1f-861d-4ce4-9500-bb53eff77c24,40124,2022-10-18 10:58:02.628000+00:00,j3,0.0,0.0,-0.5302079500176364,2.6867681965973023,-2.6867681965973023,Normal
b0f4ef1f-861d-4ce4-9500-bb53eff77c24,40124,2022-10-18 10:58:02.628000+00:00,j4,0.0,0.0,-0.39382245731214677,0.63609130099554,-0.63609130099554,Normal
b0f4ef1f-861d-4ce4-9500-bb53eff77c24,40124,2022-10-18 10:58:02.628000+00:00,j5,0.0,0.0,-0.4544992706235773,0.9579400363427538,-0.9579400363427538,Normal
b0f4ef1f-861d-4ce4-9500-bb53eff77c24,40124,2022-10-18 10:58:02.628000+00:00,j6,0.0,0.0,-0.3301764300792632,0.6187821400083708,-0.6187821400083708,Normal
b0f4ef1f-861d-4ce4-9500-bb53eff77c24,40124,2022-10-18 10:58:02.628000+00:00,j7,0.0,0.0,-0.40158392869670473,0.8927344219549421,-0.8927344219549421,Normal
b0f4ef1f-861d-4ce4-9500-bb53eff77c24,40124,2022-10-18 10:58:02.628000+00:00,j8,0.0,0.0,-0.24160184644668103,0.10568206584892426,-0.10568206584892426,Normal
b0f4ef1f-861d-4ce4-9500-bb53eff77c24,40125,2022-10-18 10:58:04.628000+00:00,j1,0.0,0.0,-0.3356669120189621,0.7209422201874077,-0.7209422201874077,Normal
b0f4ef1f-861d-4ce4-9500-bb53eff77c24,40125,2022-10-18 10:58:04.628000+00:00,j2,0.0,0.0,-0.5252092255722672,3.7028910577951533,-3.7028910577951533,Normal
b0f4ef1f-861d-4ce4-9500-bb53eff77c24,40125,2022-10-18 10:58:04.628000+00:00,j3,0.0,0.0,-0.5302079500176364,2.68676704116011,-2.68676704116011,Normal
b0f4ef1f-861d-4ce4-9500-bb53eff77c24,40125,2022-10-18 10:58:04.628000+00:00,j4,0.0,0.0,-0.39382245731214677,0.6360920790024329,-0.6360920790024329,Normal
b0f4ef1f-861d-4ce4-9500-bb53eff77c24,40125,2022-10-18 10:58:04.628000+00:00,j5,0.0,0.0,-0.4544992706235773,0.9579402039663115,-0.9579402039663115,Normal
b0f4ef1f-861d-4ce4-9500-bb53eff77c24,40125,2022-10-18 10:58:04.628000+00:00,j6,0.0,0.0,-0.3301764300792632,0.6187830888994652,-0.6187830888994652,Normal
b0f4ef1f-861d-4ce4-9500-bb53eff77c24,40125,2022-10-18 10:58:04.628000+00:00,j7,0.0,0.0,-0.40158392869670473,0.892735529392173,-0.892735529392173,Normal
b0f4ef1f-861d-4ce4-9500-bb53eff77c24,40125,2022-10-18 10:58:04.628000+00:00,j8,0.0,0.0,-0.24160184644668103,0.10568223584869918,-0.10568223584869918,Normal
b0f4ef1f-861d-4ce4-9500-bb53eff77c24,40126,2022-10-18 10:58:06.628000+00:00,j1,0.0,0.0,-0.3356669120189621,0.7209419848416944,-0.7209419848416944,Normal
b0f4ef1f-861d-4ce4-9500-bb53eff77c24,40126,2022-10-18 10:58:06.628000+00:00,j2,0.0,0.0,-0.5252092255722672,3.702895446201988,-3.702895446201988,Normal
b0f4ef1f-861d-4ce4-9500-bb53eff77c24,40126,2022-10-18 10:58:06.628000+00:00,j3,0.0,0.0,-0.5302079500176364,2.6867658857229184,-2.6867658857229184,Normal
b0f4ef1f-861d-4ce4-9500-bb53eff77c24,40126,2022-10-18 10:58:06.628000+00:00,j4,0.0,0.0,-0.39382245731214677,0.6360928570093259,-0.6360928570093259,Normal
b0f4ef1f-861d-4ce4-9500-bb53eff77c24,40126,2022-10-18 10:58:06.628000+00:00,j5,0.0,0.0,-0.4544992706235773,0.9579403715898692,-0.9579403715898692,Normal
b0f4ef1f-861d-4ce4-9500-bb53eff77c24,40126,2022-10-18 10:58:06.628000+00:00,j6,0.0,0.0,-0.3301764300792632,0.6187840377905596,-0.6187840377905596,Normal
b0f4ef1f-861d-4ce4-9500-bb53eff77c24,40126,2022-10-18 10:58:06.628000+00:00,j7,0.0,0.0,-0.40158392869670473,0.8927366368294039,-0.8927366368294039,Normal
b0f4ef1f-861d-4ce4-9500-bb53eff77c24,40126,2022-10-18 10:58:06.628000+00:00,j8,0.0,0.0,-0.24160184644668103,0.1056824058484741,-0.1056824058484741,Normal
b0f4ef1f-861d-4ce4-9500-bb53eff77c24,40127,2022-10-18 10:58:08.628000+00:00,j1,0.0,0.0,-0.3356669120189621,0.720941749495981,-0.720941749495981,Normal
b0f4ef1f-861d-4ce4-9500-bb53eff77c24,40127,2022-10-18 10:58:08.628000+00:00,j2,0.0,0.0,-0.5252092255722672,3.702899834608823,-3.702899834608823,Normal
b0f4ef1f-861d-4ce4-9500-bb53eff77c24,40127,2022-10-18 10:58:08.628000+00:00,j3,0.0,0.0,-0.5302079500176364,2.6867647302857263,-2.6867647302857263,Normal
b0f4ef1f-861d-4ce4-9500-bb53eff77c24,40127,2022-10-18 10:58:08.628000+00:00,j4,0.0,0.0,-0.39382245731214677,0.6360936350162189,-0.6360936350162189,Normal
b0f4ef1f-861d-4ce4-9500-bb53eff77c24,40127,2022-10-18 10:58:08.628000+00:00,j5,0.0,0.0,-0.4544992706235773,0.957940539213427,-0.957940539213427,Normal
b0f4ef1f-861d-4ce4-9500-bb53eff77c24,40127,2022-10-18 10:58:08.628000+00:00,j6,0.0,0.0,-0.3301764300792632,0.6187849866816539,-0.6187849866816539,Normal
b0f4ef1f-861d-4ce4-9500-bb53eff77c24,40127,2022-10-18 10:58:08.628000+00:00,j7,0.0,0.0,-0.40158392869670473,0.8927377442666347,-0.8927377442666347,Normal
b0f4ef1f-861d-4ce4-9500-bb53eff77c24,40127,2022-10-18 10:58:08.628000+00:00,j8,0.0,0.0,-0.24160184644668103,0.10568257584824901,-0.10568257584824901,Normal
b0f4ef1f-861d-4ce4-9500-bb53eff77c24,40128,2022-10-18 10:58:10.628000+00:00,j1,0.0,0.0,-0.3356669120189621,0.7209415141502676,-0.7209415141502676,Normal
b0f4ef1f-861d-4ce4-9500-bb53eff77c24,40128,2022-10-18 10:58:10.628000+00:00,j2,0.0,0.0,-0.5252092255722672,3.7029042230156577,-3.7029042230156577,Normal
b0f4ef1f-861d-4ce4-9500-bb53eff77c24,40128,2022-10-18 10:58:10.628000+00:00,j3,0.0,0.0,-0.5302079500176364,2.686763574848534,-2.686763574848534,Normal
b0f4ef1f-861d-4ce4-9500-bb53eff77c24,40128,2022-10-18 10:58:10.628000+00:00,j4,0.0,0.0,-0.39382245731214677,0.6360944130231118,-0.6360944130231118,Normal
b0f4ef1f-861d-4ce4-9500-bb53eff77c24,40128,2022-10-18 10:58:10.628000+00:00,j5,0.0,0.0,-0.4544992706235773,0.9579407068369847,-0.9579407068369847,Normal
b0f4ef1f-861d-4ce4-9500-bb53eff77c24,40128,2022-10-18 10:58:10.628000+00:00,j6,0.0,0.0,-0.3301764300792632,0.6187859355727484,-0.6187859355727484,Normal
b0f4ef1f-861d-4ce4-9500-bb53eff77c24,40128,2022-10-18 10:58:10.628000+00:00,j7,0.0,0.0,-0.40158392869670473,0.8927388517038656,-0.8927388517038656,Normal
b0f4ef1f-861d-4ce4-9500-bb53eff77c24,40128,2022-10-18 10:58:10.628000+00:00,j8,0.0,0.0,-0.24160184644668103,0.10568274584802394,-0.10568274584802394,Normal
b0f4ef1f-861d-4ce4-9500-bb53eff77c24,40129,2022-10-18 10:58:12.628000+00:00,j1,0.0,0.0,-0.3356669120189621,0.7209412788045542,-0.7209412788045542,Normal
b0f4ef1f-861d-4ce4-9500-bb53eff77c24,40129,2022-10-18 10:58:12.628000+00:00,j2,0.0,0.0,-0.5252092255722672,3.7029086114224925,-3.7029086114224925,Normal
b0f4ef1f-861d-4ce4-9500-bb53eff77c24,40129,2022-10-18 10:58:12.628000+00:00,j3,0.0,0.0,-0.5302079500176364,2.686762419411342,-2.686762419411342,Normal
b0f4ef1f-861d-4ce4-9500-bb53eff77c24,40129,2022-10-18 10:58:12.628000+00:00,j4,0.0,0.0,-0.39382245731214677,0.6360951910300048,-0.6360951910300048,Normal
b0f4ef1f-861d-4ce4-9500-bb53eff77c24,40129,2022-10-18 10:58:12.628000+00:00,j5,0.0,0.0,-0.4544992706235773,0.9579408744605424,-0.9579408744605424,Normal
b0f4ef1f-861d-4ce4-9500-bb53eff77c24,40129,2022-10-18 10:58:12.628000+00:00,j6,0.0,0.0,-0.3301764300792632,0.6187868844638428,-0.6187868844638428,Normal
b0f4ef1f-861d-4ce4-9500-bb53eff77c24,40129,2022-10-18 10:58:12.628000+00:00,j7,0.0,0.0,-0.40158392869670473,0.8927399591410964,-0.8927399591410964,Normal
b0f4ef1f-861d-4ce4-9500-bb53eff77c24,40129,2022-10-18 10:58:12.628000+00:00,j8,0.0,0.0,-0.24160184644668103,0.10568291584779886,-0.10568291584779886,Normal
b0f4ef1f-861d-4ce4-9500-bb53eff77c24,40130,2022-10-18 10:58:14.628000+00:00,j1,0.0,0.0,-0.3356669120189621,0.7209410434588408,-0.7209410434588408,Normal
b0f4ef1f-861d-4ce4-9500-bb53eff77c24,40130,2022-10-18 10:58:14.628000+00:00,j2,0.0,0.0,-0.5252092255722672,3.7029129998293273,-3.7029129998293273,Normal
b0f4ef1f-861d-4ce4-9500-bb53eff77c24,40130,2022-10-18 10:58:14.628000+00:00,j3,0.0,0.0,-0.5302079500176364,2.68676126397415,-2.68676126397415,Normal
b0f4ef1f-861d-4ce4-9500-bb53eff77c24,40130,2022-10-18 10:58:14.628000+00:00,j4,0.0,0.0,-0.39382245731214677,0.6360959690368977,-0.6360959690368977,Normal
b0f4ef1f-861d-4ce4-9500-bb53eff77c24,40130,2022-10-18 10:58:14.628000+00:00,j5,0.0,0.0,-0.4544992706235773,0.9579410420841001,-0.9579410420841001,Normal
b0f4ef1f-861d-4ce4-9500-bb53eff77c24,40130,2022-10-18 10:58:14.628000+00:00,j6,0.0,0.0,-0.3301764300792632,0.6187878333549371,-0.6187878333549371,Normal
b0f4ef1f-861d-4ce4-9500-bb53eff77c24,40130,2022-10-18 10:58:14.628000+00:00,j7,0.0,0.0,-0.40158392869670473,0.8927410665783272,-0.8927410665783272,Normal
b0f4ef1f-861d-4ce4-9500-bb53eff77c24,40130,2022-10-18 10:58:14.628000+00:00,j8,0.0,0.0,-0.24160184644668103,0.10568308584757377,-0.10568308584757377,Normal
b0f4ef1f-861d-4ce4-9500-bb53eff77c24,40131,2022-10-18 10:58:16.628000+00:00,j1,0.0,0.0,-0.3356669120189621,0.7209408081131274,-0.7209408081131274,Normal
b0f4ef1f-861d-4ce4-9500-bb53eff77c24,40131,2022-10-18 10:58:16.628000+00:00,j2,0.0,0.0,-0.5252092255722672,3.702917388236162,-3.702917388236162,Normal
b0f4ef1f-861d-4ce4-9500-bb53eff77c24,40131,2022-10-18 10:58:16.628000+00:00,j3,0.0,0.0,-0.5302079500176364,2.6867601085369577,-2.6867601085369577,Normal
b0f4ef1f-861d-4ce4-9500-bb53eff77c24,40131,2022-10-18 10:58:16.628000+00:00,j4,0.0,0.0,-0.39382245731214677,0.6360967470437906,-0.6360967470437906,Normal
b0f4ef1f-861d-4ce4-9500-bb53eff77c24,40131,2022-10-18 10:58:16.628000+00:00,j5,0.0,0.0,-0.4544992706235773,0.9579412097076578,-0.9579412097076578,Normal
b0f4ef1f-861d-4ce4-9500-bb53eff77c24,40131,2022-10-18 10:58:16.628000+00:00,j6,0.0,0.0,-0.3301764300792632,0.6187887822460315,-0.6187887822460315,Normal
b0f4ef1f-861d-4ce4-9500-bb53eff77c24,40131,2022-10-18 10:58:16.628000+00:00,j7,0.0,0.0,-0.40158392869670473,0.892742174015558,-0.892742174015558,Normal
b0f4ef1f-861d-4ce4-9500-bb53eff77c24,40131,2022-10-18 10:58:16.628000+00:00,j8,0.0,0.0,-0.24160184644668103,0.1056832558473487,-0.1056832558473487,Normal
b0f4ef1f-861d-4ce4-9500-bb53eff77c24,40132,2022-10-18 10:58:18.628000+00:00,j1,0.7209405727674141,0.03053629598367652,-0.0022211647542088905,0.7209405727674141,0.0,Normal
b0f4ef1f-861d-4ce4-9500-bb53eff77c24,40132,2022-10-18 10:58:18.628000+00:00,j2,3.702921776642997,0.07160492153831809,0.013015926869282938,3.7029217766429974,-4.440892098500626e-16,Normal
b0f4ef1f-861d-4ce4-9500-bb53eff77c24,40132,2022-10-18 10:58:18.628000+00:00,j3,2.686758953099766,0.06419120788492057,-0.0046123065073415195,2.686758953099766,0.0,Normal
b0f4ef1f-861d-4ce4-9500-bb53eff77c24,40132,2022-10-18 10:58:18.628000+00:00,j4,0.6360975250506836,0.04060291996519176,0.010080582446973435,0.6360975250506836,0.0,Normal
b0f4ef1f-861d-4ce4-9500-bb53eff77c24,40132,2022-10-18 10:58:18.628000+00:00,j5,0.9579413773312156,0.04616415867810218,0.001628664227996623,0.9579413773312155,1.1102230246251565e-16,Normal
b0f4ef1f-861d-4ce4-9500-bb53eff77c24,40132,2022-10-18 10:58:18.628000+00:00,j6,0.6187897311371259,0.029562721073731542,0.01066534368336914,0.6187897311371259,0.0,Normal
b0f4ef1f-861d-4ce4-9500-bb53eff77c24,40132,2022-10-18 10:58:18.628000+00:00,j7,0.8927432814527889,0.11009995479458405,0.010429233354313481,0.8927432814527889,0.0,Normal
b0f4ef1f-861d-4ce4-9500-bb53eff77c24,40132,2022-10-18 10:58:18.628000+00:00,j8,0.1056834258471236,0.01789533832863561,0.008199453803886396,0.10568342584712362,-1.3877787807814457e-17,Normal
b0f4ef1f-861d-4ce4-9500-bb53eff77c24,40133,2022-10-18 10:58:20.628000+00:00,j1,12.422267612232677,0.5261599290208806,5.409816784069238,0.7209403374217006,11.701327274810977,Normal
b0f4ef1f-861d-4ce4-9500-bb53eff77c24,40133,2022-10-18 10:58:20.628000+00:00,j2,34.31291286134043,0.6635229101206872,4.462223366712037,3.702926165049832,30.609986696290598,Normal
b0f4ef1f-861d-4ce4-9500-bb53eff77c24,40133,2022-10-18 10:58:20.628000+00:00,j3,26.89215113739923,0.6424988970975238,4.7305533349239575,2.686757797662574,24.20539333973666,Normal
b0f4ef1f-861d-4ce4-9500-bb53eff77c24,40133,2022-10-18 10:58:20.628000+00:00,j4,9.133425231519317,0.5829982338854303,5.405631351487629,0.6360983030575765,8.49732692846174,Normal
b0f4ef1f-861d-4ce4-9500-bb53eff77c24,40133,2022-10-18 10:58:20.628000+00:00,j5,10.782211953004014,0.5196056410947847,4.679497639455834,0.9579415449547733,9.824270408049241,Normal
b0f4ef1f-861d-4ce4-9500-bb53eff77c24,40133,2022-10-18 10:58:20.628000+00:00,j6,11.32975572263634,0.5412798425828893,5.91047987445296,0.6187906800282202,10.71096504260812,Normal
b0f4ef1f-861d-4ce4-9500-bb53eff77c24,40133,2022-10-18 10:58:20.628000+00:00,j7,11.201905976790227,1.3815050387730163,4.768247979738233,0.8927443888900197,10.309161587900208,Normal
b0f4ef1f-861d-4ce4-9500-bb53eff77c24,40133,2022-10-18 10:58:20.628000+00:00,j8,3.2589739929849757,0.5518409508512161,7.46155439025652,0.10568359584689853,3.1532903971380772,Normal
b0f4ef1f-861d-4ce4-9500-bb53eff77c24,40134,2022-10-18 10:58:22.628000+00:00,j1,12.422267376886962,0.5261599190525328,5.409816675218342,0.7209401020759872,11.701327274810975,Normal
b0f4ef1f-861d-4ce4-9500-bb53eff77c24,40134,2022-10-18 10:58:22.628000+00:00,j2,34.31291724974726,0.6635229949811152,4.4622240045734545,3.702930553456667,30.60998669629059,Normal
b0f4ef1f-861d-4ce4-9500-bb53eff77c24,40134,2022-10-18 10:58:22.628000+00:00,j3,26.89214998196204,0.6424988694921784,4.730553108892235,2.6867566422253817,24.205393339736656,Normal
b0f4ef1f-861d-4ce4-9500-bb53eff77c24,40134,2022-10-18 10:58:22.628000+00:00,j4,9.133426009526207,0.5829982835466069,5.405631845498903,0.6360990810644694,8.497326928461739,Normal
b0f4ef1f-861d-4ce4-9500-bb53eff77c24,40134,2022-10-18 10:58:22.628000+00:00,j5,10.782212120627571,0.5196056491727326,4.6794977192705165,0.957941712578331,9.824270408049241,Normal
b0f4ef1f-861d-4ce4-9500-bb53eff77c24,40134,2022-10-18 10:58:22.628000+00:00,j6,11.329756671527432,0.5412798879162252,5.910480397121173,0.6187916289193146,10.710965042608118,Normal
b0f4ef1f-861d-4ce4-9500-bb53eff77c24,40134,2022-10-18 10:58:22.628000+00:00,j7,11.20190708422746,1.3815051753506773,4.768248490835574,0.8927454963272505,10.30916158790021,Normal
b0f4ef1f-861d-4ce4-9500-bb53eff77c24,40134,2022-10-18 10:58:22.628000+00:00,j8,3.2589741629847504,0.5518409796372198,7.461554792080784,0.10568376584667345,3.153290397138077,Normal
b0f4ef1f-861d-4ce4-9500-bb53eff77c24,40135,2022-10-18 10:58:24.628000+00:00,j1,12.42226714154125,0.526159909084185,5.4098165663674465,0.7209398667302739,11.701327274810975,Normal
b0f4ef1f-861d-4ce4-9500-bb53eff77c24,40135,2022-10-18 10:58:24.628000+00:00,j2,34.312921638154094,0.6635230798415434,4.462224642434873,3.702934941863502,30.60998669629059,Normal
b0f4ef1f-861d-4ce4-9500-bb53eff77c24,40135,2022-10-18 10:58:24.628000+00:00,j3,26.89214882652485,0.6424988418868329,4.730552882860513,2.6867554867881895,24.20539333973666,Normal
b0f4ef1f-861d-4ce4-9500-bb53eff77c24,40135,2022-10-18 10:58:24.628000+00:00,j4,9.133426787533102,0.5829983332077837,5.405632339510178,0.6360998590713625,8.497326928461739,Normal
b0f4ef1f-861d-4ce4-9500-bb53eff77c24,40135,2022-10-18 10:58:24.628000+00:00,j5,10.782212288251127,0.5196056572506803,4.6794977990851985,0.9579418802018888,9.82427040804924,Normal
b0f4ef1f-861d-4ce4-9500-bb53eff77c24,40135,2022-10-18 10:58:24.628000+00:00,j6,11.329757620418526,0.541279933249561,5.910480919789387,0.6187925778104091,10.710965042608118,Normal
b0f4ef1f-861d-4ce4-9500-bb53eff77c24,40135,2022-10-18 10:58:24.628000+00:00,j7,11.201908191664687,1.3815053119283376,4.76824900193291,0.8927466037644815,10.309161587900206,Normal
b0f4ef1f-861d-4ce4-9500-bb53eff77c24,40135,2022-10-18 10:58:24.628000+00:00,j8,3.258974332984525,0.5518410084232234,7.461555193905047,0.10568393584644838,3.153290397138077,Normal
b0f4ef1f-861d-4ce4-9500-bb53eff77c24,40136,2022-10-18 10:58:26.628000+00:00,j1,12.422266906195537,0.5261598991158373,5.409816457516551,0.7209396313845605,11.701327274810977,Normal
b0f4ef1f-861d-4ce4-9500-bb53eff77c24,40136,2022-10-18 10:58:26.628000+00:00,j2,34.31292602656093,0.6635231647019714,4.462225280296292,3.7029393302703366,30.609986696290594,Normal
b0f4ef1f-861d-4ce4-9500-bb53eff77c24,40136,2022-10-18 10:58:26.628000+00:00,j3,26.892147671087656,0.6424988142814875,4.73055265682879,2.6867543313509974,24.20539333973666,Normal
b0f4ef1f-861d-4ce4-9500-bb53eff77c24,40136,2022-10-18 10:58:26.628000+00:00,j4,9.133427565539996,0.5829983828689606,5.405632833521454,0.6361006370782554,8.49732692846174,Normal
b0f4ef1f-861d-4ce4-9500-bb53eff77c24,40136,2022-10-18 10:58:26.628000+00:00,j5,10.782212455874689,0.5196056653286284,4.679497878899883,0.9579420478254465,9.824270408049243,Normal
b0f4ef1f-861d-4ce4-9500-bb53eff77c24,40136,2022-10-18 10:58:26.628000+00:00,j6,11.329758569309622,0.541279978582897,5.910481442457601,0.6187935267015034,10.710965042608118,Normal
b0f4ef1f-861d-4ce4-9500-bb53eff77c24,40136,2022-10-18 10:58:26.628000+00:00,j7,11.20190929910192,1.3815054485059988,4.76824951303025,0.8927477112017123,10.309161587900208,Normal
b0f4ef1f-861d-4ce4-9500-bb53eff77c24,40136,2022-10-18 10:58:26.628000+00:00,j8,3.2589745029843,0.5518410372092271,7.461555595729311,0.10568410584622329,3.1532903971380764,Normal
b0f4ef1f-861d-4ce4-9500-bb53eff77c24,40137,2022-10-18 10:58:34.628000+00:00,j1,12.422265964812684,0.5261598592424461,5.409816022112968,0.720938690001707,11.701327274810977,Normal
b0f4ef1f-861d-4ce4-9500-bb53eff77c24,40137,2022-10-18 10:58:34.628000+00:00,j2,34.31294358018827,0.6635235041436837,4.462227831741966,3.702956883897676,30.60998669629059,Normal
b0f4ef1f-861d-4ce4-9500-bb53eff77c24,40137,2022-10-18 10:58:34.628000+00:00,j3,26.892143049338888,0.6424987038601058,4.730551752701899,2.6867497096022293,24.20539333973666,Normal
b0f4ef1f-861d-4ce4-9500-bb53eff77c24,40137,2022-10-18 10:58:34.628000+00:00,j4,9.133430677567564,0.5829985815136671,5.405634809566549,0.6361037491058271,8.497326928461737,Normal
b0f4ef1f-861d-4ce4-9500-bb53eff77c24,40137,2022-10-18 10:58:34.628000+00:00,j5,10.782213126368918,0.5196056976404199,4.679498198158614,0.9579427183196774,9.824270408049241,Normal
b0f4ef1f-861d-4ce4-9500-bb53eff77c24,40137,2022-10-18 10:58:34.628000+00:00,j6,11.329762364873998,0.5412801599162407,5.910483533130457,0.6187973222658809,10.710965042608118,Normal
b0f4ef1f-861d-4ce4-9500-bb53eff77c24,40137,2022-10-18 10:58:34.628000+00:00,j7,11.201913728850844,1.3815059948166417,4.768251557419605,0.8927521409506356,10.309161587900208,Normal
b0f4ef1f-861d-4ce4-9500-bb53eff77c24,40137,2022-10-18 10:58:34.628000+00:00,j8,3.2589751829834,0.5518411523532419,7.461557203026368,0.10568478584532297,3.153290397138077,Normal
b0f4ef1f-861d-4ce4-9500-bb53eff77c24,40138,2022-10-18 10:58:36.628000+00:00,j1,12.422265729466968,0.5261598492740982,5.4098159132620705,0.7209384546559936,11.701327274810975,Normal
b0f4ef1f-861d-4ce4-9500-bb53eff77c24,40138,2022-10-18 10:58:36.628000+00:00,j2,34.312947968595104,0.6635235890041118,4.462228469603385,3.7029612723045107,30.609986696290594,Normal
b0f4ef1f-861d-4ce4-9500-bb53eff77c24,40138,2022-10-18 10:58:36.628000+00:00,j3,26.89214189390169,0.6424986762547602,4.730551526670176,2.686748554165037,24.205393339736652,Normal
b0f4ef1f-861d-4ce4-9500-bb53eff77c24,40138,2022-10-18 10:58:36.628000+00:00,j4,9.133431455574458,0.582998631174844,5.4056353035778235,0.63610452711272,8.497326928461739,Normal
b0f4ef1f-861d-4ce4-9500-bb53eff77c24,40138,2022-10-18 10:58:36.628000+00:00,j5,10.782213293992475,0.5196057057183677,4.6794982779732965,0.9579428859432351,9.824270408049241,Normal
b0f4ef1f-861d-4ce4-9500-bb53eff77c24,40138,2022-10-18 10:58:36.628000+00:00,j6,11.329763313765094,0.5412802052495767,5.910484055798673,0.6187982711569753,10.710965042608118,Normal
b0f4ef1f-861d-4ce4-9500-bb53eff77c24,40138,2022-10-18 10:58:36.628000+00:00,j7,11.201914836288074,1.3815061313943025,4.768252068516943,0.8927532483878664,10.309161587900208,Normal
b0f4ef1f-861d-4ce4-9500-bb53eff77c24,40138,2022-10-18 10:58:36.628000+00:00,j8,3.258975352983174,0.5518411811392455,7.461557604850631,0.10568495584509789,3.1532903971380764,Normal
b0f4ef1f-861d-4ce4-9500-bb53eff77c24,40139,2022-10-18 10:58:38.628000+00:00,j1,12.422265494121255,0.5261598393057505,5.409815804411174,0.7209382193102802,11.701327274810975,Normal
b0f4ef1f-861d-4ce4-9500-bb53eff77c24,40139,2022-10-18 10:58:38.628000+00:00,j2,34.31295235700194,0.6635236738645398,4.462229107464804,3.702965660711346,30.609986696290594,Normal
b0f4ef1f-861d-4ce4-9500-bb53eff77c24,40139,2022-10-18 10:58:38.628000+00:00,j3,26.892140738464505,0.642498648649415,4.730551300638454,2.686747398727845,24.20539333973666,Normal
b0f4ef1f-861d-4ce4-9500-bb53eff77c24,40139,2022-10-18 10:58:38.628000+00:00,j4,9.133432233581352,0.5829986808360208,5.4056357975891,0.636105305119613,8.497326928461739,Normal
b0f4ef1f-861d-4ce4-9500-bb53eff77c24,40139,2022-10-18 10:58:38.628000+00:00,j5,10.782213461616031,0.5196057137963155,4.6794983577879785,0.9579430535667928,9.82427040804924,Normal
b0f4ef1f-861d-4ce4-9500-bb53eff77c24,40139,2022-10-18 10:58:38.628000+00:00,j6,11.329764262656187,0.5412802505829125,5.910484578466886,0.6187992200480698,10.710965042608118,Normal
b0f4ef1f-861d-4ce4-9500-bb53eff77c24,40139,2022-10-18 10:58:38.628000+00:00,j7,11.201915943725306,1.3815062679719634,4.768252579614282,0.8927543558250973,10.309161587900208,Normal
b0f4ef1f-861d-4ce4-9500-bb53eff77c24,40139,2022-10-18 10:58:38.628000+00:00,j8,3.25897552298295,0.5518412099252494,7.461558006674896,0.1056851258448728,3.153290397138077,Normal
b0f4ef1f-861d-4ce4-9500-bb53eff77c24,40140,2022-10-18 10:58:40.628000+00:00,j1,12.42226525877554,0.5261598293374027,5.409815695560278,0.7209379839645668,11.701327274810975,Normal
b0f4ef1f-861d-4ce4-9500-bb53eff77c24,40140,2022-10-18 10:58:40.628000+00:00,j2,34.312956745408776,0.6635237587249679,4.462229745326223,3.7029700491181807,30.609986696290594,Normal
b0f4ef1f-861d-4ce4-9500-bb53eff77c24,40140,2022-10-18 10:58:40.628000+00:00,j3,26.892139583027312,0.6424986210440695,4.730551074606732,2.686746243290653,24.20539333973666,Normal
b0f4ef1f-861d-4ce4-9500-bb53eff77c24,40140,2022-10-18 10:58:40.628000+00:00,j4,9.133433011588243,0.5829987304971974,5.405636291600372,0.636106083126506,8.497326928461737,Normal
b0f4ef1f-861d-4ce4-9500-bb53eff77c24,40140,2022-10-18 10:58:40.628000+00:00,j5,10.78221362923959,0.5196057218742635,4.679498437602662,0.9579432211903505,9.824270408049241,Normal
b0f4ef1f-861d-4ce4-9500-bb53eff77c24,40140,2022-10-18 10:58:40.628000+00:00,j6,11.32976521154728,0.5412802959162484,5.910485101135099,0.6188001689391641,10.710965042608116,Normal
b0f4ef1f-861d-4ce4-9500-bb53eff77c24,40140,2022-10-18 10:58:40.628000+00:00,j7,11.201917051162535,1.381506404549624,4.76825309071162,0.8927554632623281,10.309161587900208,Normal
b0f4ef1f-861d-4ce4-9500-bb53eff77c24,40140,2022-10-18 10:58:40.628000+00:00,j8,3.2589756929827245,0.551841238711253,7.46155840849916,0.10568529584464773,3.153290397138077,Normal
b0f4ef1f-861d-4ce4-9500-bb53eff77c24,40141,2022-10-18 10:58:42.628000+00:00,j1,0.7209377486188534,0.030536176363503083,-0.002222470964960196,0.7209377486188534,0.0,Normal
b0f4ef1f-861d-4ce4-9500-bb53eff77c24,40141,2022-10-18 10:58:42.628000+00:00,j2,3.702974437525016,0.07160593986345498,0.013023581206307066,3.7029744375250155,4.440892098500626e-16,Normal
b0f4ef1f-861d-4ce4-9500-bb53eff77c24,40141,2022-10-18 10:58:42.628000+00:00,j3,2.6867450878534607,0.06419087662077537,-0.004615018888013355,2.6867450878534607,0.0,Normal
b0f4ef1f-861d-4ce4-9500-bb53eff77c24,40141,2022-10-18 10:58:42.628000+00:00,j4,0.6361068611333989,0.040603515899312465,0.010086510582266575,0.6361068611333989,0.0,Normal
b0f4ef1f-861d-4ce4-9500-bb53eff77c24,40141,2022-10-18 10:58:42.628000+00:00,j5,0.9579433888139084,0.04616425561347673,0.0016296220041908057,0.9579433888139083,1.1102230246251565e-16,Normal
b0f4ef1f-861d-4ce4-9500-bb53eff77c24,40141,2022-10-18 10:58:42.628000+00:00,j6,0.6188011178302585,0.02956326507376272,0.010671615701939127,0.6188011178302585,0.0,Normal
b0f4ef1f-861d-4ce4-9500-bb53eff77c24,40141,2022-10-18 10:58:42.628000+00:00,j7,0.8927565706995589,0.11010159372651335,0.010435366522377297,0.8927565706995589,0.0,Normal
b0f4ef1f-861d-4ce4-9500-bb53eff77c24,40141,2022-10-18 10:58:42.628000+00:00,j8,0.1056854658444226,0.01789568376068006,0.00820427569505533,0.10568546584442265,-5.551115123125783e-17,Normal
b0f4ef1f-861d-4ce4-9500-bb53eff77c24,40142,2022-10-18 10:58:44.628000+00:00,j1,0.8623778822533765,0.03652704155791898,0.06319569640485638,0.72093751327314,0.14144036898023649,Normal
b0f4ef1f-861d-4ce4-9500-bb53eff77c24,40142,2022-10-18 10:58:44.628000+00:00,j2,2.8267389341976124,0.05466181350879866,-0.11433854410994666,3.7029788259318503,-0.876239891734238,Normal
b0f4ef1f-861d-4ce4-9500-bb53eff77c24,40142,2022-10-18 10:58:44.628000+00:00,j3,8.976948794821565,0.21447446396181452,1.2259023899626866,2.686743932416269,6.290204862405297,Normal
b0f4ef1f-861d-4ce4-9500-bb53eff77c24,40142,2022-10-18 10:58:44.628000+00:00,j4,2.611688648508536,0.16670743241917596,1.2645222814964743,0.6361076391402919,1.9755810093682444,Normal
b0f4ef1f-861d-4ce4-9500-bb53eff77c24,40142,2022-10-18 10:58:44.628000+00:00,j5,9.168678564858434,0.4418478438793776,3.9112067298395177,0.957943556437466,8.210735008420968,Normal
b0f4ef1f-861d-4ce4-9500-bb53eff77c24,40142,2022-10-18 10:58:44.628000+00:00,j6,1.1730922491915907,0.05604456119993726,0.315986269270788,0.6188020667213529,0.5542901824702379,Normal
b0f4ef1f-861d-4ce4-9500-bb53eff77c24,40142,2022-10-18 10:58:44.628000+00:00,j7,0.1197029633467416,0.014762688364125164,-0.34633938364103156,0.8927576781367899,-0.7730547147900483,Normal
b0f4ef1f-861d-4ce4-9500-bb53eff77c24,40142,2022-10-18 10:58:44.628000+00:00,j8,0.0780785001478577,0.013221005707740006,-0.05704962643478767,0.10568563584419756,-0.027607135696339866,Normal
b0f4ef1f-861d-4ce4-9500-bb53eff77c24,40143,2022-10-18 10:58:46.628000+00:00,j1,7.202936462850501,0.3050889464257941,2.995798429342226,0.7209372779274267,6.481999184923074,Normal
b0f4ef1f-861d-4ce4-9500-bb53eff77c24,40143,2022-10-18 10:58:46.628000+00:00,j2,11.739966014349138,0.22702055188486847,1.1812121840261134,3.702983214338685,8.036982800010453,Normal
b0f4ef1f-861d-4ce4-9500-bb53eff77c24,40143,2022-10-18 10:58:46.628000+00:00,j3,2.7644100437116763,0.06604642355069856,0.010578142525072196,2.686742776979077,0.0776672667325995,Normal
b0f4ef1f-861d-4ce4-9500-bb53eff77c24,40143,2022-10-18 10:58:46.628000+00:00,j4,0.075105751130776,0.004794096316984611,-0.34613253557774715,0.6361084171471848,-0.5610026660164088,Normal
b0f4ef1f-861d-4ce4-9500-bb53eff77c24,40143,2022-10-18 10:58:46.628000+00:00,j5,4.2216532089764325,0.20344571519194635,1.5556591852462585,0.9579437240610237,3.2637094849154087,Normal
b0f4ef1f-861d-4ce4-9500-bb53eff77c24,40143,2022-10-18 10:58:46.628000+00:00,j6,0.1053081687418011,0.005031104852981838,-0.27217058218051066,0.6188030156124472,-0.5134948468706462,Normal
b0f4ef1f-861d-4ce4-9500-bb53eff77c24,40143,2022-10-18 10:58:46.628000+00:00,j7,8.149960475412115,1.0051156906611491,3.359733636864769,0.8927587855740207,7.257201689838094,Normal
b0f4ef1f-861d-4ce4-9500-bb53eff77c24,40143,2022-10-18 10:58:46.628000+00:00,j8,0.0797722929249086,0.013507815058978976,-0.0530460503331349,0.10568580584397248,-0.02591351291906388,Normal
b0f4ef1f-861d-4ce4-9500-bb53eff77c24,40144,2022-10-18 10:58:48.628000+00:00,j1,7.252866114272871,0.307203776235334,3.018891636408229,0.7209370425817132,6.531929071691158,Normal
b0f4ef1f-861d-4ce4-9500-bb53eff77c24,40144,2022-10-18 10:58:48.628000+00:00,j2,42.6738340009914,0.8252014813422289,5.677495610194342,3.70298760274552,38.970846398245875,Normal
b0f4ef1f-861d-4ce4-9500-bb53eff77c24,40144,2022-10-18 10:58:48.628000+00:00,j3,12.371319568966866,0.29557171302849294,1.8899241807121416,2.6867416215418847,9.684577947424982,Normal
b0f4ef1f-861d-4ce4-9500-bb53eff77c24,40144,2022-10-18 10:58:48.628000+00:00,j4,13.17982959598964,0.8412854085514537,7.974977966653142,0.6361091951540777,12.543720400835563,Normal
b0f4ef1f-861d-4ce4-9500-bb53eff77c24,40144,2022-10-18 10:58:48.628000+00:00,j5,2.2211721562610807,0.10704052074531635,0.60312146960141,0.9579438916845814,1.2632282645764992,Normal
b0f4ef1f-861d-4ce4-9500-bb53eff77c24,40144,2022-10-18 10:58:48.628000+00:00,j6,0.1604563234501003,0.007665811657790074,-0.24179387435122812,0.6188039645035416,-0.4583476410534413,Normal
b0f4ef1f-861d-4ce4-9500-bb53eff77c24,40144,2022-10-18 10:58:48.628000+00:00,j7,0.0350926278929643,0.004327892267473595,-0.3853882038077635,0.8927598930112515,-0.8576672651182872,Normal
b0f4ef1f-861d-4ce4-9500-bb53eff77c24,40144,2022-10-18 10:58:48.628000+00:00,j8,0.0809607040262991,0.013709048304044794,-0.050237032400758386,0.1056859758437474,-0.02472527181744831,Normal
b0f4ef1f-861d-4ce4-9500-bb53eff77c24,40145,2022-10-18 10:58:50.628000+00:00,j1,0.3306926347863037,0.014006880118694907,-0.18271664553861625,0.7209368072359998,-0.39024417244969617,Normal
b0f4ef1f-861d-4ce4-9500-bb53eff77c24,40145,2022-10-18 10:58:50.628000+00:00,j2,1.9155836393420744,0.0370424287816111,-0.24677631272955317,3.702991991152355,-1.7874083518102803,Normal
b0f4ef1f-861d-4ce4-9500-bb53eff77c24,40145,2022-10-18 10:58:50.628000+00:00,j3,5.994187429334665,0.14321125865559237,0.6424014482343574,2.6867404661046925,3.3074469632299723,Normal
b0f4ef1f-861d-4ce4-9500-bb53eff77c24,40145,2022-10-18 10:58:50.628000+00:00,j4,1.8535169222111696,0.11831235979211234,0.7831057488876952,0.6361099731609707,1.2174069490501989,Normal
b0f4ef1f-861d-4ce4-9500-bb53eff77c24,40145,2022-10-18 10:58:50.628000+00:00,j5,2.9141147765621715,0.1404341227291035,0.9330690988072117,0.9579440593081391,1.9561707172540324,Normal
b0f4ef1f-861d-4ce4-9500-bb53eff77c24,40145,2022-10-18 10:58:50.628000+00:00,j6,2.786925981862102,0.13314557645215194,1.2049182025634744,0.618804913394636,2.168121068467466,Normal
b0f4ef1f-861d-4ce4-9500-bb53eff77c24,40145,2022-10-18 10:58:50.628000+00:00,j7,0.3281473855048568,0.04046965467077144,-0.25013944882269923,0.8927610004484823,-0.5646136149436255,Normal
b0f4ef1f-861d-4ce4-9500-bb53eff77c24,40145,2022-10-18 10:58:50.628000+00:00,j8,0.07714257885475,0.013062526475496305,-0.05926184045109606,0.10568614584352232,-0.02854356698877232,Normal
b0f4ef1f-861d-4ce4-9500-bb53eff77c24,40146,2022-10-18 10:58:52.628000+00:00,j1,1.8087028782959609,0.0766097630296519,0.5008850946439739,0.7209365718902865,1.0877663064056744,Normal
b0f4ef1f-861d-4ce4-9500-bb53eff77c24,40146,2022-10-18 10:58:52.628000+00:00,j2,18.549739550836488,0.35870394386188,2.171022831090642,3.7029963795591896,14.846743171277298,Normal
b0f4ef1f-861d-4ce4-9500-bb53eff77c24,40146,2022-10-18 10:58:52.628000+00:00,j3,13.64264104065477,0.32594572956746415,2.138625697552475,2.6867393106675004,10.95590172998727,Normal
b0f4ef1f-861d-4ce4-9500-bb53eff77c24,40146,2022-10-18 10:58:52.628000+00:00,j4,0.1040495303091489,0.0066416148234840966,-0.32775409527281113,0.6361107511678636,-0.5320612208587148,Normal
b0f4ef1f-861d-4ce4-9500-bb53eff77c24,40146,2022-10-18 10:58:52.628000+00:00,j5,0.9541477743598205,0.04598134113448474,-0.00017767625372472966,0.9579442269316969,-0.003796452571876441,Normal
b0f4ef1f-861d-4ce4-9500-bb53eff77c24,40146,2022-10-18 10:58:52.628000+00:00,j6,0.8747268905713017,0.04179013610024077,0.15164065565728868,0.6188058622857304,0.2559210282855713,Normal
b0f4ef1f-861d-4ce4-9500-bb53eff77c24,40146,2022-10-18 10:58:52.628000+00:00,j7,7.993649017049853,0.9858381616591337,3.287593773633496,0.8927621078857132,7.10088690916414,Normal
b0f4ef1f-861d-4ce4-9500-bb53eff77c24,40146,2022-10-18 10:58:52.628000+00:00,j8,0.038184316811366,0.0064657372971203796,-0.15134652105198068,0.10568631584329724,-0.06750199903193124,Normal
b0f4ef1f-861d-4ce4-9500-bb53eff77c24,40147,2022-10-18 10:58:54.628000+00:00,j1,0.2094943665933729,0.00887338322582088,-0.23877264880897683,0.7209363365445731,-0.5114419699512003,Normal
b0f4ef1f-861d-4ce4-9500-bb53eff77c24,40147,2022-10-18 10:58:54.628000+00:00,j2,12.197325599676615,0.23586470231460333,1.247690075643001,3.7030007679660244,8.49432483171059,Normal
b0f4ef1f-861d-4ce4-9500-bb53eff77c24,40147,2022-10-18 10:58:54.628000+00:00,j3,7.084941113853072,0.16927120587690314,0.8557794976735358,2.6867381552303082,4.398202958622763,Normal
b0f4ef1f-861d-4ce4-9500-bb53eff77c24,40147,2022-10-18 10:58:54.628000+00:00,j4,0.8905526369812693,0.05684511575683278,0.17165202258553033,0.6361115291747566,0.25444110780651275,Normal
b0f4ef1f-861d-4ce4-9500-bb53eff77c24,40147,2022-10-18 10:58:54.628000+00:00,j5,0.5115384501188679,0.02465155252717818,-0.21092802255834264,0.9579443945552546,-0.4464059444363867,Normal
b0f4ef1f-861d-4ce4-9500-bb53eff77c24,40147,2022-10-18 10:58:54.628000+00:00,j6,0.537122441000575,0.025661060788067656,-0.034318634924965334,0.6188068111768248,-0.08168437017624974,Normal
b0f4ef1f-861d-4ce4-9500-bb53eff77c24,40147,2022-10-18 10:58:54.628000+00:00,j7,0.381307670404668,0.04702578910038232,-0.22560525457879388,0.892763215322944,-0.511455544918276,Normal
b0f4ef1f-861d-4ce4-9500-bb53eff77c24,40147,2022-10-18 10:58:54.628000+00:00,j8,0.0596709452759905,0.0101040607412559,-0.10055910868868115,0.10568648584307216,-0.04601554056708167,Normal
b0f4ef1f-861d-4ce4-9500-bb53eff77c24,40148,2022-10-18 10:58:56.628000+00:00,j1,0.3657768200369146,0.015492912540266529,-0.16648968757568974,0.7209361011988598,-0.3551592811619452,Normal
b0f4ef1f-861d-4ce4-9500-bb53eff77c24,40148,2022-10-18 10:58:56.628000+00:00,j2,18.924530936420084,0.3659514390499314,2.225499312854831,3.7030051563728597,15.221525780047223,Normal
b0f4ef1f-861d-4ce4-9500-bb53eff77c24,40148,2022-10-18 10:58:56.628000+00:00,j3,7.391017702931606,0.17658389238924546,0.9156555507949246,2.6867369997931165,4.7042807031384895,Normal
b0f4ef1f-861d-4ce4-9500-bb53eff77c24,40148,2022-10-18 10:58:56.628000+00:00,j4,0.0505812576647774,0.0032286664793076477,-0.3617048606841532,0.6361123071816496,-0.5855310495168722,Normal
b0f4ef1f-861d-4ce4-9500-bb53eff77c24,40148,2022-10-18 10:58:56.628000+00:00,j5,1.034157257989076,0.049837078641412465,0.037919185829866954,0.9579445621788123,0.0762126958102638,Normal
b0f4ef1f-861d-4ce4-9500-bb53eff77c24,40148,2022-10-18 10:58:56.628000+00:00,j6,0.4047603317159844,0.019337452103869897,-0.10722633496810927,0.6188077600679192,-0.21404742835193474,Normal
b0f4ef1f-861d-4ce4-9500-bb53eff77c24,40148,2022-10-18 10:58:56.628000+00:00,j7,8.110842420614086,1.0002913518457326,3.3416801227297834,0.8927643227601748,7.218078097853911,Normal
b0f4ef1f-861d-4ce4-9500-bb53eff77c24,40148,2022-10-18 10:58:56.628000+00:00,j8,0.0593642395407025,0.010052126364069347,-0.10128406145071667,0.10568665584284707,-0.04632241630214457,Normal
b0f4ef1f-861d-4ce4-9500-bb53eff77c24,40149,2022-10-18 10:58:58.628000+00:00,j1,2.25768564110234,0.09562696230308988,0.7085463062723915,0.7209358658531463,1.5367497752491937,Normal
b0f4ef1f-861d-4ce4-9500-bb53eff77c24,40149,2022-10-18 10:58:58.628000+00:00,j2,2.0537452636415394,0.03971411694147783,-0.2266943164613071,3.7030095447796945,-1.649264281138155,Normal
b0f4ef1f-861d-4ce4-9500-bb53eff77c24,40149,2022-10-18 10:58:58.628000+00:00,j3,2.276028015781603,0.054378152288049736,-0.08496130508805284,2.6867358443559244,-0.41070782857432153,Normal
b0f4ef1f-861d-4ce4-9500-bb53eff77c24,40149,2022-10-18 10:58:58.628000+00:00,j4,2.2913689847151546,0.14626101789925858,1.0611288067451656,0.6361130851885425,1.6552558995266122,Normal
b0f4ef1f-861d-4ce4-9500-bb53eff77c24,40149,2022-10-18 10:58:58.628000+00:00,j5,0.8451307362065686,0.040727700392976865,-0.052086611031144765,0.95794472980237,-0.11281399359580135,Normal
b0f4ef1f-861d-4ce4-9500-bb53eff77c24,40149,2022-10-18 10:58:58.628000+00:00,j6,0.1273683617161043,0.006085032057839569,-0.26001938618524095,0.6188087089590135,-0.4914403472429092,Normal
b0f4ef1f-861d-4ce4-9500-bb53eff77c24,40149,2022-10-18 10:58:58.628000+00:00,j7,7.747419386716457,0.955471233414457,3.1739554515178443,0.8927654301974057,6.854653956519051,Normal
b0f4ef1f-861d-4ce4-9500-bb53eff77c24,40149,2022-10-18 10:58:58.628000+00:00,j8,0.0596276843711397,0.010096735387043521,-0.10066136341968672,0.105686825842622,-0.046059141471482296,Normal
b0f4ef1f-861d-4ce4-9500-bb53eff77c24,40150,2022-10-18 10:59:00.628000+00:00,j1,0.4045858749631478,0.017136716250085678,-0.14853992193711255,0.7209356305074329,-0.3163497555442851,Normal
b0f4ef1f-861d-4ce4-9500-bb53eff77c24,40150,2022-10-18 10:59:00.628000+00:00,j2,10.661866633280791,0.206172900692546,1.024508845764211,3.7030139331865293,6.958852700094262,Normal
b0f4ef1f-861d-4ce4-9500-bb53eff77c24,40150,2022-10-18 10:59:00.628000+00:00,j3,2.8480087740002245,0.06804373837072601,0.02693209507893253,2.6867346889187322,0.1612740850814922,Normal
b0f4ef1f-861d-4ce4-9500-bb53eff77c24,40150,2022-10-18 10:59:00.628000+00:00,j4,1.235803321384174,0.07888290926282364,0.39087595510773093,0.6361138631954354,0.5996894581887385,Normal
b0f4ef1f-861d-4ce4-9500-bb53eff77c24,40150,2022-10-18 10:59:00.628000+00:00,j5,3.068000258774016,0.14785001892817498,1.0063423375104794,0.9579448974259277,2.1100553613480884,Normal
b0f4ef1f-861d-4ce4-9500-bb53eff77c24,40150,2022-10-18 10:59:00.628000+00:00,j6,1.443718710506412,0.0689737586129566,0.46505274284031656,0.6188096578501079,0.8249090526563041,Normal
b0f4ef1f-861d-4ce4-9500-bb53eff77c24,40150,2022-10-18 10:59:00.628000+00:00,j7,0.3199439661053603,0.039457946015203874,-0.25392543840854853,0.8927665376346365,-0.5728225715292763,Normal
b0f4ef1f-861d-4ce4-9500-bb53eff77c24,40150,2022-10-18 10:59:00.628000+00:00,j8,0.0585914201936586,0.009921265128531134,-0.10311075543042943,0.10568699584239692,-0.04709557564873832,Normal
b0f4ef1f-861d-4ce4-9500-bb53eff77c24,40151,2022-10-18 10:59:02.628000+00:00,j1,0.316267888709472,0.013395902831065384,-0.18938830533469378,0.7209353951617196,-0.4046675064522476,Normal
b0f4ef1f-861d-4ce4-9500-bb53eff77c24,40151,2022-10-18 10:59:02.628000+00:00,j2,11.163910770739069,0.21588113468717904,1.0974817030684878,3.703018321593364,7.460892449145705,Normal
b0f4ef1f-861d-4ce4-9500-bb53eff77c24,40151,2022-10-18 10:59:02.628000+00:00,j3,6.655660096344628,0.15901495754314668,0.7718016505414763,2.68673353348154,3.9689265628630883,Normal
b0f4ef1f-861d-4ce4-9500-bb53eff77c24,40151,2022-10-18 10:59:02.628000+00:00,j4,2.4373054797581,0.15557633134550597,1.1537941475746882,0.6361146412023284,1.8011908385557718,Normal
b0f4ef1f-861d-4ce4-9500-bb53eff77c24,40151,2022-10-18 10:59:02.628000+00:00,j5,1.6832579434971606,0.08111789368182952,0.3469912879415748,0.9579450650494854,0.7253128784476752,Normal
b0f4ef1f-861d-4ce4-9500-bb53eff77c24,40151,2022-10-18 10:59:02.628000+00:00,j6,0.8416534764011883,0.040210051511134375,0.13342315691274415,0.6188106067412023,0.222842869659986,Normal
b0f4ef1f-861d-4ce4-9500-bb53eff77c24,40151,2022-10-18 10:59:02.628000+00:00,j7,0.3661800739430277,0.04516013777465415,-0.23258684601933588,0.8927676450718673,-0.5265875711288397,Normal
b0f4ef1f-861d-4ce4-9500-bb53eff77c24,40151,2022-10-18 10:59:02.628000+00:00,j8,0.0776191600556314,0.013143225807132062,-0.05813535725185379,0.10568716584217183,-0.028068005786540437,Normal
b0f4ef1f-861d-4ce4-9500-bb53eff77c24,40152,2022-10-18 10:59:04.628000+00:00,j1,2.839639344780432,0.12027630403190402,0.9777085575402714,0.7209351598160062,2.1187041849644257,Normal
b0f4ef1f-861d-4ce4-9500-bb53eff77c24,40152,2022-10-18 10:59:04.628000+00:00,j2,6.904163551908494,0.13350865053117922,0.47832114972402057,3.703022710000199,3.2011408419082947,Normal
b0f4ef1f-861d-4ce4-9500-bb53eff77c24,40152,2022-10-18 10:59:04.628000+00:00,j3,13.298541803846646,0.3177246178009958,2.071311486282086,2.686732378044348,10.6118094258023,Normal
b0f4ef1f-861d-4ce4-9500-bb53eff77c24,40152,2022-10-18 10:59:04.628000+00:00,j4,1.7101018574668154,0.10915799247217374,0.6920414414249674,0.6361154192092213,1.073986438257594,Normal
b0f4ef1f-861d-4ce4-9500-bb53eff77c24,40152,2022-10-18 10:59:04.628000+00:00,j5,2.209966962593839,0.106500531189886,0.5977860681165197,0.9579452326730432,1.2520217299207959,Normal
b0f4ef1f-861d-4ce4-9500-bb53eff77c24,40152,2022-10-18 10:59:04.628000+00:00,j6,1.7570900601084016,0.08394509594229162,0.6376639567472626,0.6188115556322966,1.138278504476105,Normal
b0f4ef1f-861d-4ce4-9500-bb53eff77c24,40152,2022-10-18 10:59:04.628000+00:00,j7,0.6487865587387991,0.08001333896597132,-0.10216011099272641,0.8927687525090983,-0.24398219377029917,Normal
b0f4ef1f-861d-4ce4-9500-bb53eff77c24,40152,2022-10-18 10:59:04.628000+00:00,j8,0.0568963660381104,0.009634242188502923,-0.10711731302124387,0.10568733584194676,-0.048790969803836355,Normal
b0f4ef1f-861d-4ce4-9500-bb53eff77c24,40153,2022-10-18 10:59:06.628000+00:00,j1,5.080360124064085,0.21518469942201102,2.0140752746912316,0.7209349244702928,4.359425199593792,Normal
b0f4ef1f-861d-4ce4-9500-bb53eff77c24,40153,2022-10-18 10:59:06.628000+00:00,j2,6.573676980205965,0.12711789575329108,0.4302844381314419,3.7030270984070337,2.8706498817989314,Normal
b0f4ef1f-861d-4ce4-9500-bb53eff77c24,40153,2022-10-18 10:59:06.628000+00:00,j3,6.726039872284607,0.16069644922406026,0.7855696529082707,2.686731222607156,4.0393086496774515,Normal
b0f4ef1f-861d-4ce4-9500-bb53eff77c24,40153,2022-10-18 10:59:06.628000+00:00,j4,0.3078770275220262,0.01965218510573819,-0.19832968711430576,0.6361161972161142,-0.328239169694088,Normal
b0f4ef1f-861d-4ce4-9500-bb53eff77c24,40153,2022-10-18 10:59:06.628000+00:00,j5,1.5208828134311043,0.0732928728119406,0.26967566665102705,0.9579454002966009,0.5629374131345034,Normal
b0f4ef1f-861d-4ce4-9500-bb53eff77c24,40153,2022-10-18 10:59:06.628000+00:00,j6,0.553681260051162,0.026452159483263057,-0.025197705839337343,0.6188125045233911,-0.06513124447222907,Normal
b0f4ef1f-861d-4ce4-9500-bb53eff77c24,40153,2022-10-18 10:59:06.628000+00:00,j7,3.56226786512145,0.43932621960237306,1.2424511233430964,0.8927698599463291,2.6694980051751207,Normal
b0f4ef1f-861d-4ce4-9500-bb53eff77c24,40153,2022-10-18 10:59:06.628000+00:00,j8,4.065828219415533,0.6884653008675661,9.368695772733805,0.10568750584172168,3.960140713573811,Normal
b0f4ef1f-861d-4ce4-9500-bb53eff77c24,40154,2022-10-18 10:59:08.628000+00:00,j1,2.3252089662169824,0.09848699310089593,0.7397768493311971,0.7209346891245794,1.604274277092403,Normal
b0f4ef1f-861d-4ce4-9500-bb53eff77c24,40154,2022-10-18 10:59:08.628000+00:00,j2,4.183629822278289,0.08090057074907694,0.08288755169644683,3.7030314868138685,0.4805983354644203,Normal
b0f4ef1f-861d-4ce4-9500-bb53eff77c24,40154,2022-10-18 10:59:08.628000+00:00,j3,6.638559894333631,0.15860640484403105,0.768456433558108,2.6867300671699637,3.9518298271636674,Normal
b0f4ef1f-861d-4ce4-9500-bb53eff77c24,40154,2022-10-18 10:59:08.628000+00:00,j4,0.0263347226861179,0.0016809790879861806,-0.37710069040495914,0.6361169752230073,-0.6097822525368893,Normal
b0f4ef1f-861d-4ce4-9500-bb53eff77c24,40154,2022-10-18 10:59:08.628000+00:00,j5,1.7229297162170014,0.0830297163196433,0.3658811743070798,0.9579455679201586,0.7649841482968428,Normal
b0f4ef1f-861d-4ce4-9500-bb53eff77c24,40154,2022-10-18 10:59:08.628000+00:00,j6,0.1022628915838198,0.004885616531693493,-0.2738479818138526,0.6188134534144855,-0.5165505618306656,Normal
b0f4ef1f-861d-4ce4-9500-bb53eff77c24,40154,2022-10-18 10:59:08.628000+00:00,j7,3.213829228037916,0.3963540920169891,1.0816419549874274,0.8927709673835599,2.321058260654356,Normal
b0f4ef1f-861d-4ce4-9500-bb53eff77c24,40154,2022-10-18 10:59:08.628000+00:00,j8,0.2165684176085404,0.03667145603330721,0.27029556677758654,0.10568767584149659,0.11088074176704381,Normal
b0f4ef1f-861d-4ce4-9500-bb53eff77c24,40155,2022-10-18 10:59:10.628000+00:00,j1,0.3280353532014481,0.01389432779461687,-0.1839456778295217,0.720934453778866,-0.3928991005774179,Normal
b0f4ef1f-861d-4ce4-9500-bb53eff77c24,40155,2022-10-18 10:59:10.628000+00:00,j2,4.118682452280326,0.07964465674026407,0.07344735548751632,3.7030358752207033,0.4156465770596225,Normal
b0f4ef1f-861d-4ce4-9500-bb53eff77c24,40155,2022-10-18 10:59:10.628000+00:00,j3,6.904710326279605,0.16496518804860347,0.82052195562059,2.686728911732772,4.217981414546832,Normal
b0f4ef1f-861d-4ce4-9500-bb53eff77c24,40155,2022-10-18 10:59:10.628000+00:00,j4,0.7580917266325522,0.04838996614596632,0.08754327788503147,0.6361177532299002,0.12197397340265204,Normal
b0f4ef1f-861d-4ce4-9500-bb53eff77c24,40155,2022-10-18 10:59:10.628000+00:00,j5,0.7879714291893405,0.03797313588462979,-0.07930326257609706,0.9579457355437163,-0.16997430635437583,Normal
b0f4ef1f-861d-4ce4-9500-bb53eff77c24,40155,2022-10-18 10:59:10.628000+00:00,j6,0.7361650322391559,0.03517033398781143,0.07531800970292432,0.6188144023055798,0.11735062993357603,Normal
b0f4ef1f-861d-4ce4-9500-bb53eff77c24,40155,2022-10-18 10:59:10.628000+00:00,j7,0.6077987911106776,0.07495841281111597,-0.12107652301925341,0.8927720748207908,-0.2849732837101132,Normal
b0f4ef1f-861d-4ce4-9500-bb53eff77c24,40155,2022-10-18 10:59:10.628000+00:00,j8,0.151878845645615,0.02571759295277311,0.11739042522429317,0.10568784584127151,0.04619099980434348,Normal
b0f4ef1f-861d-4ce4-9500-bb53eff77c24,40156,2022-10-18 10:59:12.628000+00:00,j1,0.0,0.0,-0.3356669120189621,0.7209342184331526,-0.7209342184331526,Normal
b0f4ef1f-861d-4ce4-9500-bb53eff77c24,40156,2022-10-18 10:59:12.628000+00:00,j2,0.0,0.0,-0.5252092255722672,3.703040263627538,-3.703040263627538,Normal
b0f4ef1f-861d-4ce4-9500-bb53eff77c24,40156,2022-10-18 10:59:12.628000+00:00,j3,0.0,0.0,-0.5302079500176364,2.68672775629558,-2.68672775629558,Normal
b0f4ef1f-861d-4ce4-9500-bb53eff77c24,40156,2022-10-18 10:59:12.628000+00:00,j4,0.0,0.0,-0.39382245731214677,0.6361185312367931,-0.6361185312367931,Normal
b0f4ef1f-861d-4ce4-9500-bb53eff77c24,40156,2022-10-18 10:59:12.628000+00:00,j5,0.0,0.0,-0.4544992706235773,0.957945903167274,-0.957945903167274,Normal
b0f4ef1f-861d-4ce4-9500-bb53eff77c24,40156,2022-10-18 10:59:12.628000+00:00,j6,0.0,0.0,-0.3301764300792632,0.6188153511966742,-0.6188153511966742,Normal
b0f4ef1f-861d-4ce4-9500-bb53eff77c24,40156,2022-10-18 10:59:12.628000+00:00,j7,0.0,0.0,-0.40158392869670473,0.8927731822580216,-0.8927731822580216,Normal
b0f4ef1f-861d-4ce4-9500-bb53eff77c24,40156,2022-10-18 10:59:12.628000+00:00,j8,0.0,0.0,-0.24160184644668103,0.10568801584104644,-0.10568801584104644,Normal
b0f4ef1f-861d-4ce4-9500-bb53eff77c24,40157,2022-10-18 10:59:14.628000+00:00,j1,0.0,0.0,-0.3356669120189621,0.7209339830874393,-0.7209339830874393,Normal
b0f4ef1f-861d-4ce4-9500-bb53eff77c24,40157,2022-10-18 10:59:14.628000+00:00,j2,0.0,0.0,-0.5252092255722672,3.7030446520343734,-3.7030446520343734,Normal
b0f4ef1f-861d-4ce4-9500-bb53eff77c24,40157,2022-10-18 10:59:14.628000+00:00,j3,0.0,0.0,-0.5302079500176364,2.6867266008583877,-2.6867266008583877,Normal
b0f4ef1f-861d-4ce4-9500-bb53eff77c24,40157,2022-10-18 10:59:14.628000+00:00,j4,0.0,0.0,-0.39382245731214677,0.6361193092436861,-0.6361193092436861,Normal
b0f4ef1f-861d-4ce4-9500-bb53eff77c24,40157,2022-10-18 10:59:14.628000+00:00,j5,0.0,0.0,-0.4544992706235773,0.9579460707908318,-0.9579460707908318,Normal
b0f4ef1f-861d-4ce4-9500-bb53eff77c24,40157,2022-10-18 10:59:14.628000+00:00,j6,0.0,0.0,-0.3301764300792632,0.6188163000877686,-0.6188163000877686,Normal
b0f4ef1f-861d-4ce4-9500-bb53eff77c24,40157,2022-10-18 10:59:14.628000+00:00,j7,0.0,0.0,-0.40158392869670473,0.8927742896952524,-0.8927742896952524,Normal
b0f4ef1f-861d-4ce4-9500-bb53eff77c24,40157,2022-10-18 10:59:14.628000+00:00,j8,0.0,0.0,-0.24160184644668103,0.10568818584082135,-0.10568818584082135,Normal
b0f4ef1f-861d-4ce4-9500-bb53eff77c24,40158,2022-10-18 10:59:16.628000+00:00,j1,0.0,0.0,-0.3356669120189621,0.7209337477417258,-0.7209337477417258,Normal
b0f4ef1f-861d-4ce4-9500-bb53eff77c24,40158,2022-10-18 10:59:16.628000+00:00,j2,0.0,0.0,-0.5252092255722672,3.703049040441208,-3.703049040441208,Normal
b0f4ef1f-861d-4ce4-9500-bb53eff77c24,40158,2022-10-18 10:59:16.628000+00:00,j3,0.0,0.0,-0.5302079500176364,2.6867254454211955,-2.6867254454211955,Normal
b0f4ef1f-861d-4ce4-9500-bb53eff77c24,40158,2022-10-18 10:59:16.628000+00:00,j4,0.0,0.0,-0.39382245731214677,0.636120087250579,-0.636120087250579,Normal
b0f4ef1f-861d-4ce4-9500-bb53eff77c24,40158,2022-10-18 10:59:16.628000+00:00,j5,0.0,0.0,-0.4544992706235773,0.9579462384143895,-0.9579462384143895,Normal
b0f4ef1f-861d-4ce4-9500-bb53eff77c24,40158,2022-10-18 10:59:16.628000+00:00,j6,0.0,0.0,-0.3301764300792632,0.6188172489788629,-0.6188172489788629,Normal
b0f4ef1f-861d-4ce4-9500-bb53eff77c24,40158,2022-10-18 10:59:16.628000+00:00,j7,0.0,0.0,-0.40158392869670473,0.8927753971324832,-0.8927753971324832,Normal
b0f4ef1f-861d-4ce4-9500-bb53eff77c24,40158,2022-10-18 10:59:16.628000+00:00,j8,0.0,0.0,-0.24160184644668103,0.10568835584059627,-0.10568835584059627,Normal
b0f4ef1f-861d-4ce4-9500-bb53eff77c24,40159,2022-10-18 10:59:18.628000+00:00,j1,0.0,0.0,-0.3356669120189621,0.7209335123960124,-0.7209335123960124,Normal
b0f4ef1f-861d-4ce4-9500-bb53eff77c24,40159,2022-10-18 10:59:18.628000+00:00,j2,0.0,0.0,-0.5252092255722672,3.703053428848043,-3.703053428848043,Normal
b0f4ef1f-861d-4ce4-9500-bb53eff77c24,40159,2022-10-18 10:59:18.628000+00:00,j3,0.0,0.0,-0.5302079500176364,2.6867242899840034,-2.6867242899840034,Normal
b0f4ef1f-861d-4ce4-9500-bb53eff77c24,40159,2022-10-18 10:59:18.628000+00:00,j4,0.0,0.0,-0.39382245731214677,0.6361208652574719,-0.6361208652574719,Normal
b0f4ef1f-861d-4ce4-9500-bb53eff77c24,40159,2022-10-18 10:59:18.628000+00:00,j5,0.0,0.0,-0.4544992706235773,0.9579464060379472,-0.9579464060379472,Normal
b0f4ef1f-861d-4ce4-9500-bb53eff77c24,40159,2022-10-18 10:59:18.628000+00:00,j6,0.0,0.0,-0.3301764300792632,0.6188181978699573,-0.6188181978699573,Normal
b0f4ef1f-861d-4ce4-9500-bb53eff77c24,40159,2022-10-18 10:59:18.628000+00:00,j7,0.0,0.0,-0.40158392869670473,0.8927765045697141,-0.8927765045697141,Normal
b0f4ef1f-861d-4ce4-9500-bb53eff77c24,40159,2022-10-18 10:59:18.628000+00:00,j8,0.0,0.0,-0.24160184644668103,0.1056885258403712,-0.1056885258403712,Normal
b0f4ef1f-861d-4ce4-9500-bb53eff77c24,40160,2022-10-18 10:59:20.628000+00:00,j1,0.0,0.0,-0.3356669120189621,0.7209332770502991,-0.7209332770502991,Normal
b0f4ef1f-861d-4ce4-9500-bb53eff77c24,40160,2022-10-18 10:59:20.628000+00:00,j2,0.0,0.0,-0.5252092255722672,3.703057817254878,-3.703057817254878,Normal
b0f4ef1f-861d-4ce4-9500-bb53eff77c24,40160,2022-10-18 10:59:20.628000+00:00,j3,0.0,0.0,-0.5302079500176364,2.686723134546811,-2.686723134546811,Normal
b0f4ef1f-861d-4ce4-9500-bb53eff77c24,40160,2022-10-18 10:59:20.628000+00:00,j4,0.0,0.0,-0.39382245731214677,0.6361216432643649,-0.6361216432643649,Normal
b0f4ef1f-861d-4ce4-9500-bb53eff77c24,40160,2022-10-18 10:59:20.628000+00:00,j5,0.0,0.0,-0.4544992706235773,0.9579465736615049,-0.9579465736615049,Normal
b0f4ef1f-861d-4ce4-9500-bb53eff77c24,40160,2022-10-18 10:59:20.628000+00:00,j6,0.0,0.0,-0.3301764300792632,0.6188191467610518,-0.6188191467610518,Normal
b0f4ef1f-861d-4ce4-9500-bb53eff77c24,40160,2022-10-18 10:59:20.628000+00:00,j7,0.0,0.0,-0.40158392869670473,0.8927776120069449,-0.8927776120069449,Normal
b0f4ef1f-861d-4ce4-9500-bb53eff77c24,40160,2022-10-18 10:59:20.628000+00:00,j8,0.0,0.0,-0.24160184644668103,0.1056886958401461,-0.1056886958401461,Normal
b0f4ef1f-861d-4ce4-9500-bb53eff77c24,40161,2022-10-18 10:59:22.628000+00:00,j1,0.0,0.0,-0.3356669120189621,0.7209330417045857,-0.7209330417045857,Normal
b0f4ef1f-861d-4ce4-9500-bb53eff77c24,40161,2022-10-18 10:59:22.628000+00:00,j2,0.0,0.0,-0.5252092255722672,3.7030622056617126,-3.7030622056617126,Normal
b0f4ef1f-861d-4ce4-9500-bb53eff77c24,40161,2022-10-18 10:59:22.628000+00:00,j3,0.0,0.0,-0.5302079500176364,2.6867219791096195,-2.6867219791096195,Normal
b0f4ef1f-861d-4ce4-9500-bb53eff77c24,40161,2022-10-18 10:59:22.628000+00:00,j4,0.0,0.0,-0.39382245731214677,0.6361224212712578,-0.6361224212712578,Normal
b0f4ef1f-861d-4ce4-9500-bb53eff77c24,40161,2022-10-18 10:59:22.628000+00:00,j5,0.0,0.0,-0.4544992706235773,0.9579467412850626,-0.9579467412850626,Normal
b0f4ef1f-861d-4ce4-9500-bb53eff77c24,40161,2022-10-18 10:59:22.628000+00:00,j6,0.0,0.0,-0.3301764300792632,0.6188200956521461,-0.6188200956521461,Normal
b0f4ef1f-861d-4ce4-9500-bb53eff77c24,40161,2022-10-18 10:59:22.628000+00:00,j7,0.0,0.0,-0.40158392869670473,0.8927787194441758,-0.8927787194441758,Normal
b0f4ef1f-861d-4ce4-9500-bb53eff77c24,40161,2022-10-18 10:59:22.628000+00:00,j8,0.0,0.0,-0.24160184644668103,0.10568886583992103,-0.10568886583992103,Normal
b0f4ef1f-861d-4ce4-9500-bb53eff77c24,40162,2022-10-18 10:59:24.628000+00:00,j1,0.0,0.0,-0.3356669120189621,0.7209328063588724,-0.7209328063588724,Normal
b0f4ef1f-861d-4ce4-9500-bb53eff77c24,40162,2022-10-18 10:59:24.628000+00:00,j2,0.0,0.0,-0.5252092255722672,3.7030665940685474,-3.7030665940685474,Normal
b0f4ef1f-861d-4ce4-9500-bb53eff77c24,40162,2022-10-18 10:59:24.628000+00:00,j3,0.0,0.0,-0.5302079500176364,2.6867208236724274,-2.6867208236724274,Normal
b0f4ef1f-861d-4ce4-9500-bb53eff77c24,40162,2022-10-18 10:59:24.628000+00:00,j4,0.0,0.0,-0.39382245731214677,0.6361231992781508,-0.6361231992781508,Normal
b0f4ef1f-861d-4ce4-9500-bb53eff77c24,40162,2022-10-18 10:59:24.628000+00:00,j5,0.0,0.0,-0.4544992706235773,0.9579469089086203,-0.9579469089086203,Normal
b0f4ef1f-861d-4ce4-9500-bb53eff77c24,40162,2022-10-18 10:59:24.628000+00:00,j6,0.0,0.0,-0.3301764300792632,0.6188210445432405,-0.6188210445432405,Normal
b0f4ef1f-861d-4ce4-9500-bb53eff77c24,40162,2022-10-18 10:59:24.628000+00:00,j7,0.0,0.0,-0.40158392869670473,0.8927798268814067,-0.8927798268814067,Normal
b0f4ef1f-861d-4ce4-9500-bb53eff77c24,40162,2022-10-18 10:59:24.628000+00:00,j8,0.0,0.0,-0.24160184644668103,0.10568903583969595,-0.10568903583969595,Normal
b0f4ef1f-861d-4ce4-9500-bb53eff77c24,40163,2022-10-18 10:59:26.628000+00:00,j1,0.0,0.0,-0.3356669120189621,0.7209325710131589,-0.7209325710131589,Normal
b0f4ef1f-861d-4ce4-9500-bb53eff77c24,40163,2022-10-18 10:59:26.628000+00:00,j2,0.0,0.0,-0.5252092255722672,3.7030709824753822,-3.7030709824753822,Normal
b0f4ef1f-861d-4ce4-9500-bb53eff77c24,40163,2022-10-18 10:59:26.628000+00:00,j3,0.0,0.0,-0.5302079500176364,2.6867196682352352,-2.6867196682352352,Normal
b0f4ef1f-861d-4ce4-9500-bb53eff77c24,40163,2022-10-18 10:59:26.628000+00:00,j4,0.0,0.0,-0.39382245731214677,0.6361239772850438,-0.6361239772850438,Normal
b0f4ef1f-861d-4ce4-9500-bb53eff77c24,40163,2022-10-18 10:59:26.628000+00:00,j5,0.0,0.0,-0.4544992706235773,0.9579470765321781,-0.9579470765321781,Normal
b0f4ef1f-861d-4ce4-9500-bb53eff77c24,40163,2022-10-18 10:59:26.628000+00:00,j6,0.0,0.0,-0.3301764300792632,0.6188219934343349,-0.6188219934343349,Normal
b0f4ef1f-861d-4ce4-9500-bb53eff77c24,40163,2022-10-18 10:59:26.628000+00:00,j7,0.0,0.0,-0.40158392869670473,0.8927809343186375,-0.8927809343186375,Normal
b0f4ef1f-861d-4ce4-9500-bb53eff77c24,40163,2022-10-18 10:59:26.628000+00:00,j8,0.0,0.0,-0.24160184644668103,0.10568920583947086,-0.10568920583947086,Normal
b0f4ef1f-861d-4ce4-9500-bb53eff77c24,40164,2022-10-18 10:59:28.628000+00:00,j1,0.0,0.0,-0.3356669120189621,0.7209323356674455,-0.7209323356674455,Normal
b0f4ef1f-861d-4ce4-9500-bb53eff77c24,40164,2022-10-18 10:59:28.628000+00:00,j2,0.0,0.0,-0.5252092255722672,3.703075370882217,-3.703075370882217,Normal
b0f4ef1f-861d-4ce4-9500-bb53eff77c24,40164,2022-10-18 10:59:28.628000+00:00,j3,0.0,0.0,-0.5302079500176364,2.686718512798043,-2.686718512798043,Normal
b0f4ef1f-861d-4ce4-9500-bb53eff77c24,40164,2022-10-18 10:59:28.628000+00:00,j4,0.0,0.0,-0.39382245731214677,0.6361247552919367,-0.6361247552919367,Normal
b0f4ef1f-861d-4ce4-9500-bb53eff77c24,40164,2022-10-18 10:59:28.628000+00:00,j5,0.0,0.0,-0.4544992706235773,0.9579472441557358,-0.9579472441557358,Normal
b0f4ef1f-861d-4ce4-9500-bb53eff77c24,40164,2022-10-18 10:59:28.628000+00:00,j6,0.0,0.0,-0.3301764300792632,0.6188229423254292,-0.6188229423254292,Normal
b0f4ef1f-861d-4ce4-9500-bb53eff77c24,40164,2022-10-18 10:59:28.628000+00:00,j7,0.0,0.0,-0.40158392869670473,0.8927820417558683,-0.8927820417558683,Normal
b0f4ef1f-861d-4ce4-9500-bb53eff77c24,40164,2022-10-18 10:59:28.628000+00:00,j8,0.0,0.0,-0.24160184644668103,0.10568937583924579,-0.10568937583924579,Normal
b0f4ef1f-861d-4ce4-9500-bb53eff77c24,40165,2022-10-18 10:59:30.628000+00:00,j1,0.0,0.0,-0.3356669120189621,0.7209321003217322,-0.7209321003217322,Normal
b0f4ef1f-861d-4ce4-9500-bb53eff77c24,40165,2022-10-18 10:59:30.628000+00:00,j2,0.0,0.0,-0.5252092255722672,3.703079759289052,-3.703079759289052,Normal
b0f4ef1f-861d-4ce4-9500-bb53eff77c24,40165,2022-10-18 10:59:30.628000+00:00,j3,0.0,0.0,-0.5302079500176364,2.686717357360851,-2.686717357360851,Normal
b0f4ef1f-861d-4ce4-9500-bb53eff77c24,40165,2022-10-18 10:59:30.628000+00:00,j4,0.0,0.0,-0.39382245731214677,0.6361255332988296,-0.6361255332988296,Normal
b0f4ef1f-861d-4ce4-9500-bb53eff77c24,40165,2022-10-18 10:59:30.628000+00:00,j5,0.0,0.0,-0.4544992706235773,0.9579474117792935,-0.9579474117792935,Normal
b0f4ef1f-861d-4ce4-9500-bb53eff77c24,40165,2022-10-18 10:59:30.628000+00:00,j6,0.0,0.0,-0.3301764300792632,0.6188238912165236,-0.6188238912165236,Normal
b0f4ef1f-861d-4ce4-9500-bb53eff77c24,40165,2022-10-18 10:59:30.628000+00:00,j7,0.0,0.0,-0.40158392869670473,0.8927831491930991,-0.8927831491930991,Normal
b0f4ef1f-861d-4ce4-9500-bb53eff77c24,40165,2022-10-18 10:59:30.628000+00:00,j8,0.0,0.0,-0.24160184644668103,0.10568954583902071,-0.10568954583902071,Normal
b0f4ef1f-861d-4ce4-9500-bb53eff77c24,40166,2022-10-18 10:59:32.628000+00:00,j1,0.0,0.0,-0.3356669120189621,0.7209318649760188,-0.7209318649760188,Normal
b0f4ef1f-861d-4ce4-9500-bb53eff77c24,40166,2022-10-18 10:59:32.628000+00:00,j2,0.0,0.0,-0.5252092255722672,3.703084147695887,-3.703084147695887,Normal
b0f4ef1f-861d-4ce4-9500-bb53eff77c24,40166,2022-10-18 10:59:32.628000+00:00,j3,0.0,0.0,-0.5302079500176364,2.686716201923659,-2.686716201923659,Normal
b0f4ef1f-861d-4ce4-9500-bb53eff77c24,40166,2022-10-18 10:59:32.628000+00:00,j4,0.0,0.0,-0.39382245731214677,0.6361263113057225,-0.6361263113057225,Normal
b0f4ef1f-861d-4ce4-9500-bb53eff77c24,40166,2022-10-18 10:59:32.628000+00:00,j5,0.0,0.0,-0.4544992706235773,0.9579475794028512,-0.9579475794028512,Normal
b0f4ef1f-861d-4ce4-9500-bb53eff77c24,40166,2022-10-18 10:59:32.628000+00:00,j6,0.0,0.0,-0.3301764300792632,0.618824840107618,-0.618824840107618,Normal
b0f4ef1f-861d-4ce4-9500-bb53eff77c24,40166,2022-10-18 10:59:32.628000+00:00,j7,0.0,0.0,-0.40158392869670473,0.89278425663033,-0.89278425663033,Normal
b0f4ef1f-861d-4ce4-9500-bb53eff77c24,40166,2022-10-18 10:59:32.628000+00:00,j8,0.0,0.0,-0.24160184644668103,0.10568971583879562,-0.10568971583879562,Normal
b0f4ef1f-861d-4ce4-9500-bb53eff77c24,40167,2022-10-18 10:59:34.628000+00:00,j1,0.431776680271437,0.018288415169930367,-0.1359637697031642,0.7209316296303054,-0.28915494935886843,Normal
b0f4ef1f-861d-4ce4-9500-bb53eff77c24,40167,2022-10-18 10:59:34.628000+00:00,j2,4.530834552831172,0.0876146114414275,0.1333542723841493,3.703088536102722,0.8277460167284505,Normal
b0f4ef1f-861d-4ce4-9500-bb53eff77c24,40167,2022-10-18 10:59:34.628000+00:00,j3,6.043603869367482,0.14439190084584896,0.6520685103163766,2.686715046486467,3.356888822881015,Normal
b0f4ef1f-861d-4ce4-9500-bb53eff77c24,40167,2022-10-18 10:59:34.628000+00:00,j4,1.901463932648838,0.12137287889602766,0.8135506767493365,0.6361270893126155,1.2653368433362226,Normal
b0f4ef1f-861d-4ce4-9500-bb53eff77c24,40167,2022-10-18 10:59:34.628000+00:00,j5,0.7649617338294759,0.036864275517112424,-0.09025942865726012,0.957947747026409,-0.1929860131969331,Normal
b0f4ef1f-861d-4ce4-9500-bb53eff77c24,40167,2022-10-18 10:59:34.628000+00:00,j6,3.9080994237274433,0.18670971313591928,1.822482983282588,0.6188257889987123,3.289273634728731,Normal
b0f4ef1f-861d-4ce4-9500-bb53eff77c24,40167,2022-10-18 10:59:34.628000+00:00,j7,0.0831793749495131,0.010258319062205628,-0.3631955162579061,0.8927853640675608,-0.8096059891180477,Normal
b0f4ef1f-861d-4ce4-9500-bb53eff77c24,40167,2022-10-18 10:59:34.628000+00:00,j8,0.1211692743128045,0.02051755174931159,0.04480297087577007,0.10568988583857054,0.015479388474233954,Normal
b0f4ef1f-861d-4ce4-9500-bb53eff77c24,40168,2022-10-18 10:59:36.628000+00:00,j1,2.6826940613790384,0.11362869976572954,0.9051190275841882,0.720931394284592,1.9617626670944466,Normal
b0f4ef1f-861d-4ce4-9500-bb53eff77c24,40168,2022-10-18 10:59:36.628000+00:00,j2,16.414284339613904,0.3174097680538211,1.8606312603471833,3.7030929245095567,12.711191415104347,Normal
b0f4ef1f-861d-4ce4-9500-bb53eff77c24,40168,2022-10-18 10:59:36.628000+00:00,j3,3.575463870131115,0.08542386889892563,0.16924007136189514,2.686713891049275,0.8887499790818403,Normal
b0f4ef1f-861d-4ce4-9500-bb53eff77c24,40168,2022-10-18 10:59:36.628000+00:00,j4,9.41556378497134,0.6010074992162374,5.584780954944165,0.6361278673195084,8.779435917651831,Normal
b0f4ef1f-861d-4ce4-9500-bb53eff77c24,40168,2022-10-18 10:59:36.628000+00:00,j5,1.0532497536624967,0.05075716521527389,0.04701016031824517,0.9579479146499668,0.09530183901252998,Normal
b0f4ef1f-861d-4ce4-9500-bb53eff77c24,40168,2022-10-18 10:59:36.628000+00:00,j6,11.61905078402918,0.55510093362176,6.069829386741577,0.6188267378898068,11.000224046139374,Normal
b0f4ef1f-861d-4ce4-9500-bb53eff77c24,40168,2022-10-18 10:59:36.628000+00:00,j7,0.4427998222306784,0.05460947332060736,-0.1972257904691044,0.8927864715047916,-0.44998664927411325,Normal
b0f4ef1f-861d-4ce4-9500-bb53eff77c24,40168,2022-10-18 10:59:36.628000+00:00,j8,0.1160546385764905,0.01965149223056104,0.032713632864647776,0.10569005583834547,0.010364582738145028,Normal
b0f4ef1f-861d-4ce4-9500-bb53eff77c24,40169,2022-10-18 10:59:38.628000+00:00,j1,0.550461624520784,0.02331545723595295,-0.08107021617157995,0.7209311589388786,-0.17046953441809465,Normal
b0f4ef1f-861d-4ce4-9500-bb53eff77c24,40169,2022-10-18 10:59:38.628000+00:00,j2,7.007943637346407,0.13551548873173086,0.49340573850943553,3.7030973129163915,3.3048463244300152,Normal
b0f4ef1f-861d-4ce4-9500-bb53eff77c24,40169,2022-10-18 10:59:38.628000+00:00,j3,2.8111377039419176,0.06716282625156414,0.019719213636088286,2.686712735612083,0.12442496832983485,Normal
b0f4ef1f-861d-4ce4-9500-bb53eff77c24,40169,2022-10-18 10:59:38.628000+00:00,j4,2.5114391787294497,0.16030838032780234,1.2008668450525315,0.6361286453264013,1.8753105334030482,Normal
b0f4ef1f-861d-4ce4-9500-bb53eff77c24,40169,2022-10-18 10:59:38.628000+00:00,j5,5.638318726681157,0.2717162516785485,2.23021060588363,0.9579480822735245,4.680370644407633,Normal
b0f4ef1f-861d-4ce4-9500-bb53eff77c24,40169,2022-10-18 10:59:38.628000+00:00,j6,0.3366946578703483,0.01608560995242312,-0.14471827098208023,0.6188276867809012,-0.28213302891055286,Normal
b0f4ef1f-861d-4ce4-9500-bb53eff77c24,40169,2022-10-18 10:59:38.628000+00:00,j7,8.11576739238308,1.000898737171835,3.343953064160665,0.8927875789420225,7.222979813441058,Normal
b0f4ef1f-861d-4ce4-9500-bb53eff77c24,40169,2022-10-18 10:59:38.628000+00:00,j8,0.0973447189591259,0.016483347945205923,-0.011510541461060658,0.10569022583812038,-0.008345506878994477,Normal
b0f4ef1f-861d-4ce4-9500-bb53eff77c24,40170,2022-10-18 10:59:40.628000+00:00,j1,0.2640168774658043,0.011182749063538703,-0.2135551758752212,0.7209309235931652,-0.4569140461273609,Normal
b0f4ef1f-861d-4ce4-9500-bb53eff77c24,40170,2022-10-18 10:59:40.628000+00:00,j2,11.278220062865463,0.21809158048850288,1.1140967276062168,3.7031017013232264,7.575118361542237,Normal
b0f4ef1f-861d-4ce4-9500-bb53eff77c24,40170,2022-10-18 10:59:40.628000+00:00,j3,3.356495111718792,0.08019233553962227,0.12640443649647673,2.6867115801748906,0.6697835315439011,Normal
b0f4ef1f-861d-4ce4-9500-bb53eff77c24,40170,2022-10-18 10:59:40.628000+00:00,j4,0.8411698240165947,0.053692947538129275,0.1402954027547915,0.6361294233332944,0.20504040068330032,Normal
b0f4ef1f-861d-4ce4-9500-bb53eff77c24,40170,2022-10-18 10:59:40.628000+00:00,j5,3.926604134680935,0.18922700347750807,1.4151702909120263,0.9579482498970822,2.968655884783853,Normal
b0f4ef1f-861d-4ce4-9500-bb53eff77c24,40170,2022-10-18 10:59:40.628000+00:00,j6,0.5602194838717244,0.0267645235665676,-0.021596321245959657,0.6188286356719955,-0.05860915180027115,Normal
b0f4ef1f-861d-4ce4-9500-bb53eff77c24,40170,2022-10-18 10:59:40.628000+00:00,j7,1.287769651354636,0.15881763923135236,0.19273927380842606,0.8927886863792533,0.3949809649753826,Normal
b0f4ef1f-861d-4ce4-9500-bb53eff77c24,40170,2022-10-18 10:59:40.628000+00:00,j8,0.0991553564303386,0.016789942568517315,-0.007230782445246718,0.1056903958378953,-0.006535039407556703,Normal
b0f4ef1f-861d-4ce4-9500-bb53eff77c24,40171,2022-10-18 10:59:42.628000+00:00,j1,10.005052601928432,0.4237759104220977,4.291818857670792,0.7209306882474519,9.28412191368098,Normal
b0f4ef1f-861d-4ce4-9500-bb53eff77c24,40171,2022-10-18 10:59:42.628000+00:00,j2,9.988390275566475,0.19314961133865502,0.9266180619018559,3.703106089730061,6.285284185836414,Normal
b0f4ef1f-861d-4ce4-9500-bb53eff77c24,40171,2022-10-18 10:59:42.628000+00:00,j3,4.402174026928789,0.10517537041503659,0.3309647606412446,2.6867104247376985,1.71546360219109,Normal
b0f4ef1f-861d-4ce4-9500-bb53eff77c24,40171,2022-10-18 10:59:42.628000+00:00,j4,1.0007515494389387,0.06387925352118488,0.24162505968586395,0.6361302013401873,0.36462134809875146,Normal
b0f4ef1f-861d-4ce4-9500-bb53eff77c24,40171,2022-10-18 10:59:42.628000+00:00,j5,4.554306809865114,0.2194766268736718,1.7140536377512903,0.9579484175206399,3.596358392344474,Normal
b0f4ef1f-861d-4ce4-9500-bb53eff77c24,40171,2022-10-18 10:59:42.628000+00:00,j6,0.0263983077575529,0.0012611809307516118,-0.31563571360053044,0.6188295845630899,-0.592431276805537,Normal
b0f4ef1f-861d-4ce4-9500-bb53eff77c24,40171,2022-10-18 10:59:42.628000+00:00,j7,7.90157626965492,0.974483043635172,3.2451009488976124,0.8927897938164842,7.008786475838436,Normal
b0f4ef1f-861d-4ce4-9500-bb53eff77c24,40171,2022-10-18 10:59:42.628000+00:00,j8,0.0978963644133241,0.01657675788116514,-0.010206630742502372,0.10569056583767023,-0.007794201424346128,Normal
b0f4ef1f-861d-4ce4-9500-bb53eff77c24,40172,2022-10-18 10:59:44.628000+00:00,j1,15.876087827187282,0.6724505947735545,7.00726004915399,0.7209304529017384,15.155157374285544,Normal
b0f4ef1f-861d-4ce4-9500-bb53eff77c24,40172,2022-10-18 10:59:44.628000+00:00,j2,37.89046767052789,0.7327035590414269,4.982226245165648,3.703110478136896,34.18735719239099,Normal
b0f4ef1f-861d-4ce4-9500-bb53eff77c24,40172,2022-10-18 10:59:44.628000+00:00,j3,10.191375704900624,0.24348917335953993,1.4634739415761298,2.6867092693005064,7.504666435600118,Normal
b0f4ef1f-861d-4ce4-9500-bb53eff77c24,40172,2022-10-18 10:59:44.628000+00:00,j4,1.1630667286830705,0.07424003936367046,0.34469037862501173,0.6361309793470802,0.5269357493359903,Normal
b0f4ef1f-861d-4ce4-9500-bb53eff77c24,40172,2022-10-18 10:59:44.628000+00:00,j5,10.37659299845953,0.5000584556160609,4.48636041785625,0.9579485851441976,9.418644413315333,Normal
b0f4ef1f-861d-4ce4-9500-bb53eff77c24,40172,2022-10-18 10:59:44.628000+00:00,j6,0.1767550053233393,0.008444482281820312,-0.23281623403153676,0.6188305334541843,-0.44207552813084494,Normal
b0f4ef1f-861d-4ce4-9500-bb53eff77c24,40172,2022-10-18 10:59:44.628000+00:00,j7,0.0472990665892968,0.005833283992720806,-0.37975476639171973,0.8927909012537151,-0.8454918346644182,Normal
b0f4ef1f-861d-4ce4-9500-bb53eff77c24,40172,2022-10-18 10:59:44.628000+00:00,j8,0.0980450727750701,0.01660193861716429,-0.009855132465222642,0.10569073583744515,-0.0076456630623750466,Normal
b0f4ef1f-861d-4ce4-9500-bb53eff77c24,40173,2022-10-18 10:59:46.628000+00:00,j1,0.2594923163439004,0.010991105892334816,-0.21564785274947035,0.720930217556025,-0.46143790121212463,Normal
b0f4ef1f-861d-4ce4-9500-bb53eff77c24,40173,2022-10-18 10:59:46.628000+00:00,j2,1.508780528565799,0.02917590969594819,-0.3059057460576737,3.703114866543731,-2.194334337977932,Normal
b0f4ef1f-861d-4ce4-9500-bb53eff77c24,40173,2022-10-18 10:59:46.628000+00:00,j3,6.345172825948176,0.15159689240684338,0.7110627604756213,2.686708113863314,3.658464712084862,Normal
b0f4ef1f-861d-4ce4-9500-bb53eff77c24,40173,2022-10-18 10:59:46.628000+00:00,j4,1.92188744388306,0.12267653778384559,0.8265189999155043,0.6361317573539732,1.285755686529087,Normal
b0f4ef1f-861d-4ce4-9500-bb53eff77c24,40173,2022-10-18 10:59:46.628000+00:00,j5,1.2315453738988154,0.05934941052273822,0.1319063919415646,0.9579487527677553,0.2735966211310601,Normal
b0f4ef1f-861d-4ce4-9500-bb53eff77c24,40173,2022-10-18 10:59:46.628000+00:00,j6,6.719627537653244,0.3210306581040963,3.3711289628675636,0.6188314823452786,6.100796055307965,Normal
b0f4ef1f-861d-4ce4-9500-bb53eff77c24,40173,2022-10-18 10:59:46.628000+00:00,j7,0.5184262670488101,0.06393630705740289,-0.16232315797492405,0.8927920086909459,-0.37436574164213576,Normal
b0f4ef1f-861d-4ce4-9500-bb53eff77c24,40173,2022-10-18 10:59:46.628000+00:00,j8,0.0793431788827793,0.013435153325089117,-0.05406033658304071,0.10569090583722006,-0.026347726954440764,Normal
b0f4ef1f-861d-4ce4-9500-bb53eff77c24,40174,2022-10-18 10:59:48.628000+00:00,j1,1.0767751921119593,0.045608094780953234,0.1623576438631965,0.7209299822103117,0.3558452099016476,Normal
b0f4ef1f-861d-4ce4-9500-bb53eff77c24,40174,2022-10-18 10:59:48.628000+00:00,j2,14.894039305454974,0.2880121644974598,1.6396613980022932,3.7031192549505656,11.19092005050441,Normal
b0f4ef1f-861d-4ce4-9500-bb53eff77c24,40174,2022-10-18 10:59:48.628000+00:00,j3,3.470006992903592,0.08290432604183512,0.14861013164026948,2.6867069584261225,0.7833000344774694,Normal
b0f4ef1f-861d-4ce4-9500-bb53eff77c24,40174,2022-10-18 10:59:48.628000+00:00,j4,1.446535405617424,0.09233420818045257,0.5246845709953698,0.6361325353608661,0.8104028702565579,Normal
b0f4ef1f-861d-4ce4-9500-bb53eff77c24,40174,2022-10-18 10:59:48.628000+00:00,j5,2.920337259990993,0.14073399046545731,0.9360319612361672,0.9579489203913131,1.9623883395996802,Normal
b0f4ef1f-861d-4ce4-9500-bb53eff77c24,40174,2022-10-18 10:59:48.628000+00:00,j6,1.0732644069154385,0.05127527931289127,0.26099909492034634,0.6188324312363731,0.45443197567906535,Normal
b0f4ef1f-861d-4ce4-9500-bb53eff77c24,40174,2022-10-18 10:59:48.628000+00:00,j7,7.770342623655903,0.9582983029687319,3.1845348370277486,0.8927931161281767,6.877549507527727,Normal
b0f4ef1f-861d-4ce4-9500-bb53eff77c24,40174,2022-10-18 10:59:48.628000+00:00,j8,0.0782637014917566,0.013252365787917414,-0.05661187059802078,0.10569107583699498,-0.027427374345238384,Normal
b0f4ef1f-861d-4ce4-9500-bb53eff77c24,40175,2022-10-18 10:59:50.628000+00:00,j1,0.2111463760184544,0.00894335605115164,-0.23800856985705957,0.7209297468645983,-0.5097833708461439,Normal
b0f4ef1f-861d-4ce4-9500-bb53eff77c24,40175,2022-10-18 10:59:50.628000+00:00,j2,10.910838115504577,0.21098736465512938,1.0606972186374237,3.703123643357401,7.207714472147176,Normal
b0f4ef1f-861d-4ce4-9500-bb53eff77c24,40175,2022-10-18 10:59:50.628000+00:00,j3,14.459845323827787,0.34547011971235814,2.298490805882401,2.6867058029889304,11.773139520838857,Normal
b0f4ef1f-861d-4ce4-9500-bb53eff77c24,40175,2022-10-18 10:59:50.628000+00:00,j4,3.050404332994362,0.194711216623859,1.5430937136675227,0.636133313367759,2.4142710196266033,Normal
b0f4ef1f-861d-4ce4-9500-bb53eff77c24,40175,2022-10-18 10:59:50.628000+00:00,j5,1.5037285765970845,0.07246619288146962,0.2615076025019921,0.9579490880148708,0.5457794885822137,Normal
b0f4ef1f-861d-4ce4-9500-bb53eff77c24,40175,2022-10-18 10:59:50.628000+00:00,j6,0.7090274901024562,0.03387383608481681,0.060370108126676085,0.6188333801274675,0.09019410997498878,Normal
b0f4ef1f-861d-4ce4-9500-bb53eff77c24,40175,2022-10-18 10:59:50.628000+00:00,j7,0.8154121573633295,0.1005628869237304,-0.025260131800256738,0.8927942235654075,-0.07738206620207799,Normal
b0f4ef1f-861d-4ce4-9500-bb53eff77c24,40175,2022-10-18 10:59:50.628000+00:00,j8,0.0776970059801188,0.013156407430882817,-0.05795135476517919,0.10569124583676989,-0.027994239856651087,Normal
b0f4ef1f-861d-4ce4-9500-bb53eff77c24,40176,2022-10-18 10:59:52.628000+00:00,j1,0.1825649544236808,0.007732755923457315,-0.25122790282506674,0.720929511518885,-0.5383645570952041,Normal
b0f4ef1f-861d-4ce4-9500-bb53eff77c24,40176,2022-10-18 10:59:52.628000+00:00,j2,11.073085748411732,0.21412481387087465,1.0842801518512877,3.7031280317642357,7.369957716647496,Normal
b0f4ef1f-861d-4ce4-9500-bb53eff77c24,40176,2022-10-18 10:59:52.628000+00:00,j3,7.174280151131659,0.17140566632322346,0.8732563944136974,2.686704647551738,4.4875755035799205,Normal
b0f4ef1f-861d-4ce4-9500-bb53eff77c24,40176,2022-10-18 10:59:52.628000+00:00,j4,0.7648211451983598,0.048819513554467855,0.09181625884706957,0.636134091374652,0.1286870538237077,Normal
b0f4ef1f-861d-4ce4-9500-bb53eff77c24,40176,2022-10-18 10:59:52.628000+00:00,j5,0.2582603026442545,0.012445823798465911,-0.33152750921219387,0.9579492556384285,-0.699688952994174,Normal
b0f4ef1f-861d-4ce4-9500-bb53eff77c24,40176,2022-10-18 10:59:52.628000+00:00,j6,0.0,0.0,-0.3301764300792632,0.6188343290185618,-0.6188343290185618,Normal
b0f4ef1f-861d-4ce4-9500-bb53eff77c24,40176,2022-10-18 10:59:52.628000+00:00,j7,0.9486175980193748,0.11699080444415906,0.03621599011217554,0.8927953310026384,0.05582226701673643,Normal
b0f4ef1f-861d-4ce4-9500-bb53eff77c24,40176,2022-10-18 10:59:52.628000+00:00,j8,0.0999473751289914,0.016924054823692504,-0.005358707432912903,0.10569141583654482,-0.0057440407075534106,Normal
b0f4ef1f-861d-4ce4-9500-bb53eff77c24,40177,2022-10-18 10:59:54.628000+00:00,j1,0.8191040101415028,0.03469412520242035,0.04318088635193643,0.7209292761731715,0.09817473396833132,Normal
b0f4ef1f-861d-4ce4-9500-bb53eff77c24,40177,2022-10-18 10:59:54.628000+00:00,j2,9.494899578001812,0.1836067787295787,0.8548884597264559,3.7031324201710705,5.7917671578307415,Normal
b0f4ef1f-861d-4ce4-9500-bb53eff77c24,40177,2022-10-18 10:59:54.628000+00:00,j3,0.4843886490321443,0.011572862698101384,-0.4354497048079558,2.686703492114546,-2.2023148430824016,Normal
b0f4ef1f-861d-4ce4-9500-bb53eff77c24,40177,2022-10-18 10:59:54.628000+00:00,j4,3.286726656518973,0.2097959733005862,1.6931513716137994,0.636134869381545,2.6505917871374285,Normal
b0f4ef1f-861d-4ce4-9500-bb53eff77c24,40177,2022-10-18 10:59:54.628000+00:00,j5,1.814550290415973,0.08744500396207044,0.4095067074432717,0.9579494232619862,0.8566008671539868,Normal
b0f4ef1f-861d-4ce4-9500-bb53eff77c24,40177,2022-10-18 10:59:54.628000+00:00,j6,0.1840170518214302,0.008791427042285244,-0.22881615341447897,0.6188352779096562,-0.434818226088226,Normal
b0f4ef1f-861d-4ce4-9500-bb53eff77c24,40177,2022-10-18 10:59:54.628000+00:00,j7,7.490385985093737,0.9237719011570278,3.0553310420650286,0.8927964384398692,6.597589546653868,Normal
b0f4ef1f-861d-4ce4-9500-bb53eff77c24,40177,2022-10-18 10:59:54.628000+00:00,j8,0.0742184594547006,0.012567386338263185,-0.06617350916702963,0.10569158583631974,-0.03147312638161914,Normal
b0f4ef1f-861d-4ce4-9500-bb53eff77c24,40178,2022-10-18 10:59:56.628000+00:00,j1,3.6425104302315945,0.15428286438952424,1.3490483865886982,0.7209290408274581,2.9215813894041363,Normal
b0f4ef1f-861d-4ce4-9500-bb53eff77c24,40178,2022-10-18 10:59:56.628000+00:00,j2,49.46821249886871,0.9565871731251114,6.665068565645994,3.7031368085779053,45.76507569029081,Normal
b0f4ef1f-861d-4ce4-9500-bb53eff77c24,40178,2022-10-18 10:59:56.628000+00:00,j3,0.6357588121137833,0.015189351477170137,-0.40583800548473853,2.686702336677354,-2.0509435245635705,Normal
b0f4ef1f-861d-4ce4-9500-bb53eff77c24,40178,2022-10-18 10:59:56.628000+00:00,j4,0.6489233634568237,0.041421609662576596,0.018224608977003506,0.6361356473884379,0.012787716068385802,Normal
b0f4ef1f-861d-4ce4-9500-bb53eff77c24,40178,2022-10-18 10:59:56.628000+00:00,j5,0.8374380862854959,0.040356983854350194,-0.05574949960143547,0.9579495908855439,-0.120511504600048,Normal
b0f4ef1f-861d-4ce4-9500-bb53eff77c24,40178,2022-10-18 10:59:56.628000+00:00,j6,5.702631392361215,0.2724435987793095,2.8109471230136642,0.6188362268007506,5.083795165560464,Normal
b0f4ef1f-861d-4ce4-9500-bb53eff77c24,40178,2022-10-18 10:59:56.628000+00:00,j7,0.5916302112717374,0.07296437942397803,-0.12853854244153945,0.8927975458771,-0.3011673346053626,Normal
b0f4ef1f-861d-4ce4-9500-bb53eff77c24,40178,2022-10-18 10:59:56.628000+00:00,j8,0.0578638393134371,0.009798064107097132,-0.10483052036480707,0.10569175583609466,-0.04782791652265756,Normal
b0f4ef1f-861d-4ce4-9500-bb53eff77c24,40179,2022-10-18 10:59:58.628000+00:00,j1,5.144738766239435,0.21791153343129338,2.043851355076952,0.7209288054817448,4.42380996075769,Normal
b0f4ef1f-861d-4ce4-9500-bb53eff77c24,40179,2022-10-18 10:59:58.628000+00:00,j2,1.6462685764152525,0.03183457263093511,-0.2859216551218533,3.70314119698474,-2.0568726205694876,Normal
b0f4ef1f-861d-4ce4-9500-bb53eff77c24,40179,2022-10-18 10:59:58.628000+00:00,j3,1.88462902655426,0.04502696957236411,-0.1615285026682019,2.6867011812401618,-0.8020721546859018,Normal
b0f4ef1f-861d-4ce4-9500-bb53eff77c24,40179,2022-10-18 10:59:58.628000+00:00,j4,1.426732733004043,0.09107017821719506,0.5121104619178946,0.6361364253953309,0.790596307608712,Normal
b0f4ef1f-861d-4ce4-9500-bb53eff77c24,40179,2022-10-18 10:59:58.628000+00:00,j5,1.7750441007553457,0.0855411609384594,0.39069566416841167,0.9579497585091017,0.817094342246244,Normal
b0f4ef1f-861d-4ce4-9500-bb53eff77c24,40179,2022-10-18 10:59:58.628000+00:00,j6,0.9656068312254668,0.046131931384753966,0.20169914663302863,0.6188371756918449,0.3467696555336218,Normal
b0f4ef1f-861d-4ce4-9500-bb53eff77c24,40179,2022-10-18 10:59:58.628000+00:00,j7,0.5965993762589993,0.07357721499701537,-0.12624520523958008,0.892798653314331,-0.29619927705533167,Normal
b0f4ef1f-861d-4ce4-9500-bb53eff77c24,40179,2022-10-18 10:59:58.628000+00:00,j8,1.2600316261630424,0.2133607240134926,2.736703749245093,0.10569192583586957,1.154339700327173,Normal
b0f4ef1f-861d-4ce4-9500-bb53eff77c24,40180,2022-10-18 11:00:00.628000+00:00,j1,0.0259358021541189,0.0010985417676135632,-0.3236712174265577,0.7209285701360314,-0.6949927679819125,Normal
b0f4ef1f-861d-4ce4-9500-bb53eff77c24,40180,2022-10-18 11:00:00.628000+00:00,j2,3.643128674424125,0.07044867772568306,0.004324911099060173,3.703145585391575,-0.06001691096744999,Normal
b0f4ef1f-861d-4ce4-9500-bb53eff77c24,40180,2022-10-18 11:00:00.628000+00:00,j3,8.280097138247353,0.19782550127742535,1.0895811935837652,2.68670002580297,5.593397112444382,Normal
b0f4ef1f-861d-4ce4-9500-bb53eff77c24,40180,2022-10-18 11:00:00.628000+00:00,j4,0.0807854202840662,0.0051566368755906755,-0.34252611432079094,0.6361372034022238,-0.5553517831181576,Normal
b0f4ef1f-861d-4ce4-9500-bb53eff77c24,40180,2022-10-18 11:00:00.628000+00:00,j5,0.8158773811761545,0.03931795178471316,-0.0660157227004585,0.9579499261326594,-0.1420725449565049,Normal
b0f4ef1f-861d-4ce4-9500-bb53eff77c24,40180,2022-10-18 11:00:00.628000+00:00,j6,1.322126082475274,0.06316466262084819,0.3980770887058608,0.6188381245829393,0.7032879578923348,Normal
b0f4ef1f-861d-4ce4-9500-bb53eff77c24,40180,2022-10-18 11:00:00.628000+00:00,j7,0.151989895087681,0.018744560643632467,-0.3314385256722524,0.8927997607515618,-0.7408098656638807,Normal
b0f4ef1f-861d-4ce4-9500-bb53eff77c24,40180,2022-10-18 11:00:00.628000+00:00,j8,1.2451416608856158,0.21083941128914324,2.7015087065298102,0.1056920958356445,1.1394495650499714,Normal
b0f4ef1f-861d-4ce4-9500-bb53eff77c24,40181,2022-10-18 11:00:02.628000+00:00,j1,9.110601572273945,0.3858903725342956,3.878121941113582,0.720928334790318,8.389673237483626,Normal
b0f4ef1f-861d-4ce4-9500-bb53eff77c24,40181,2022-10-18 11:00:02.628000+00:00,j2,2.6220148370664744,0.05070297943227438,-0.14409549417081444,3.7031499737984097,-1.0811351367319353,Normal
b0f4ef1f-861d-4ce4-9500-bb53eff77c24,40181,2022-10-18 11:00:02.628000+00:00,j3,5.576988133372208,0.13324366304911958,0.5607870807897288,2.686698870365778,2.8902892630064296,Normal
b0f4ef1f-861d-4ce4-9500-bb53eff77c24,40181,2022-10-18 11:00:02.628000+00:00,j4,0.2732588964731202,0.0174424654496033,-0.22031117235954176,0.6361379814091167,-0.3628790849359965,Normal
b0f4ef1f-861d-4ce4-9500-bb53eff77c24,40181,2022-10-18 11:00:02.628000+00:00,j5,0.7673488492468716,0.036979313010553426,-0.0891227933146857,0.9579500937562171,-0.19060124450934546,Normal
b0f4ef1f-861d-4ce4-9500-bb53eff77c24,40181,2022-10-18 11:00:02.628000+00:00,j6,0.8557539866188362,0.040883704336296164,0.1411900002711647,0.6188390734740337,0.2369149131448025,Normal
b0f4ef1f-861d-4ce4-9500-bb53eff77c24,40181,2022-10-18 11:00:02.628000+00:00,j7,0.8263838863186966,0.10191600476522068,-0.020196529716675463,0.8928008681887926,-0.06641698187009593,Normal
b0f4ef1f-861d-4ce4-9500-bb53eff77c24,40181,2022-10-18 11:00:02.628000+00:00,j8,0.1398319317884527,0.0236776931523853,0.08891543284583954,0.10569226583541942,0.03413966595303329,Normal
b0f4ef1f-861d-4ce4-9500-bb53eff77c24,40182,2022-10-18 11:00:04.628000+00:00,j1,0.2585929983297187,0.010953014207524946,-0.21606380071882428,0.7209280994446046,-0.46233510111488585,Normal
b0f4ef1f-861d-4ce4-9500-bb53eff77c24,40182,2022-10-18 11:00:04.628000+00:00,j2,4.112838388584465,0.07953164767670604,0.07259791219292036,3.7031543622052445,0.4096840263792205,Normal
b0f4ef1f-861d-4ce4-9500-bb53eff77c24,40182,2022-10-18 11:00:04.628000+00:00,j3,6.739271475651586,0.16101257456958135,0.7881580775521401,2.686697714928586,4.052573760723,Normal
b0f4ef1f-861d-4ce4-9500-bb53eff77c24,40182,2022-10-18 11:00:04.628000+00:00,j4,0.7659472551429669,0.04889139459495649,0.09253130522253467,0.6361387594160097,0.12980849572695718,Normal
b0f4ef1f-861d-4ce4-9500-bb53eff77c24,40182,2022-10-18 11:00:04.628000+00:00,j5,0.0,0.0,-0.4544992706235773,0.9579502613797748,-0.9579502613797748,Normal
b0f4ef1f-861d-4ce4-9500-bb53eff77c24,40182,2022-10-18 11:00:04.628000+00:00,j6,0.0,0.0,-0.3301764300792632,0.6188400223651281,-0.6188400223651281,Normal
b0f4ef1f-861d-4ce4-9500-bb53eff77c24,40182,2022-10-18 11:00:04.628000+00:00,j7,0.0,0.0,-0.40158392869670473,0.8928019756260235,-0.8928019756260235,Normal
b0f4ef1f-861d-4ce4-9500-bb53eff77c24,40182,2022-10-18 11:00:04.628000+00:00,j8,0.0,0.0,-0.24160184644668103,0.10569243583519433,-0.10569243583519433,Normal
